STARTFONT 2.1
COMMENT Generated by Departure Mono BDF Generator v1.500.0
CONTENTVERSION 1
FONT -bleep-departure-medium-r-normal--14-140-75-75-c-70-iso10646-1
SIZE 14 75 75
FONTBOUNDINGBOX 7 14 0 -3
METRICSSET 0
CHARS 1042
STARTCHAR U+0041
ENCODING 65
SWIDTH 500 0
DWIDTH 7 0
BBX 7 14 0 0
BITMAP
0000000
0000000
0000000
0000000
0000000
0000000
0000000
0000000
0000000
0000000
0000000
0000000
0000000
0000000
ENDCHAR
STARTCHAR U+0042
ENCODING 66
SWIDTH 500 0
DWIDTH 7 0
BBX 7 14 0 0
BITMAP
0000000
0000000
0000000
0000000
0000000
0000000
0000000
0000000
0000000
0000000
0000000
0000000
0000000
0000000
ENDCHAR
STARTCHAR U+0043
ENCODING 67
SWIDTH 500 0
DWIDTH 7 0
BBX 7 14 0 0
BITMAP
0000000
0000000
0000000
0000000
0000000
0000000
0000000
0000000
0000000
0000000
0000000
0000000
0000000
0000000
ENDCHAR
STARTCHAR U+0044
ENCODING 68
SWIDTH 500 0
DWIDTH 7 0
BBX 7 14 0 0
BITMAP
0000000
0000000
0000000
0000000
0000000
0000000
0000000
0000000
0000000
0000000
0000000
0000000
0000000
0000000
ENDCHAR
STARTCHAR U+0045
ENCODING 69
SWIDTH 500 0
DWIDTH 7 0
BBX 7 14 0 0
BITMAP
0000000
0000000
0000000
0000000
0000000
0000000
0000000
0000000
0000000
0000000
0000000
0000000
0000000
0000000
ENDCHAR
STARTCHAR U+0046
ENCODING 70
SWIDTH 500 0
DWIDTH 7 0
BBX 7 14 0 0
BITMAP
0000000
0000000
0000000
0000000
0000000
0000000
0000000
0000000
0000000
0000000
0000000
0000000
0000000
0000000
ENDCHAR
STARTCHAR U+0047
ENCODING 71
SWIDTH 500 0
DWIDTH 7 0
BBX 7 14 0 0
BITMAP
0000000
0000000
0000000
0000000
0000000
0000000
0000000
0000000
0000000
0000000
0000000
0000000
0000000
0000000
ENDCHAR
STARTCHAR U+0048
ENCODING 72
SWIDTH 500 0
DWIDTH 7 0
BBX 7 14 0 0
BITMAP
0000000
0000000
0000000
0000000
0000000
0000000
0000000
0000000
0000000
0000000
0000000
0000000
0000000
0000000
ENDCHAR
STARTCHAR U+0049
ENCODING 73
SWIDTH 500 0
DWIDTH 7 0
BBX 7 14 0 0
BITMAP
0000000
0000000
0000000
0000000
0000000
0000000
0000000
0000000
0000000
0000000
0000000
0000000
0000000
0000000
ENDCHAR
STARTCHAR U+004A
ENCODING 74
SWIDTH 500 0
DWIDTH 7 0
BBX 7 14 0 0
BITMAP
0000000
0000000
0000000
0000000
0000000
0000000
0000000
0000000
0000000
0000000
0000000
0000000
0000000
0000000
ENDCHAR
STARTCHAR U+004B
ENCODING 75
SWIDTH 500 0
DWIDTH 7 0
BBX 7 14 0 0
BITMAP
0000000
0000000
0000000
0000000
0000000
0000000
0000000
0000000
0000000
0000000
0000000
0000000
0000000
0000000
ENDCHAR
STARTCHAR U+004C
ENCODING 76
SWIDTH 500 0
DWIDTH 7 0
BBX 7 14 0 0
BITMAP
0000000
0000000
0000000
0000000
0000000
0000000
0000000
0000000
0000000
0000000
0000000
0000000
0000000
0000000
ENDCHAR
STARTCHAR U+004D
ENCODING 77
SWIDTH 500 0
DWIDTH 7 0
BBX 7 14 0 0
BITMAP
0000000
0000000
0000000
0000000
0000000
0000000
0000000
0000000
0000000
0000000
0000000
0000000
0000000
0000000
ENDCHAR
STARTCHAR U+004E
ENCODING 78
SWIDTH 500 0
DWIDTH 7 0
BBX 7 14 0 0
BITMAP
0000000
0000000
0000000
0000000
0000000
0000000
0000000
0000000
0000000
0000000
0000000
0000000
0000000
0000000
ENDCHAR
STARTCHAR U+004F
ENCODING 79
SWIDTH 500 0
DWIDTH 7 0
BBX 7 14 0 0
BITMAP
0000000
0000000
0000000
0000000
0000000
0000000
0000000
0000000
0000000
0000000
0000000
0000000
0000000
0000000
ENDCHAR
STARTCHAR U+0050
ENCODING 80
SWIDTH 500 0
DWIDTH 7 0
BBX 7 14 0 0
BITMAP
0000000
0000000
0000000
0000000
0000000
0000000
0000000
0000000
0000000
0000000
0000000
0000000
0000000
0000000
ENDCHAR
STARTCHAR U+0051
ENCODING 81
SWIDTH 500 0
DWIDTH 7 0
BBX 7 14 0 0
BITMAP
0000006
0000000
0000000
0000000
0000000
0000000
0000000
0000000
0000000
0000000
0000000
0000000
0000000
0000000
ENDCHAR
STARTCHAR U+0052
ENCODING 82
SWIDTH 500 0
DWIDTH 7 0
BBX 7 14 0 0
BITMAP
0000000
0000000
0000000
0000000
0000000
0000000
0000000
0000000
0000000
0000000
0000000
0000000
0000000
0000000
ENDCHAR
STARTCHAR U+0053
ENCODING 83
SWIDTH 500 0
DWIDTH 7 0
BBX 7 14 0 0
BITMAP
0000000
0000000
0000000
0000000
0000000
0000000
0000000
0000000
0000000
0000000
0000000
0000000
0000000
0000000
ENDCHAR
STARTCHAR U+0054
ENCODING 84
SWIDTH 500 0
DWIDTH 7 0
BBX 7 14 0 0
BITMAP
0000000
0000000
0000000
0000000
0000000
0000000
0000000
0000000
0000000
0000000
0000000
0000000
0000000
0000000
ENDCHAR
STARTCHAR U+0055
ENCODING 85
SWIDTH 500 0
DWIDTH 7 0
BBX 7 14 0 0
BITMAP
0000000
0000000
0000000
0000000
0000000
0000000
0000000
0000000
0000000
0000000
0000000
0000000
0000000
0000000
ENDCHAR
STARTCHAR U+0056
ENCODING 86
SWIDTH 500 0
DWIDTH 7 0
BBX 7 14 0 0
BITMAP
0000000
0000000
0000000
0000000
0000000
0000000
0000000
0000000
0000000
0000000
0000000
0000000
0000000
0000000
ENDCHAR
STARTCHAR U+0057
ENCODING 87
SWIDTH 500 0
DWIDTH 7 0
BBX 7 14 0 0
BITMAP
0000000
0000000
0000000
0000000
0000000
0000000
0000000
0000000
0000000
0000000
0000000
0000000
0000000
0000000
ENDCHAR
STARTCHAR U+0058
ENCODING 88
SWIDTH 500 0
DWIDTH 7 0
BBX 7 14 0 0
BITMAP
0000000
0000000
0000000
0000000
0000000
0000000
0000000
0000000
0000000
0000000
0000000
0000000
0000000
0000000
ENDCHAR
STARTCHAR U+0059
ENCODING 89
SWIDTH 500 0
DWIDTH 7 0
BBX 7 14 0 0
BITMAP
0000000
0000000
0000000
0000000
0000000
0000000
0000000
0000000
0000000
0000000
0000000
0000000
0000000
0000000
ENDCHAR
STARTCHAR U+005A
ENCODING 90
SWIDTH 500 0
DWIDTH 7 0
BBX 7 14 0 0
BITMAP
0000000
0000000
0000000
0000000
0000000
0000000
0000000
0000000
0000000
0000000
0000000
0000000
0000000
0000000
ENDCHAR
STARTCHAR U+0061
ENCODING 97
SWIDTH 500 0
DWIDTH 7 0
BBX 7 14 0 0
BITMAP
0000000
0000000
0000000
0000000
0000000
0000000
0000000
0000000
0000000
0000000
0000000
0000000
0000000
0000000
ENDCHAR
STARTCHAR U+0062
ENCODING 98
SWIDTH 500 0
DWIDTH 7 0
BBX 7 14 0 0
BITMAP
0000000
0000000
0000000
0000000
0000000
0000000
0000000
0000000
0000000
0000000
0000000
0000000
0000000
0000000
ENDCHAR
STARTCHAR U+0063
ENCODING 99
SWIDTH 500 0
DWIDTH 7 0
BBX 7 14 0 0
BITMAP
0000000
0000000
0000000
0000000
0000000
0000000
0000000
0000000
0000000
0000000
0000000
0000000
0000000
0000000
ENDCHAR
STARTCHAR U+0064
ENCODING 100
SWIDTH 500 0
DWIDTH 7 0
BBX 7 14 0 0
BITMAP
0000000
0000000
0000000
0000000
0000000
0000000
0000000
0000000
0000000
0000000
0000000
0000000
0000000
0000000
ENDCHAR
STARTCHAR U+0065
ENCODING 101
SWIDTH 500 0
DWIDTH 7 0
BBX 7 14 0 0
BITMAP
0000000
0000000
0000000
0000000
0000000
0000000
0000000
0000000
0000000
0000000
0000000
0000000
0000000
0000000
ENDCHAR
STARTCHAR U+0066
ENCODING 102
SWIDTH 500 0
DWIDTH 7 0
BBX 7 14 0 0
BITMAP
0000000
0000000
0000000
0000000
0000000
0000000
0000000
0000000
0000000
0000000
0000000
0000000
0000000
0000000
ENDCHAR
STARTCHAR U+0067
ENCODING 103
SWIDTH 500 0
DWIDTH 7 0
BBX 7 14 0 0
BITMAP
0000002
000001C
0000000
0000000
0000000
0000000
0000000
0000000
0000000
0000000
0000000
0000000
0000000
0000000
ENDCHAR
STARTCHAR U+0068
ENCODING 104
SWIDTH 500 0
DWIDTH 7 0
BBX 7 14 0 0
BITMAP
0000000
0000000
0000000
0000000
0000000
0000000
0000000
0000000
0000000
0000000
0000000
0000000
0000000
0000000
ENDCHAR
STARTCHAR U+0069
ENCODING 105
SWIDTH 500 0
DWIDTH 7 0
BBX 7 14 0 0
BITMAP
0000000
0000000
0000000
0000000
0000000
0000000
0000000
0000000
0000000
0000000
0000000
0000000
0000000
0000000
ENDCHAR
STARTCHAR U+006A
ENCODING 106
SWIDTH 500 0
DWIDTH 7 0
BBX 7 14 0 0
BITMAP
0000024
0000018
0000000
0000000
0000000
0000000
0000000
0000000
0000000
0000000
0000000
0000000
0000000
0000000
ENDCHAR
STARTCHAR U+006B
ENCODING 107
SWIDTH 500 0
DWIDTH 7 0
BBX 7 14 0 0
BITMAP
0000000
0000000
0000000
0000000
0000000
0000000
0000000
0000000
0000000
0000000
0000000
0000000
0000000
0000000
ENDCHAR
STARTCHAR U+006C
ENCODING 108
SWIDTH 500 0
DWIDTH 7 0
BBX 7 14 0 0
BITMAP
0000000
0000000
0000000
0000000
0000000
0000000
0000000
0000000
0000000
0000000
0000000
0000000
0000000
0000000
ENDCHAR
STARTCHAR U+006D
ENCODING 109
SWIDTH 500 0
DWIDTH 7 0
BBX 7 14 0 0
BITMAP
0000000
0000000
0000000
0000000
0000000
0000000
0000000
0000000
0000000
0000000
0000000
0000000
0000000
0000000
ENDCHAR
STARTCHAR U+006E
ENCODING 110
SWIDTH 500 0
DWIDTH 7 0
BBX 7 14 0 0
BITMAP
0000000
0000000
0000000
0000000
0000000
0000000
0000000
0000000
0000000
0000000
0000000
0000000
0000000
0000000
ENDCHAR
STARTCHAR U+006F
ENCODING 111
SWIDTH 500 0
DWIDTH 7 0
BBX 7 14 0 0
BITMAP
0000000
0000000
0000000
0000000
0000000
0000000
0000000
0000000
0000000
0000000
0000000
0000000
0000000
0000000
ENDCHAR
STARTCHAR U+0070
ENCODING 112
SWIDTH 500 0
DWIDTH 7 0
BBX 7 14 0 0
BITMAP
0000020
0000020
0000000
0000000
0000000
0000000
0000000
0000000
0000000
0000000
0000000
0000000
0000000
0000000
ENDCHAR
STARTCHAR U+0071
ENCODING 113
SWIDTH 500 0
DWIDTH 7 0
BBX 7 14 0 0
BITMAP
0000002
0000002
0000000
0000000
0000000
0000000
0000000
0000000
0000000
0000000
0000000
0000000
0000000
0000000
ENDCHAR
STARTCHAR U+0072
ENCODING 114
SWIDTH 500 0
DWIDTH 7 0
BBX 7 14 0 0
BITMAP
0000000
0000000
0000000
0000000
0000000
0000000
0000000
0000000
0000000
0000000
0000000
0000000
0000000
0000000
ENDCHAR
STARTCHAR U+0073
ENCODING 115
SWIDTH 500 0
DWIDTH 7 0
BBX 7 14 0 0
BITMAP
0000000
0000000
0000000
0000000
0000000
0000000
0000000
0000000
0000000
0000000
0000000
0000000
0000000
0000000
ENDCHAR
STARTCHAR U+0074
ENCODING 116
SWIDTH 500 0
DWIDTH 7 0
BBX 7 14 0 0
BITMAP
0000000
0000000
0000000
0000000
0000000
0000000
0000000
0000000
0000000
0000000
0000000
0000000
0000000
0000000
ENDCHAR
STARTCHAR U+0075
ENCODING 117
SWIDTH 500 0
DWIDTH 7 0
BBX 7 14 0 0
BITMAP
0000000
0000000
0000000
0000000
0000000
0000000
0000000
0000000
0000000
0000000
0000000
0000000
0000000
0000000
ENDCHAR
STARTCHAR U+0076
ENCODING 118
SWIDTH 500 0
DWIDTH 7 0
BBX 7 14 0 0
BITMAP
0000000
0000000
0000000
0000000
0000000
0000000
0000000
0000000
0000000
0000000
0000000
0000000
0000000
0000000
ENDCHAR
STARTCHAR U+0077
ENCODING 119
SWIDTH 500 0
DWIDTH 7 0
BBX 7 14 0 0
BITMAP
0000000
0000000
0000000
0000000
0000000
0000000
0000000
0000000
0000000
0000000
0000000
0000000
0000000
0000000
ENDCHAR
STARTCHAR U+0078
ENCODING 120
SWIDTH 500 0
DWIDTH 7 0
BBX 7 14 0 0
BITMAP
0000000
0000000
0000000
0000000
0000000
0000000
0000000
0000000
0000000
0000000
0000000
0000000
0000000
0000000
ENDCHAR
STARTCHAR U+0079
ENCODING 121
SWIDTH 500 0
DWIDTH 7 0
BBX 7 14 0 0
BITMAP
0000008
0000030
0000000
0000000
0000000
0000000
0000000
0000000
0000000
0000000
0000000
0000000
0000000
0000000
ENDCHAR
STARTCHAR U+007A
ENCODING 122
SWIDTH 500 0
DWIDTH 7 0
BBX 7 14 0 0
BITMAP
0000000
0000000
0000000
0000000
0000000
0000000
0000000
0000000
0000000
0000000
0000000
0000000
0000000
0000000
ENDCHAR
STARTCHAR U+00C1
ENCODING 193
SWIDTH 500 0
DWIDTH 7 0
BBX 7 14 0 0
BITMAP
0000000
0000000
0000000
0000000
0000000
0000000
0000000
0000000
0000000
0000000
0000000
0000000
0000000
0000000
ENDCHAR
STARTCHAR U+0102
ENCODING 258
SWIDTH 500 0
DWIDTH 7 0
BBX 7 14 0 0
BITMAP
0000000
0000000
0000000
0000000
0000000
0000000
0000000
0000000
0000000
0000000
0000000
0000000
0000000
0000000
ENDCHAR
STARTCHAR U+01CD
ENCODING 461
SWIDTH 500 0
DWIDTH 7 0
BBX 7 14 0 0
BITMAP
0000000
0000000
0000000
0000000
0000000
0000000
0000000
0000000
0000000
0000000
0000000
0000000
0000000
0000000
ENDCHAR
STARTCHAR U+00C2
ENCODING 194
SWIDTH 500 0
DWIDTH 7 0
BBX 7 14 0 0
BITMAP
0000000
0000000
0000000
0000000
0000000
0000000
0000000
0000000
0000000
0000000
0000000
0000000
0000000
0000000
ENDCHAR
STARTCHAR U+00C4
ENCODING 196
SWIDTH 500 0
DWIDTH 7 0
BBX 7 14 0 0
BITMAP
0000000
0000000
0000000
0000000
0000000
0000000
0000000
0000000
0000000
0000000
0000000
0000000
0000000
0000000
ENDCHAR
STARTCHAR U+1EA0
ENCODING 7840
SWIDTH 500 0
DWIDTH 7 0
BBX 7 14 0 0
BITMAP
0000000
0000008
0000000
0000000
0000000
0000000
0000000
0000000
0000000
0000000
0000000
0000000
0000000
0000000
ENDCHAR
STARTCHAR U+00C0
ENCODING 192
SWIDTH 500 0
DWIDTH 7 0
BBX 7 14 0 0
BITMAP
0000000
0000000
0000000
0000000
0000000
0000000
0000000
0000000
0000000
0000000
0000000
0000000
0000000
0000000
ENDCHAR
STARTCHAR U+0100
ENCODING 256
SWIDTH 500 0
DWIDTH 7 0
BBX 7 14 0 0
BITMAP
0000000
0000000
0000000
0000000
0000000
0000000
0000000
0000000
0000000
0000000
0000000
0000000
0000000
0000000
ENDCHAR
STARTCHAR U+0104
ENCODING 260
SWIDTH 500 0
DWIDTH 7 0
BBX 7 14 0 0
BITMAP
0000002
0000004
0000002
0000000
0000000
0000000
0000000
0000000
0000000
0000000
0000000
0000000
0000000
0000000
ENDCHAR
STARTCHAR U+00C5
ENCODING 197
SWIDTH 500 0
DWIDTH 7 0
BBX 7 14 0 0
BITMAP
0000000
0000000
0000000
0000000
0000000
0000000
0000000
0000000
0000000
0000000
0000000
0000000
0000000
0000000
ENDCHAR
STARTCHAR U+01FA
ENCODING 506
SWIDTH 500 0
DWIDTH 7 0
BBX 7 14 0 0
BITMAP
0000000
0000000
0000000
0000000
0000000
0000000
0000000
0000000
0000000
0000000
0000000
0000000
0000000
0000000
ENDCHAR
STARTCHAR U+00C3
ENCODING 195
SWIDTH 500 0
DWIDTH 7 0
BBX 7 14 0 0
BITMAP
0000000
0000000
0000000
0000000
0000000
0000000
0000000
0000000
0000000
0000000
0000000
0000000
0000000
0000000
ENDCHAR
STARTCHAR U+00C6
ENCODING 198
SWIDTH 500 0
DWIDTH 7 0
BBX 7 14 0 0
BITMAP
0000000
0000000
0000000
0000000
0000000
0000000
0000000
0000000
0000000
0000000
0000000
0000000
0000000
0000000
ENDCHAR
STARTCHAR U+01FC
ENCODING 508
SWIDTH 500 0
DWIDTH 7 0
BBX 7 14 0 0
BITMAP
0000000
0000000
0000000
0000000
0000000
0000000
0000000
0000000
0000000
0000000
0000000
0000000
0000000
0000000
ENDCHAR
STARTCHAR U+1E02
ENCODING 7682
SWIDTH 500 0
DWIDTH 7 0
BBX 7 14 0 0
BITMAP
0000000
0000000
0000000
0000000
0000000
0000000
0000000
0000000
0000000
0000000
0000000
0000000
0000000
0000000
ENDCHAR
STARTCHAR U+0181
ENCODING 385
SWIDTH 500 0
DWIDTH 7 0
BBX 7 14 0 0
BITMAP
0000000
0000000
0000000
0000000
0000000
0000000
0000000
0000000
0000000
0000000
0000000
0000000
0000000
0000000
ENDCHAR
STARTCHAR U+0106
ENCODING 262
SWIDTH 500 0
DWIDTH 7 0
BBX 7 14 0 0
BITMAP
0000000
0000000
0000000
0000000
0000000
0000000
0000000
0000000
0000000
0000000
0000000
0000000
0000000
0000000
ENDCHAR
STARTCHAR U+010C
ENCODING 268
SWIDTH 500 0
DWIDTH 7 0
BBX 7 14 0 0
BITMAP
0000000
0000000
0000000
0000000
0000000
0000000
0000000
0000000
0000000
0000000
0000000
0000000
0000000
0000000
ENDCHAR
STARTCHAR U+00C7
ENCODING 199
SWIDTH 500 0
DWIDTH 7 0
BBX 7 14 0 0
BITMAP
0000008
0000004
0000008
0000000
0000000
0000000
0000000
0000000
0000000
0000000
0000000
0000000
0000000
0000000
ENDCHAR
STARTCHAR U+0108
ENCODING 264
SWIDTH 500 0
DWIDTH 7 0
BBX 7 14 0 0
BITMAP
0000000
0000000
0000000
0000000
0000000
0000000
0000000
0000000
0000000
0000000
0000000
0000000
0000000
0000000
ENDCHAR
STARTCHAR U+010A
ENCODING 266
SWIDTH 500 0
DWIDTH 7 0
BBX 7 14 0 0
BITMAP
0000000
0000000
0000000
0000000
0000000
0000000
0000000
0000000
0000000
0000000
0000000
0000000
0000000
0000000
ENDCHAR
STARTCHAR U+010E
ENCODING 270
SWIDTH 500 0
DWIDTH 7 0
BBX 7 14 0 0
BITMAP
0000000
0000000
0000000
0000000
0000000
0000000
0000000
0000000
0000000
0000000
0000000
0000000
0000000
0000000
ENDCHAR
STARTCHAR U+1E10
ENCODING 7696
SWIDTH 500 0
DWIDTH 7 0
BBX 7 14 0 0
BITMAP
0000008
0000004
0000008
0000000
0000000
0000000
0000000
0000000
0000000
0000000
0000000
0000000
0000000
0000000
ENDCHAR
STARTCHAR U+0110
ENCODING 272
SWIDTH 500 0
DWIDTH 7 0
BBX 7 14 0 0
BITMAP
0000000
0000000
0000000
0000000
0000000
0000000
0000000
0000000
0000000
0000000
0000000
0000000
0000000
0000000
ENDCHAR
STARTCHAR U+1E0A
ENCODING 7690
SWIDTH 500 0
DWIDTH 7 0
BBX 7 14 0 0
BITMAP
0000000
0000000
0000000
0000000
0000000
0000000
0000000
0000000
0000000
0000000
0000000
0000000
0000000
0000000
ENDCHAR
STARTCHAR U+1E0C
ENCODING 7692
SWIDTH 500 0
DWIDTH 7 0
BBX 7 14 0 0
BITMAP
0000000
0000008
0000000
0000000
0000000
0000000
0000000
0000000
0000000
0000000
0000000
0000000
0000000
0000000
ENDCHAR
STARTCHAR U+018A
ENCODING 394
SWIDTH 500 0
DWIDTH 7 0
BBX 7 14 0 0
BITMAP
0000000
0000000
0000000
0000000
0000000
0000000
0000000
0000000
0000000
0000000
0000000
0000000
0000000
0000000
ENDCHAR
STARTCHAR U+0189
ENCODING 393
SWIDTH 500 0
DWIDTH 7 0
BBX 7 14 0 0
BITMAP
0000000
0000000
0000000
0000000
0000000
0000000
0000000
0000000
0000000
0000000
0000000
0000000
0000000
0000000
ENDCHAR
STARTCHAR U+00D0
ENCODING 208
SWIDTH 500 0
DWIDTH 7 0
BBX 7 14 0 0
BITMAP
0000000
0000000
0000000
0000000
0000000
0000000
0000000
0000000
0000000
0000000
0000000
0000000
0000000
0000000
ENDCHAR
STARTCHAR U+00C9
ENCODING 201
SWIDTH 500 0
DWIDTH 7 0
BBX 7 14 0 0
BITMAP
0000000
0000000
0000000
0000000
0000000
0000000
0000000
0000000
0000000
0000000
0000000
0000000
0000000
0000000
ENDCHAR
STARTCHAR U+0114
ENCODING 276
SWIDTH 500 0
DWIDTH 7 0
BBX 7 14 0 0
BITMAP
0000000
0000000
0000000
0000000
0000000
0000000
0000000
0000000
0000000
0000000
0000000
0000000
0000000
0000000
ENDCHAR
STARTCHAR U+011A
ENCODING 282
SWIDTH 500 0
DWIDTH 7 0
BBX 7 14 0 0
BITMAP
0000000
0000000
0000000
0000000
0000000
0000000
0000000
0000000
0000000
0000000
0000000
0000000
0000000
0000000
ENDCHAR
STARTCHAR U+00CA
ENCODING 202
SWIDTH 500 0
DWIDTH 7 0
BBX 7 14 0 0
BITMAP
0000000
0000000
0000000
0000000
0000000
0000000
0000000
0000000
0000000
0000000
0000000
0000000
0000000
0000000
ENDCHAR
STARTCHAR U+00CB
ENCODING 203
SWIDTH 500 0
DWIDTH 7 0
BBX 7 14 0 0
BITMAP
0000000
0000000
0000000
0000000
0000000
0000000
0000000
0000000
0000000
0000000
0000000
0000000
0000000
0000000
ENDCHAR
STARTCHAR U+0116
ENCODING 278
SWIDTH 500 0
DWIDTH 7 0
BBX 7 14 0 0
BITMAP
0000000
0000000
0000000
0000000
0000000
0000000
0000000
0000000
0000000
0000000
0000000
0000000
0000000
0000000
ENDCHAR
STARTCHAR U+1EB8
ENCODING 7864
SWIDTH 500 0
DWIDTH 7 0
BBX 7 14 0 0
BITMAP
0000000
0000008
0000000
0000000
0000000
0000000
0000000
0000000
0000000
0000000
0000000
0000000
0000000
0000000
ENDCHAR
STARTCHAR U+00C8
ENCODING 200
SWIDTH 500 0
DWIDTH 7 0
BBX 7 14 0 0
BITMAP
0000000
0000000
0000000
0000000
0000000
0000000
0000000
0000000
0000000
0000000
0000000
0000000
0000000
0000000
ENDCHAR
STARTCHAR U+0112
ENCODING 274
SWIDTH 500 0
DWIDTH 7 0
BBX 7 14 0 0
BITMAP
0000000
0000000
0000000
0000000
0000000
0000000
0000000
0000000
0000000
0000000
0000000
0000000
0000000
0000000
ENDCHAR
STARTCHAR U+0118
ENCODING 280
SWIDTH 500 0
DWIDTH 7 0
BBX 7 14 0 0
BITMAP
0000002
0000004
0000002
0000000
0000000
0000000
0000000
0000000
0000000
0000000
0000000
0000000
0000000
0000000
ENDCHAR
STARTCHAR U+0190
ENCODING 400
SWIDTH 500 0
DWIDTH 7 0
BBX 7 14 0 0
BITMAP
0000000
0000000
0000000
0000000
0000000
0000000
0000000
0000000
0000000
0000000
0000000
0000000
0000000
0000000
ENDCHAR
STARTCHAR U+1EBC
ENCODING 7868
SWIDTH 500 0
DWIDTH 7 0
BBX 7 14 0 0
BITMAP
0000000
0000000
0000000
0000000
0000000
0000000
0000000
0000000
0000000
0000000
0000000
0000000
0000000
0000000
ENDCHAR
STARTCHAR U+018E
ENCODING 398
SWIDTH 500 0
DWIDTH 7 0
BBX 7 14 0 0
BITMAP
0000000
0000000
0000000
0000000
0000000
0000000
0000000
0000000
0000000
0000000
0000000
0000000
0000000
0000000
ENDCHAR
STARTCHAR U+018F
ENCODING 399
SWIDTH 500 0
DWIDTH 7 0
BBX 7 14 0 0
BITMAP
0000000
0000000
0000000
0000000
0000000
0000000
0000000
0000000
0000000
0000000
0000000
0000000
0000000
0000000
ENDCHAR
STARTCHAR U+1E1E
ENCODING 7710
SWIDTH 500 0
DWIDTH 7 0
BBX 7 14 0 0
BITMAP
0000000
0000000
0000000
0000000
0000000
0000000
0000000
0000000
0000000
0000000
0000000
0000000
0000000
0000000
ENDCHAR
STARTCHAR U+0191
ENCODING 401
SWIDTH 500 0
DWIDTH 7 0
BBX 7 14 0 0
BITMAP
0000020
0000040
0000000
0000000
0000000
0000000
0000000
0000000
0000000
0000000
0000000
0000000
0000000
0000000
ENDCHAR
STARTCHAR U+011E
ENCODING 286
SWIDTH 500 0
DWIDTH 7 0
BBX 7 14 0 0
BITMAP
0000000
0000000
0000000
0000000
0000000
0000000
0000000
0000000
0000000
0000000
0000000
0000000
0000000
0000000
ENDCHAR
STARTCHAR U+01E6
ENCODING 486
SWIDTH 500 0
DWIDTH 7 0
BBX 7 14 0 0
BITMAP
0000000
0000000
0000000
0000000
0000000
0000000
0000000
0000000
0000000
0000000
0000000
0000000
0000000
0000000
ENDCHAR
STARTCHAR U+011C
ENCODING 284
SWIDTH 500 0
DWIDTH 7 0
BBX 7 14 0 0
BITMAP
0000000
0000000
0000000
0000000
0000000
0000000
0000000
0000000
0000000
0000000
0000000
0000000
0000000
0000000
ENDCHAR
STARTCHAR U+0122
ENCODING 290
SWIDTH 500 0
DWIDTH 7 0
BBX 7 14 0 0
BITMAP
0000000
0000008
0000010
0000000
0000000
0000000
0000000
0000000
0000000
0000000
0000000
0000000
0000000
0000000
ENDCHAR
STARTCHAR U+0120
ENCODING 288
SWIDTH 500 0
DWIDTH 7 0
BBX 7 14 0 0
BITMAP
0000000
0000000
0000000
0000000
0000000
0000000
0000000
0000000
0000000
0000000
0000000
0000000
0000000
0000000
ENDCHAR
STARTCHAR U+0193
ENCODING 403
SWIDTH 500 0
DWIDTH 7 0
BBX 7 14 0 0
BITMAP
0000000
0000000
0000000
0000000
0000000
0000000
0000000
0000000
0000000
0000000
0000000
0000000
0000000
0000000
ENDCHAR
STARTCHAR U+1E20
ENCODING 7712
SWIDTH 500 0
DWIDTH 7 0
BBX 7 14 0 0
BITMAP
0000000
0000000
0000000
0000000
0000000
0000000
0000000
0000000
0000000
0000000
0000000
0000000
0000000
0000000
ENDCHAR
STARTCHAR U+0126
ENCODING 294
SWIDTH 500 0
DWIDTH 7 0
BBX 7 14 0 0
BITMAP
0000000
0000000
0000000
0000000
0000000
0000000
0000000
0000000
0000000
0000000
0000000
0000000
0000000
0000000
ENDCHAR
STARTCHAR U+1E2A
ENCODING 7722
SWIDTH 500 0
DWIDTH 7 0
BBX 7 14 0 0
BITMAP
0000000
0000022
000001C
0000000
0000000
0000000
0000000
0000000
0000000
0000000
0000000
0000000
0000000
0000000
ENDCHAR
STARTCHAR U+021E
ENCODING 542
SWIDTH 500 0
DWIDTH 7 0
BBX 7 14 0 0
BITMAP
0000000
0000000
0000000
0000000
0000000
0000000
0000000
0000000
0000000
0000000
0000000
0000000
0000000
0000000
ENDCHAR
STARTCHAR U+0124
ENCODING 292
SWIDTH 500 0
DWIDTH 7 0
BBX 7 14 0 0
BITMAP
0000000
0000000
0000000
0000000
0000000
0000000
0000000
0000000
0000000
0000000
0000000
0000000
0000000
0000000
ENDCHAR
STARTCHAR U+1E24
ENCODING 7716
SWIDTH 500 0
DWIDTH 7 0
BBX 7 14 0 0
BITMAP
0000000
0000008
0000000
0000000
0000000
0000000
0000000
0000000
0000000
0000000
0000000
0000000
0000000
0000000
ENDCHAR
STARTCHAR U+0132
ENCODING 306
SWIDTH 500 0
DWIDTH 7 0
BBX 7 14 0 0
BITMAP
0000000
0000000
0000000
0000000
0000000
0000000
0000000
0000000
0000000
0000000
0000000
0000000
0000000
0000000
ENDCHAR
STARTCHAR U+00CD
ENCODING 205
SWIDTH 500 0
DWIDTH 7 0
BBX 7 14 0 0
BITMAP
0000000
0000000
0000000
0000000
0000000
0000000
0000000
0000000
0000000
0000000
0000000
0000000
0000000
0000000
ENDCHAR
STARTCHAR U+012C
ENCODING 300
SWIDTH 500 0
DWIDTH 7 0
BBX 7 14 0 0
BITMAP
0000000
0000000
0000000
0000000
0000000
0000000
0000000
0000000
0000000
0000000
0000000
0000000
0000000
0000000
ENDCHAR
STARTCHAR U+01CF
ENCODING 463
SWIDTH 500 0
DWIDTH 7 0
BBX 7 14 0 0
BITMAP
0000000
0000000
0000000
0000000
0000000
0000000
0000000
0000000
0000000
0000000
0000000
0000000
0000000
0000000
ENDCHAR
STARTCHAR U+00CE
ENCODING 206
SWIDTH 500 0
DWIDTH 7 0
BBX 7 14 0 0
BITMAP
0000000
0000000
0000000
0000000
0000000
0000000
0000000
0000000
0000000
0000000
0000000
0000000
0000000
0000000
ENDCHAR
STARTCHAR U+00CF
ENCODING 207
SWIDTH 500 0
DWIDTH 7 0
BBX 7 14 0 0
BITMAP
0000000
0000000
0000000
0000000
0000000
0000000
0000000
0000000
0000000
0000000
0000000
0000000
0000000
0000000
ENDCHAR
STARTCHAR U+0130
ENCODING 304
SWIDTH 500 0
DWIDTH 7 0
BBX 7 14 0 0
BITMAP
0000000
0000000
0000000
0000000
0000000
0000000
0000000
0000000
0000000
0000000
0000000
0000000
0000000
0000000
ENDCHAR
STARTCHAR U+1ECA
ENCODING 7882
SWIDTH 500 0
DWIDTH 7 0
BBX 7 14 0 0
BITMAP
0000000
0000008
0000000
0000000
0000000
0000000
0000000
0000000
0000000
0000000
0000000
0000000
0000000
0000000
ENDCHAR
STARTCHAR U+00CC
ENCODING 204
SWIDTH 500 0
DWIDTH 7 0
BBX 7 14 0 0
BITMAP
0000000
0000000
0000000
0000000
0000000
0000000
0000000
0000000
0000000
0000000
0000000
0000000
0000000
0000000
ENDCHAR
STARTCHAR U+012A
ENCODING 298
SWIDTH 500 0
DWIDTH 7 0
BBX 7 14 0 0
BITMAP
0000000
0000000
0000000
0000000
0000000
0000000
0000000
0000000
0000000
0000000
0000000
0000000
0000000
0000000
ENDCHAR
STARTCHAR U+012E
ENCODING 302
SWIDTH 500 0
DWIDTH 7 0
BBX 7 14 0 0
BITMAP
0000008
0000010
0000008
0000000
0000000
0000000
0000000
0000000
0000000
0000000
0000000
0000000
0000000
0000000
ENDCHAR
STARTCHAR U+0197
ENCODING 407
SWIDTH 500 0
DWIDTH 7 0
BBX 7 14 0 0
BITMAP
0000000
0000000
0000000
0000000
0000000
0000000
0000000
0000000
0000000
0000000
0000000
0000000
0000000
0000000
ENDCHAR
STARTCHAR U+0128
ENCODING 296
SWIDTH 500 0
DWIDTH 7 0
BBX 7 14 0 0
BITMAP
0000000
0000000
0000000
0000000
0000000
0000000
0000000
0000000
0000000
0000000
0000000
0000000
0000000
0000000
ENDCHAR
STARTCHAR U+0134
ENCODING 308
SWIDTH 500 0
DWIDTH 7 0
BBX 7 14 0 0
BITMAP
0000000
0000000
0000000
0000000
0000000
0000000
0000000
0000000
0000000
0000000
0000000
0000000
0000000
0000000
ENDCHAR
STARTCHAR U+0136
ENCODING 310
SWIDTH 500 0
DWIDTH 7 0
BBX 7 14 0 0
BITMAP
0000000
0000008
0000010
0000000
0000000
0000000
0000000
0000000
0000000
0000000
0000000
0000000
0000000
0000000
ENDCHAR
STARTCHAR U+1E32
ENCODING 7730
SWIDTH 500 0
DWIDTH 7 0
BBX 7 14 0 0
BITMAP
0000000
0000008
0000000
0000000
0000000
0000000
0000000
0000000
0000000
0000000
0000000
0000000
0000000
0000000
ENDCHAR
STARTCHAR U+0198
ENCODING 408
SWIDTH 500 0
DWIDTH 7 0
BBX 7 14 0 0
BITMAP
0000000
0000000
0000000
0000000
0000000
0000000
0000000
0000000
0000000
0000000
0000000
0000000
0000000
0000000
ENDCHAR
STARTCHAR U+0139
ENCODING 313
SWIDTH 500 0
DWIDTH 7 0
BBX 7 14 0 0
BITMAP
0000000
0000000
0000000
0000000
0000000
0000000
0000000
0000000
0000000
0000000
0000000
0000000
0000000
0000000
ENDCHAR
STARTCHAR U+013D
ENCODING 317
SWIDTH 500 0
DWIDTH 7 0
BBX 7 14 0 0
BITMAP
0000000
0000000
0000000
0000000
0000000
0000000
0000000
0000000
0000000
0000000
0000000
0000000
0000000
0000000
ENDCHAR
STARTCHAR U+013B
ENCODING 315
SWIDTH 500 0
DWIDTH 7 0
BBX 7 14 0 0
BITMAP
0000000
0000008
0000010
0000000
0000000
0000000
0000000
0000000
0000000
0000000
0000000
0000000
0000000
0000000
ENDCHAR
STARTCHAR U+013F
ENCODING 319
SWIDTH 500 0
DWIDTH 7 0
BBX 7 14 0 0
BITMAP
0000000
0000000
0000000
0000000
0000000
0000000
0000000
0000000
0000000
0000000
0000000
0000000
0000000
0000000
ENDCHAR
STARTCHAR U+1E36
ENCODING 7734
SWIDTH 500 0
DWIDTH 7 0
BBX 7 14 0 0
BITMAP
0000000
0000008
0000000
0000000
0000000
0000000
0000000
0000000
0000000
0000000
0000000
0000000
0000000
0000000
ENDCHAR
STARTCHAR U+0141
ENCODING 321
SWIDTH 500 0
DWIDTH 7 0
BBX 7 14 0 0
BITMAP
0000000
0000000
0000000
0000000
0000000
0000000
0000000
0000000
0000000
0000000
0000000
0000000
0000000
0000000
ENDCHAR
STARTCHAR U+1E3E
ENCODING 7742
SWIDTH 500 0
DWIDTH 7 0
BBX 7 14 0 0
BITMAP
0000000
0000000
0000000
0000000
0000000
0000000
0000000
0000000
0000000
0000000
0000000
0000000
0000000
0000000
ENDCHAR
STARTCHAR U+1E40
ENCODING 7744
SWIDTH 500 0
DWIDTH 7 0
BBX 7 14 0 0
BITMAP
0000000
0000000
0000000
0000000
0000000
0000000
0000000
0000000
0000000
0000000
0000000
0000000
0000000
0000000
ENDCHAR
STARTCHAR U+0143
ENCODING 323
SWIDTH 500 0
DWIDTH 7 0
BBX 7 14 0 0
BITMAP
0000000
0000000
0000000
0000000
0000000
0000000
0000000
0000000
0000000
0000000
0000000
0000000
0000000
0000000
ENDCHAR
STARTCHAR U+0147
ENCODING 327
SWIDTH 500 0
DWIDTH 7 0
BBX 7 14 0 0
BITMAP
0000000
0000000
0000000
0000000
0000000
0000000
0000000
0000000
0000000
0000000
0000000
0000000
0000000
0000000
ENDCHAR
STARTCHAR U+0145
ENCODING 325
SWIDTH 500 0
DWIDTH 7 0
BBX 7 14 0 0
BITMAP
0000000
0000008
0000010
0000000
0000000
0000000
0000000
0000000
0000000
0000000
0000000
0000000
0000000
0000000
ENDCHAR
STARTCHAR U+1E44
ENCODING 7748
SWIDTH 500 0
DWIDTH 7 0
BBX 7 14 0 0
BITMAP
0000000
0000000
0000000
0000000
0000000
0000000
0000000
0000000
0000000
0000000
0000000
0000000
0000000
0000000
ENDCHAR
STARTCHAR U+01F8
ENCODING 504
SWIDTH 500 0
DWIDTH 7 0
BBX 7 14 0 0
BITMAP
0000000
0000000
0000000
0000000
0000000
0000000
0000000
0000000
0000000
0000000
0000000
0000000
0000000
0000000
ENDCHAR
STARTCHAR U+019D
ENCODING 413
SWIDTH 500 0
DWIDTH 7 0
BBX 7 14 0 0
BITMAP
0000020
0000040
0000000
0000000
0000000
0000000
0000000
0000000
0000000
0000000
0000000
0000000
0000000
0000000
ENDCHAR
STARTCHAR U+00D1
ENCODING 209
SWIDTH 500 0
DWIDTH 7 0
BBX 7 14 0 0
BITMAP
0000000
0000000
0000000
0000000
0000000
0000000
0000000
0000000
0000000
0000000
0000000
0000000
0000000
0000000
ENDCHAR
STARTCHAR U+014A
ENCODING 330
SWIDTH 500 0
DWIDTH 7 0
BBX 7 14 0 0
BITMAP
0000002
0000004
0000000
0000000
0000000
0000000
0000000
0000000
0000000
0000000
0000000
0000000
0000000
0000000
ENDCHAR
STARTCHAR U+00D3
ENCODING 211
SWIDTH 500 0
DWIDTH 7 0
BBX 7 14 0 0
BITMAP
0000000
0000000
0000000
0000000
0000000
0000000
0000000
0000000
0000000
0000000
0000000
0000000
0000000
0000000
ENDCHAR
STARTCHAR U+014E
ENCODING 334
SWIDTH 500 0
DWIDTH 7 0
BBX 7 14 0 0
BITMAP
0000000
0000000
0000000
0000000
0000000
0000000
0000000
0000000
0000000
0000000
0000000
0000000
0000000
0000000
ENDCHAR
STARTCHAR U+01D1
ENCODING 465
SWIDTH 500 0
DWIDTH 7 0
BBX 7 14 0 0
BITMAP
0000000
0000000
0000000
0000000
0000000
0000000
0000000
0000000
0000000
0000000
0000000
0000000
0000000
0000000
ENDCHAR
STARTCHAR U+00D4
ENCODING 212
SWIDTH 500 0
DWIDTH 7 0
BBX 7 14 0 0
BITMAP
0000000
0000000
0000000
0000000
0000000
0000000
0000000
0000000
0000000
0000000
0000000
0000000
0000000
0000000
ENDCHAR
STARTCHAR U+00D6
ENCODING 214
SWIDTH 500 0
DWIDTH 7 0
BBX 7 14 0 0
BITMAP
0000000
0000000
0000000
0000000
0000000
0000000
0000000
0000000
0000000
0000000
0000000
0000000
0000000
0000000
ENDCHAR
STARTCHAR U+1ECC
ENCODING 7884
SWIDTH 500 0
DWIDTH 7 0
BBX 7 14 0 0
BITMAP
0000000
0000008
0000000
0000000
0000000
0000000
0000000
0000000
0000000
0000000
0000000
0000000
0000000
0000000
ENDCHAR
STARTCHAR U+00D2
ENCODING 210
SWIDTH 500 0
DWIDTH 7 0
BBX 7 14 0 0
BITMAP
0000000
0000000
0000000
0000000
0000000
0000000
0000000
0000000
0000000
0000000
0000000
0000000
0000000
0000000
ENDCHAR
STARTCHAR U+0150
ENCODING 336
SWIDTH 500 0
DWIDTH 7 0
BBX 7 14 0 0
BITMAP
0000000
0000000
0000000
0000000
0000000
0000000
0000000
0000000
0000000
0000000
0000000
0000000
0000000
0000000
ENDCHAR
STARTCHAR U+014C
ENCODING 332
SWIDTH 500 0
DWIDTH 7 0
BBX 7 14 0 0
BITMAP
0000000
0000000
0000000
0000000
0000000
0000000
0000000
0000000
0000000
0000000
0000000
0000000
0000000
0000000
ENDCHAR
STARTCHAR U+01EA
ENCODING 490
SWIDTH 500 0
DWIDTH 7 0
BBX 7 14 0 0
BITMAP
0000008
0000010
0000008
0000000
0000000
0000000
0000000
0000000
0000000
0000000
0000000
0000000
0000000
0000000
ENDCHAR
STARTCHAR U+0186
ENCODING 390
SWIDTH 500 0
DWIDTH 7 0
BBX 7 14 0 0
BITMAP
0000000
0000000
0000000
0000000
0000000
0000000
0000000
0000000
0000000
0000000
0000000
0000000
0000000
0000000
ENDCHAR
STARTCHAR U+00D8
ENCODING 216
SWIDTH 500 0
DWIDTH 7 0
BBX 7 14 0 0
BITMAP
0000000
0000000
0000000
0000000
0000000
0000000
0000000
0000000
0000000
0000000
0000000
0000000
0000000
0000000
ENDCHAR
STARTCHAR U+01FE
ENCODING 510
SWIDTH 500 0
DWIDTH 7 0
BBX 7 14 0 0
BITMAP
0000000
0000000
0000000
0000000
0000000
0000000
0000000
0000000
0000000
0000000
0000000
0000000
0000000
0000000
ENDCHAR
STARTCHAR U+00D5
ENCODING 213
SWIDTH 500 0
DWIDTH 7 0
BBX 7 14 0 0
BITMAP
0000000
0000000
0000000
0000000
0000000
0000000
0000000
0000000
0000000
0000000
0000000
0000000
0000000
0000000
ENDCHAR
STARTCHAR U+0152
ENCODING 338
SWIDTH 500 0
DWIDTH 7 0
BBX 7 14 0 0
BITMAP
0000000
0000000
0000000
0000000
0000000
0000000
0000000
0000000
0000000
0000000
0000000
0000000
0000000
0000000
ENDCHAR
STARTCHAR U+1E56
ENCODING 7766
SWIDTH 500 0
DWIDTH 7 0
BBX 7 14 0 0
BITMAP
0000000
0000000
0000000
0000000
0000000
0000000
0000000
0000000
0000000
0000000
0000000
0000000
0000000
0000000
ENDCHAR
STARTCHAR U+00DE
ENCODING 222
SWIDTH 500 0
DWIDTH 7 0
BBX 7 14 0 0
BITMAP
0000000
0000000
0000000
0000000
0000000
0000000
0000000
0000000
0000000
0000000
0000000
0000000
0000000
0000000
ENDCHAR
STARTCHAR U+0154
ENCODING 340
SWIDTH 500 0
DWIDTH 7 0
BBX 7 14 0 0
BITMAP
0000000
0000000
0000000
0000000
0000000
0000000
0000000
0000000
0000000
0000000
0000000
0000000
0000000
0000000
ENDCHAR
STARTCHAR U+0158
ENCODING 344
SWIDTH 500 0
DWIDTH 7 0
BBX 7 14 0 0
BITMAP
0000000
0000000
0000000
0000000
0000000
0000000
0000000
0000000
0000000
0000000
0000000
0000000
0000000
0000000
ENDCHAR
STARTCHAR U+0156
ENCODING 342
SWIDTH 500 0
DWIDTH 7 0
BBX 7 14 0 0
BITMAP
0000000
0000008
0000010
0000000
0000000
0000000
0000000
0000000
0000000
0000000
0000000
0000000
0000000
0000000
ENDCHAR
STARTCHAR U+1E5A
ENCODING 7770
SWIDTH 500 0
DWIDTH 7 0
BBX 7 14 0 0
BITMAP
0000000
0000008
0000000
0000000
0000000
0000000
0000000
0000000
0000000
0000000
0000000
0000000
0000000
0000000
ENDCHAR
STARTCHAR U+015A
ENCODING 346
SWIDTH 500 0
DWIDTH 7 0
BBX 7 14 0 0
BITMAP
0000000
0000000
0000000
0000000
0000000
0000000
0000000
0000000
0000000
0000000
0000000
0000000
0000000
0000000
ENDCHAR
STARTCHAR U+0160
ENCODING 352
SWIDTH 500 0
DWIDTH 7 0
BBX 7 14 0 0
BITMAP
0000000
0000000
0000000
0000000
0000000
0000000
0000000
0000000
0000000
0000000
0000000
0000000
0000000
0000000
ENDCHAR
STARTCHAR U+015E
ENCODING 350
SWIDTH 500 0
DWIDTH 7 0
BBX 7 14 0 0
BITMAP
0000008
0000004
0000008
0000000
0000000
0000000
0000000
0000000
0000000
0000000
0000000
0000000
0000000
0000000
ENDCHAR
STARTCHAR U+015C
ENCODING 348
SWIDTH 500 0
DWIDTH 7 0
BBX 7 14 0 0
BITMAP
0000000
0000000
0000000
0000000
0000000
0000000
0000000
0000000
0000000
0000000
0000000
0000000
0000000
0000000
ENDCHAR
STARTCHAR U+0218
ENCODING 536
SWIDTH 500 0
DWIDTH 7 0
BBX 7 14 0 0
BITMAP
0000000
0000008
0000010
0000000
0000000
0000000
0000000
0000000
0000000
0000000
0000000
0000000
0000000
0000000
ENDCHAR
STARTCHAR U+1E60
ENCODING 7776
SWIDTH 500 0
DWIDTH 7 0
BBX 7 14 0 0
BITMAP
0000000
0000000
0000000
0000000
0000000
0000000
0000000
0000000
0000000
0000000
0000000
0000000
0000000
0000000
ENDCHAR
STARTCHAR U+1E62
ENCODING 7778
SWIDTH 500 0
DWIDTH 7 0
BBX 7 14 0 0
BITMAP
0000000
0000008
0000000
0000000
0000000
0000000
0000000
0000000
0000000
0000000
0000000
0000000
0000000
0000000
ENDCHAR
STARTCHAR U+1E9E
ENCODING 7838
SWIDTH 500 0
DWIDTH 7 0
BBX 7 14 0 0
BITMAP
0000000
0000000
0000000
0000000
0000000
0000000
0000000
0000000
0000000
0000000
0000000
0000000
0000000
0000000
ENDCHAR
STARTCHAR U+0166
ENCODING 358
SWIDTH 500 0
DWIDTH 7 0
BBX 7 14 0 0
BITMAP
0000000
0000000
0000000
0000000
0000000
0000000
0000000
0000000
0000000
0000000
0000000
0000000
0000000
0000000
ENDCHAR
STARTCHAR U+0164
ENCODING 356
SWIDTH 500 0
DWIDTH 7 0
BBX 7 14 0 0
BITMAP
0000000
0000000
0000000
0000000
0000000
0000000
0000000
0000000
0000000
0000000
0000000
0000000
0000000
0000000
ENDCHAR
STARTCHAR U+0162
ENCODING 354
SWIDTH 500 0
DWIDTH 7 0
BBX 7 14 0 0
BITMAP
0000008
0000004
0000008
0000000
0000000
0000000
0000000
0000000
0000000
0000000
0000000
0000000
0000000
0000000
ENDCHAR
STARTCHAR U+021A
ENCODING 538
SWIDTH 500 0
DWIDTH 7 0
BBX 7 14 0 0
BITMAP
0000000
0000008
0000010
0000000
0000000
0000000
0000000
0000000
0000000
0000000
0000000
0000000
0000000
0000000
ENDCHAR
STARTCHAR U+1E6A
ENCODING 7786
SWIDTH 500 0
DWIDTH 7 0
BBX 7 14 0 0
BITMAP
0000000
0000000
0000000
0000000
0000000
0000000
0000000
0000000
0000000
0000000
0000000
0000000
0000000
0000000
ENDCHAR
STARTCHAR U+1E6C
ENCODING 7788
SWIDTH 500 0
DWIDTH 7 0
BBX 7 14 0 0
BITMAP
0000000
0000008
0000000
0000000
0000000
0000000
0000000
0000000
0000000
0000000
0000000
0000000
0000000
0000000
ENDCHAR
STARTCHAR U+00DA
ENCODING 218
SWIDTH 500 0
DWIDTH 7 0
BBX 7 14 0 0
BITMAP
0000000
0000000
0000000
0000000
0000000
0000000
0000000
0000000
0000000
0000000
0000000
0000000
0000000
0000000
ENDCHAR
STARTCHAR U+0244
ENCODING 580
SWIDTH 500 0
DWIDTH 7 0
BBX 7 14 0 0
BITMAP
0000000
0000000
0000000
0000000
0000000
0000000
0000000
0000000
0000000
0000000
0000000
0000000
0000000
0000000
ENDCHAR
STARTCHAR U+016C
ENCODING 364
SWIDTH 500 0
DWIDTH 7 0
BBX 7 14 0 0
BITMAP
0000000
0000000
0000000
0000000
0000000
0000000
0000000
0000000
0000000
0000000
0000000
0000000
0000000
0000000
ENDCHAR
STARTCHAR U+01D3
ENCODING 467
SWIDTH 500 0
DWIDTH 7 0
BBX 7 14 0 0
BITMAP
0000000
0000000
0000000
0000000
0000000
0000000
0000000
0000000
0000000
0000000
0000000
0000000
0000000
0000000
ENDCHAR
STARTCHAR U+00DB
ENCODING 219
SWIDTH 500 0
DWIDTH 7 0
BBX 7 14 0 0
BITMAP
0000000
0000000
0000000
0000000
0000000
0000000
0000000
0000000
0000000
0000000
0000000
0000000
0000000
0000000
ENDCHAR
STARTCHAR U+00DC
ENCODING 220
SWIDTH 500 0
DWIDTH 7 0
BBX 7 14 0 0
BITMAP
0000000
0000000
0000000
0000000
0000000
0000000
0000000
0000000
0000000
0000000
0000000
0000000
0000000
0000000
ENDCHAR
STARTCHAR U+1EE4
ENCODING 7908
SWIDTH 500 0
DWIDTH 7 0
BBX 7 14 0 0
BITMAP
0000000
0000008
0000000
0000000
0000000
0000000
0000000
0000000
0000000
0000000
0000000
0000000
0000000
0000000
ENDCHAR
STARTCHAR U+00D9
ENCODING 217
SWIDTH 500 0
DWIDTH 7 0
BBX 7 14 0 0
BITMAP
0000000
0000000
0000000
0000000
0000000
0000000
0000000
0000000
0000000
0000000
0000000
0000000
0000000
0000000
ENDCHAR
STARTCHAR U+01AF
ENCODING 431
SWIDTH 500 0
DWIDTH 7 0
BBX 7 14 0 0
BITMAP
0000000
0000000
0000000
0000000
0000000
0000000
0000000
0000000
0000000
0000000
0000000
0000000
0000000
0000000
ENDCHAR
STARTCHAR U+0170
ENCODING 368
SWIDTH 500 0
DWIDTH 7 0
BBX 7 14 0 0
BITMAP
0000000
0000000
0000000
0000000
0000000
0000000
0000000
0000000
0000000
0000000
0000000
0000000
0000000
0000000
ENDCHAR
STARTCHAR U+016A
ENCODING 362
SWIDTH 500 0
DWIDTH 7 0
BBX 7 14 0 0
BITMAP
0000000
0000000
0000000
0000000
0000000
0000000
0000000
0000000
0000000
0000000
0000000
0000000
0000000
0000000
ENDCHAR
STARTCHAR U+0172
ENCODING 370
SWIDTH 500 0
DWIDTH 7 0
BBX 7 14 0 0
BITMAP
0000008
0000010
0000008
0000000
0000000
0000000
0000000
0000000
0000000
0000000
0000000
0000000
0000000
0000000
ENDCHAR
STARTCHAR U+016E
ENCODING 366
SWIDTH 500 0
DWIDTH 7 0
BBX 7 14 0 0
BITMAP
0000000
0000000
0000000
0000000
0000000
0000000
0000000
0000000
0000000
0000000
0000000
0000000
0000000
0000000
ENDCHAR
STARTCHAR U+0168
ENCODING 360
SWIDTH 500 0
DWIDTH 7 0
BBX 7 14 0 0
BITMAP
0000000
0000000
0000000
0000000
0000000
0000000
0000000
0000000
0000000
0000000
0000000
0000000
0000000
0000000
ENDCHAR
STARTCHAR U+0194
ENCODING 404
SWIDTH 500 0
DWIDTH 7 0
BBX 7 14 0 0
BITMAP
0000008
0000014
0000008
0000000
0000000
0000000
0000000
0000000
0000000
0000000
0000000
0000000
0000000
0000000
ENDCHAR
STARTCHAR U+01B2
ENCODING 434
SWIDTH 500 0
DWIDTH 7 0
BBX 7 14 0 0
BITMAP
0000000
0000000
0000000
0000000
0000000
0000000
0000000
0000000
0000000
0000000
0000000
0000000
0000000
0000000
ENDCHAR
STARTCHAR U+1E7C
ENCODING 7804
SWIDTH 500 0
DWIDTH 7 0
BBX 7 14 0 0
BITMAP
0000000
0000000
0000000
0000000
0000000
0000000
0000000
0000000
0000000
0000000
0000000
0000000
0000000
0000000
ENDCHAR
STARTCHAR U+1E82
ENCODING 7810
SWIDTH 500 0
DWIDTH 7 0
BBX 7 14 0 0
BITMAP
0000000
0000000
0000000
0000000
0000000
0000000
0000000
0000000
0000000
0000000
0000000
0000000
0000000
0000000
ENDCHAR
STARTCHAR U+0174
ENCODING 372
SWIDTH 500 0
DWIDTH 7 0
BBX 7 14 0 0
BITMAP
0000000
0000000
0000000
0000000
0000000
0000000
0000000
0000000
0000000
0000000
0000000
0000000
0000000
0000000
ENDCHAR
STARTCHAR U+1E84
ENCODING 7812
SWIDTH 500 0
DWIDTH 7 0
BBX 7 14 0 0
BITMAP
0000000
0000000
0000000
0000000
0000000
0000000
0000000
0000000
0000000
0000000
0000000
0000000
0000000
0000000
ENDCHAR
STARTCHAR U+1E80
ENCODING 7808
SWIDTH 500 0
DWIDTH 7 0
BBX 7 14 0 0
BITMAP
0000000
0000000
0000000
0000000
0000000
0000000
0000000
0000000
0000000
0000000
0000000
0000000
0000000
0000000
ENDCHAR
STARTCHAR U+00DD
ENCODING 221
SWIDTH 500 0
DWIDTH 7 0
BBX 7 14 0 0
BITMAP
0000000
0000000
0000000
0000000
0000000
0000000
0000000
0000000
0000000
0000000
0000000
0000000
0000000
0000000
ENDCHAR
STARTCHAR U+0176
ENCODING 374
SWIDTH 500 0
DWIDTH 7 0
BBX 7 14 0 0
BITMAP
0000000
0000000
0000000
0000000
0000000
0000000
0000000
0000000
0000000
0000000
0000000
0000000
0000000
0000000
ENDCHAR
STARTCHAR U+0178
ENCODING 376
SWIDTH 500 0
DWIDTH 7 0
BBX 7 14 0 0
BITMAP
0000000
0000000
0000000
0000000
0000000
0000000
0000000
0000000
0000000
0000000
0000000
0000000
0000000
0000000
ENDCHAR
STARTCHAR U+1E8E
ENCODING 7822
SWIDTH 500 0
DWIDTH 7 0
BBX 7 14 0 0
BITMAP
0000000
0000000
0000000
0000000
0000000
0000000
0000000
0000000
0000000
0000000
0000000
0000000
0000000
0000000
ENDCHAR
STARTCHAR U+1EF2
ENCODING 7922
SWIDTH 500 0
DWIDTH 7 0
BBX 7 14 0 0
BITMAP
0000000
0000000
0000000
0000000
0000000
0000000
0000000
0000000
0000000
0000000
0000000
0000000
0000000
0000000
ENDCHAR
STARTCHAR U+01B3
ENCODING 435
SWIDTH 500 0
DWIDTH 7 0
BBX 7 14 0 0
BITMAP
0000000
0000000
0000000
0000000
0000000
0000000
0000000
0000000
0000000
0000000
0000000
0000000
0000000
0000000
ENDCHAR
STARTCHAR U+0232
ENCODING 562
SWIDTH 500 0
DWIDTH 7 0
BBX 7 14 0 0
BITMAP
0000000
0000000
0000000
0000000
0000000
0000000
0000000
0000000
0000000
0000000
0000000
0000000
0000000
0000000
ENDCHAR
STARTCHAR U+1EF8
ENCODING 7928
SWIDTH 500 0
DWIDTH 7 0
BBX 7 14 0 0
BITMAP
0000000
0000000
0000000
0000000
0000000
0000000
0000000
0000000
0000000
0000000
0000000
0000000
0000000
0000000
ENDCHAR
STARTCHAR U+0179
ENCODING 377
SWIDTH 500 0
DWIDTH 7 0
BBX 7 14 0 0
BITMAP
0000000
0000000
0000000
0000000
0000000
0000000
0000000
0000000
0000000
0000000
0000000
0000000
0000000
0000000
ENDCHAR
STARTCHAR U+017D
ENCODING 381
SWIDTH 500 0
DWIDTH 7 0
BBX 7 14 0 0
BITMAP
0000000
0000000
0000000
0000000
0000000
0000000
0000000
0000000
0000000
0000000
0000000
0000000
0000000
0000000
ENDCHAR
STARTCHAR U+017B
ENCODING 379
SWIDTH 500 0
DWIDTH 7 0
BBX 7 14 0 0
BITMAP
0000000
0000000
0000000
0000000
0000000
0000000
0000000
0000000
0000000
0000000
0000000
0000000
0000000
0000000
ENDCHAR
STARTCHAR U+1E92
ENCODING 7826
SWIDTH 500 0
DWIDTH 7 0
BBX 7 14 0 0
BITMAP
0000000
0000008
0000000
0000000
0000000
0000000
0000000
0000000
0000000
0000000
0000000
0000000
0000000
0000000
ENDCHAR
STARTCHAR U+A78B
ENCODING 42891
SWIDTH 500 0
DWIDTH 7 0
BBX 7 14 0 0
BITMAP
0000000
0000000
0000000
0000000
0000000
0000000
0000000
0000000
0000000
0000000
0000000
0000000
0000000
0000000
ENDCHAR
STARTCHAR U+00E1
ENCODING 225
SWIDTH 500 0
DWIDTH 7 0
BBX 7 14 0 0
BITMAP
0000000
0000000
0000000
0000000
0000000
0000000
0000000
0000000
0000000
0000000
0000000
0000000
0000000
0000000
ENDCHAR
STARTCHAR U+0103
ENCODING 259
SWIDTH 500 0
DWIDTH 7 0
BBX 7 14 0 0
BITMAP
0000000
0000000
0000000
0000000
0000000
0000000
0000000
0000000
0000000
0000000
0000000
0000000
0000000
0000000
ENDCHAR
STARTCHAR U+01CE
ENCODING 462
SWIDTH 500 0
DWIDTH 7 0
BBX 7 14 0 0
BITMAP
0000000
0000000
0000000
0000000
0000000
0000000
0000000
0000000
0000000
0000000
0000000
0000000
0000000
0000000
ENDCHAR
STARTCHAR U+00E2
ENCODING 226
SWIDTH 500 0
DWIDTH 7 0
BBX 7 14 0 0
BITMAP
0000000
0000000
0000000
0000000
0000000
0000000
0000000
0000000
0000000
0000000
0000000
0000000
0000000
0000000
ENDCHAR
STARTCHAR U+00E4
ENCODING 228
SWIDTH 500 0
DWIDTH 7 0
BBX 7 14 0 0
BITMAP
0000000
0000000
0000000
0000000
0000000
0000000
0000000
0000000
0000000
0000000
0000000
0000000
0000000
0000000
ENDCHAR
STARTCHAR U+1EA1
ENCODING 7841
SWIDTH 500 0
DWIDTH 7 0
BBX 7 14 0 0
BITMAP
0000000
0000008
0000000
0000000
0000000
0000000
0000000
0000000
0000000
0000000
0000000
0000000
0000000
0000000
ENDCHAR
STARTCHAR U+00E0
ENCODING 224
SWIDTH 500 0
DWIDTH 7 0
BBX 7 14 0 0
BITMAP
0000000
0000000
0000000
0000000
0000000
0000000
0000000
0000000
0000000
0000000
0000000
0000000
0000000
0000000
ENDCHAR
STARTCHAR U+0101
ENCODING 257
SWIDTH 500 0
DWIDTH 7 0
BBX 7 14 0 0
BITMAP
0000000
0000000
0000000
0000000
0000000
0000000
0000000
0000000
0000000
0000000
0000000
0000000
0000000
0000000
ENDCHAR
STARTCHAR U+0105
ENCODING 261
SWIDTH 500 0
DWIDTH 7 0
BBX 7 14 0 0
BITMAP
0000002
0000004
0000002
0000000
0000000
0000000
0000000
0000000
0000000
0000000
0000000
0000000
0000000
0000000
ENDCHAR
STARTCHAR U+00E5
ENCODING 229
SWIDTH 500 0
DWIDTH 7 0
BBX 7 14 0 0
BITMAP
0000000
0000000
0000000
0000000
0000000
0000000
0000000
0000000
0000000
0000000
0000000
0000000
0000000
0000000
ENDCHAR
STARTCHAR U+01FB
ENCODING 507
SWIDTH 500 0
DWIDTH 7 0
BBX 7 14 0 0
BITMAP
0000000
0000000
0000000
0000000
0000000
0000000
0000000
0000000
0000000
0000000
0000000
0000000
0000000
0000000
ENDCHAR
STARTCHAR U+00E3
ENCODING 227
SWIDTH 500 0
DWIDTH 7 0
BBX 7 14 0 0
BITMAP
0000000
0000000
0000000
0000000
0000000
0000000
0000000
0000000
0000000
0000000
0000000
0000000
0000000
0000000
ENDCHAR
STARTCHAR U+00E6
ENCODING 230
SWIDTH 500 0
DWIDTH 7 0
BBX 7 14 0 0
BITMAP
0000000
0000000
0000000
0000000
0000000
0000000
0000000
0000000
0000000
0000000
0000000
0000000
0000000
0000000
ENDCHAR
STARTCHAR U+01FD
ENCODING 509
SWIDTH 500 0
DWIDTH 7 0
BBX 7 14 0 0
BITMAP
0000000
0000000
0000000
0000000
0000000
0000000
0000000
0000000
0000000
0000000
0000000
0000000
0000000
0000000
ENDCHAR
STARTCHAR U+1E03
ENCODING 7683
SWIDTH 500 0
DWIDTH 7 0
BBX 7 14 0 0
BITMAP
0000000
0000000
0000000
0000000
0000000
0000000
0000000
0000000
0000000
0000000
0000000
0000000
0000000
0000000
ENDCHAR
STARTCHAR U+0253
ENCODING 595
SWIDTH 500 0
DWIDTH 7 0
BBX 7 14 0 0
BITMAP
0000000
0000000
0000000
0000000
0000000
0000000
0000000
0000000
0000000
0000000
0000000
0000000
0000000
0000000
ENDCHAR
STARTCHAR U+0107
ENCODING 263
SWIDTH 500 0
DWIDTH 7 0
BBX 7 14 0 0
BITMAP
0000000
0000000
0000000
0000000
0000000
0000000
0000000
0000000
0000000
0000000
0000000
0000000
0000000
0000000
ENDCHAR
STARTCHAR U+010D
ENCODING 269
SWIDTH 500 0
DWIDTH 7 0
BBX 7 14 0 0
BITMAP
0000000
0000000
0000000
0000000
0000000
0000000
0000000
0000000
0000000
0000000
0000000
0000000
0000000
0000000
ENDCHAR
STARTCHAR U+00E7
ENCODING 231
SWIDTH 500 0
DWIDTH 7 0
BBX 7 14 0 0
BITMAP
0000008
0000004
0000008
0000000
0000000
0000000
0000000
0000000
0000000
0000000
0000000
0000000
0000000
0000000
ENDCHAR
STARTCHAR U+0109
ENCODING 265
SWIDTH 500 0
DWIDTH 7 0
BBX 7 14 0 0
BITMAP
0000000
0000000
0000000
0000000
0000000
0000000
0000000
0000000
0000000
0000000
0000000
0000000
0000000
0000000
ENDCHAR
STARTCHAR U+010B
ENCODING 267
SWIDTH 500 0
DWIDTH 7 0
BBX 7 14 0 0
BITMAP
0000000
0000000
0000000
0000000
0000000
0000000
0000000
0000000
0000000
0000000
0000000
0000000
0000000
0000000
ENDCHAR
STARTCHAR U+010F
ENCODING 271
SWIDTH 500 0
DWIDTH 7 0
BBX 7 14 0 0
BITMAP
0000000
0000000
0000000
0000000
0000000
0000000
0000000
0000000
0000000
0000000
0000000
0000000
0000000
0000000
ENDCHAR
STARTCHAR U+1E11
ENCODING 7697
SWIDTH 500 0
DWIDTH 7 0
BBX 7 14 0 0
BITMAP
0000008
0000004
0000008
0000000
0000000
0000000
0000000
0000000
0000000
0000000
0000000
0000000
0000000
0000000
ENDCHAR
STARTCHAR U+0111
ENCODING 273
SWIDTH 500 0
DWIDTH 7 0
BBX 7 14 0 0
BITMAP
0000000
0000000
0000000
0000000
0000000
0000000
0000000
0000000
0000000
0000000
0000000
0000000
0000000
0000000
ENDCHAR
STARTCHAR U+1E0B
ENCODING 7691
SWIDTH 500 0
DWIDTH 7 0
BBX 7 14 0 0
BITMAP
0000000
0000000
0000000
0000000
0000000
0000000
0000000
0000000
0000000
0000000
0000000
0000000
0000000
0000000
ENDCHAR
STARTCHAR U+1E0D
ENCODING 7693
SWIDTH 500 0
DWIDTH 7 0
BBX 7 14 0 0
BITMAP
0000000
0000008
0000000
0000000
0000000
0000000
0000000
0000000
0000000
0000000
0000000
0000000
0000000
0000000
ENDCHAR
STARTCHAR U+0257
ENCODING 599
SWIDTH 500 0
DWIDTH 7 0
BBX 7 14 0 0
BITMAP
0000000
0000000
0000000
0000000
0000000
0000000
0000000
0000000
0000000
0000000
0000000
0000000
0000000
0000000
ENDCHAR
STARTCHAR U+0256
ENCODING 598
SWIDTH 500 0
DWIDTH 7 0
BBX 7 14 0 0
BITMAP
0000002
0000001
0000000
0000000
0000000
0000000
0000000
0000000
0000000
0000000
0000000
0000000
0000000
0000000
ENDCHAR
STARTCHAR U+00F0
ENCODING 240
SWIDTH 500 0
DWIDTH 7 0
BBX 7 14 0 0
BITMAP
0000000
0000000
0000000
0000000
0000000
0000000
0000000
0000000
0000000
0000000
0000000
0000000
0000000
0000000
ENDCHAR
STARTCHAR U+00E9
ENCODING 233
SWIDTH 500 0
DWIDTH 7 0
BBX 7 14 0 0
BITMAP
0000000
0000000
0000000
0000000
0000000
0000000
0000000
0000000
0000000
0000000
0000000
0000000
0000000
0000000
ENDCHAR
STARTCHAR U+0115
ENCODING 277
SWIDTH 500 0
DWIDTH 7 0
BBX 7 14 0 0
BITMAP
0000000
0000000
0000000
0000000
0000000
0000000
0000000
0000000
0000000
0000000
0000000
0000000
0000000
0000000
ENDCHAR
STARTCHAR U+011B
ENCODING 283
SWIDTH 500 0
DWIDTH 7 0
BBX 7 14 0 0
BITMAP
0000000
0000000
0000000
0000000
0000000
0000000
0000000
0000000
0000000
0000000
0000000
0000000
0000000
0000000
ENDCHAR
STARTCHAR U+00EA
ENCODING 234
SWIDTH 500 0
DWIDTH 7 0
BBX 7 14 0 0
BITMAP
0000000
0000000
0000000
0000000
0000000
0000000
0000000
0000000
0000000
0000000
0000000
0000000
0000000
0000000
ENDCHAR
STARTCHAR U+00EB
ENCODING 235
SWIDTH 500 0
DWIDTH 7 0
BBX 7 14 0 0
BITMAP
0000000
0000000
0000000
0000000
0000000
0000000
0000000
0000000
0000000
0000000
0000000
0000000
0000000
0000000
ENDCHAR
STARTCHAR U+0117
ENCODING 279
SWIDTH 500 0
DWIDTH 7 0
BBX 7 14 0 0
BITMAP
0000000
0000000
0000000
0000000
0000000
0000000
0000000
0000000
0000000
0000000
0000000
0000000
0000000
0000000
ENDCHAR
STARTCHAR U+1EB9
ENCODING 7865
SWIDTH 500 0
DWIDTH 7 0
BBX 7 14 0 0
BITMAP
0000000
0000008
0000000
0000000
0000000
0000000
0000000
0000000
0000000
0000000
0000000
0000000
0000000
0000000
ENDCHAR
STARTCHAR U+00E8
ENCODING 232
SWIDTH 500 0
DWIDTH 7 0
BBX 7 14 0 0
BITMAP
0000000
0000000
0000000
0000000
0000000
0000000
0000000
0000000
0000000
0000000
0000000
0000000
0000000
0000000
ENDCHAR
STARTCHAR U+0113
ENCODING 275
SWIDTH 500 0
DWIDTH 7 0
BBX 7 14 0 0
BITMAP
0000000
0000000
0000000
0000000
0000000
0000000
0000000
0000000
0000000
0000000
0000000
0000000
0000000
0000000
ENDCHAR
STARTCHAR U+0119
ENCODING 281
SWIDTH 500 0
DWIDTH 7 0
BBX 7 14 0 0
BITMAP
0000008
0000010
0000008
0000000
0000000
0000000
0000000
0000000
0000000
0000000
0000000
0000000
0000000
0000000
ENDCHAR
STARTCHAR U+025B
ENCODING 603
SWIDTH 500 0
DWIDTH 7 0
BBX 7 14 0 0
BITMAP
0000000
0000000
0000000
0000000
0000000
0000000
0000000
0000000
0000000
0000000
0000000
0000000
0000000
0000000
ENDCHAR
STARTCHAR U+1EBD
ENCODING 7869
SWIDTH 500 0
DWIDTH 7 0
BBX 7 14 0 0
BITMAP
0000000
0000000
0000000
0000000
0000000
0000000
0000000
0000000
0000000
0000000
0000000
0000000
0000000
0000000
ENDCHAR
STARTCHAR U+01DD
ENCODING 477
SWIDTH 500 0
DWIDTH 7 0
BBX 7 14 0 0
BITMAP
0000000
0000000
0000000
0000000
0000000
0000000
0000000
0000000
0000000
0000000
0000000
0000000
0000000
0000000
ENDCHAR
STARTCHAR U+0259
ENCODING 601
SWIDTH 500 0
DWIDTH 7 0
BBX 7 14 0 0
BITMAP
0000000
0000000
0000000
0000000
0000000
0000000
0000000
0000000
0000000
0000000
0000000
0000000
0000000
0000000
ENDCHAR
STARTCHAR U+1E1F
ENCODING 7711
SWIDTH 500 0
DWIDTH 7 0
BBX 7 14 0 0
BITMAP
0000000
0000000
0000000
0000000
0000000
0000000
0000000
0000000
0000000
0000000
0000000
0000000
0000000
0000000
ENDCHAR
STARTCHAR U+0263
ENCODING 611
SWIDTH 500 0
DWIDTH 7 0
BBX 7 14 0 0
BITMAP
0000008
0000014
0000008
0000000
0000000
0000000
0000000
0000000
0000000
0000000
0000000
0000000
0000000
0000000
ENDCHAR
STARTCHAR U+011F
ENCODING 287
SWIDTH 500 0
DWIDTH 7 0
BBX 7 14 0 0
BITMAP
0000002
000001C
0000000
0000000
0000000
0000000
0000000
0000000
0000000
0000000
0000000
0000000
0000000
0000000
ENDCHAR
STARTCHAR U+01E7
ENCODING 487
SWIDTH 500 0
DWIDTH 7 0
BBX 7 14 0 0
BITMAP
0000002
000001C
0000000
0000000
0000000
0000000
0000000
0000000
0000000
0000000
0000000
0000000
0000000
0000000
ENDCHAR
STARTCHAR U+011D
ENCODING 285
SWIDTH 500 0
DWIDTH 7 0
BBX 7 14 0 0
BITMAP
0000002
000001C
0000000
0000000
0000000
0000000
0000000
0000000
0000000
0000000
0000000
0000000
0000000
0000000
ENDCHAR
STARTCHAR U+0123
ENCODING 291
SWIDTH 500 0
DWIDTH 7 0
BBX 7 14 0 0
BITMAP
0000002
000001C
0000000
0000000
0000000
0000000
0000000
0000000
0000000
0000000
0000000
0000000
0000000
0000000
ENDCHAR
STARTCHAR U+0121
ENCODING 289
SWIDTH 500 0
DWIDTH 7 0
BBX 7 14 0 0
BITMAP
0000002
000001C
0000000
0000000
0000000
0000000
0000000
0000000
0000000
0000000
0000000
0000000
0000000
0000000
ENDCHAR
STARTCHAR U+0260
ENCODING 608
SWIDTH 500 0
DWIDTH 7 0
BBX 7 14 0 0
BITMAP
0000002
000001C
0000000
0000000
0000000
0000000
0000000
0000000
0000000
0000000
0000000
0000000
0000000
0000000
ENDCHAR
STARTCHAR U+0294
ENCODING 660
SWIDTH 500 0
DWIDTH 7 0
BBX 7 14 0 0
BITMAP
0000000
0000000
0000000
0000000
0000000
0000000
0000000
0000000
0000000
0000000
0000000
0000000
0000000
0000000
ENDCHAR
STARTCHAR U+1E21
ENCODING 7713
SWIDTH 500 0
DWIDTH 7 0
BBX 7 14 0 0
BITMAP
0000002
000001C
0000000
0000000
0000000
0000000
0000000
0000000
0000000
0000000
0000000
0000000
0000000
0000000
ENDCHAR
STARTCHAR U+0127
ENCODING 295
SWIDTH 500 0
DWIDTH 7 0
BBX 7 14 0 0
BITMAP
0000000
0000000
0000000
0000000
0000000
0000000
0000000
0000000
0000000
0000000
0000000
0000000
0000000
0000000
ENDCHAR
STARTCHAR U+1E2B
ENCODING 7723
SWIDTH 500 0
DWIDTH 7 0
BBX 7 14 0 0
BITMAP
0000000
0000022
000001C
0000000
0000000
0000000
0000000
0000000
0000000
0000000
0000000
0000000
0000000
0000000
ENDCHAR
STARTCHAR U+021F
ENCODING 543
SWIDTH 500 0
DWIDTH 7 0
BBX 7 14 0 0
BITMAP
0000000
0000000
0000000
0000000
0000000
0000000
0000000
0000000
0000000
0000000
0000000
0000000
0000000
0000000
ENDCHAR
STARTCHAR U+0125
ENCODING 293
SWIDTH 500 0
DWIDTH 7 0
BBX 7 14 0 0
BITMAP
0000000
0000000
0000000
0000000
0000000
0000000
0000000
0000000
0000000
0000000
0000000
0000000
0000000
0000000
ENDCHAR
STARTCHAR U+1E25
ENCODING 7717
SWIDTH 500 0
DWIDTH 7 0
BBX 7 14 0 0
BITMAP
0000000
0000008
0000000
0000000
0000000
0000000
0000000
0000000
0000000
0000000
0000000
0000000
0000000
0000000
ENDCHAR
STARTCHAR U+0131
ENCODING 305
SWIDTH 500 0
DWIDTH 7 0
BBX 7 14 0 0
BITMAP
0000000
0000000
0000000
0000000
0000000
0000000
0000000
0000000
0000000
0000000
0000000
0000000
0000000
0000000
ENDCHAR
STARTCHAR U+00ED
ENCODING 237
SWIDTH 500 0
DWIDTH 7 0
BBX 7 14 0 0
BITMAP
0000000
0000000
0000000
0000000
0000000
0000000
0000000
0000000
0000000
0000000
0000000
0000000
0000000
0000000
ENDCHAR
STARTCHAR U+012D
ENCODING 301
SWIDTH 500 0
DWIDTH 7 0
BBX 7 14 0 0
BITMAP
0000000
0000000
0000000
0000000
0000000
0000000
0000000
0000000
0000000
0000000
0000000
0000000
0000000
0000000
ENDCHAR
STARTCHAR U+01D0
ENCODING 464
SWIDTH 500 0
DWIDTH 7 0
BBX 7 14 0 0
BITMAP
0000000
0000000
0000000
0000000
0000000
0000000
0000000
0000000
0000000
0000000
0000000
0000000
0000000
0000000
ENDCHAR
STARTCHAR U+00EE
ENCODING 238
SWIDTH 500 0
DWIDTH 7 0
BBX 7 14 0 0
BITMAP
0000000
0000000
0000000
0000000
0000000
0000000
0000000
0000000
0000000
0000000
0000000
0000000
0000000
0000000
ENDCHAR
STARTCHAR U+00EF
ENCODING 239
SWIDTH 500 0
DWIDTH 7 0
BBX 7 14 0 0
BITMAP
0000000
0000000
0000000
0000000
0000000
0000000
0000000
0000000
0000000
0000000
0000000
0000000
0000000
0000000
ENDCHAR
STARTCHAR U+1ECB
ENCODING 7883
SWIDTH 500 0
DWIDTH 7 0
BBX 7 14 0 0
BITMAP
0000000
0000008
0000000
0000000
0000000
0000000
0000000
0000000
0000000
0000000
0000000
0000000
0000000
0000000
ENDCHAR
STARTCHAR U+00EC
ENCODING 236
SWIDTH 500 0
DWIDTH 7 0
BBX 7 14 0 0
BITMAP
0000000
0000000
0000000
0000000
0000000
0000000
0000000
0000000
0000000
0000000
0000000
0000000
0000000
0000000
ENDCHAR
STARTCHAR U+012B
ENCODING 299
SWIDTH 500 0
DWIDTH 7 0
BBX 7 14 0 0
BITMAP
0000000
0000000
0000000
0000000
0000000
0000000
0000000
0000000
0000000
0000000
0000000
0000000
0000000
0000000
ENDCHAR
STARTCHAR U+012F
ENCODING 303
SWIDTH 500 0
DWIDTH 7 0
BBX 7 14 0 0
BITMAP
0000008
0000010
0000008
0000000
0000000
0000000
0000000
0000000
0000000
0000000
0000000
0000000
0000000
0000000
ENDCHAR
STARTCHAR U+0268
ENCODING 616
SWIDTH 500 0
DWIDTH 7 0
BBX 7 14 0 0
BITMAP
0000000
0000000
0000000
0000000
0000000
0000000
0000000
0000000
0000000
0000000
0000000
0000000
0000000
0000000
ENDCHAR
STARTCHAR U+0129
ENCODING 297
SWIDTH 500 0
DWIDTH 7 0
BBX 7 14 0 0
BITMAP
0000000
0000000
0000000
0000000
0000000
0000000
0000000
0000000
0000000
0000000
0000000
0000000
0000000
0000000
ENDCHAR
STARTCHAR U+0133
ENCODING 307
SWIDTH 500 0
DWIDTH 7 0
BBX 7 14 0 0
BITMAP
0000002
000000C
0000000
0000000
0000000
0000000
0000000
0000000
0000000
0000000
0000000
0000000
0000000
0000000
ENDCHAR
STARTCHAR U+0237
ENCODING 567
SWIDTH 500 0
DWIDTH 7 0
BBX 7 14 0 0
BITMAP
0000024
0000018
0000000
0000000
0000000
0000000
0000000
0000000
0000000
0000000
0000000
0000000
0000000
0000000
ENDCHAR
STARTCHAR U+0135
ENCODING 309
SWIDTH 500 0
DWIDTH 7 0
BBX 7 14 0 0
BITMAP
0000024
0000018
0000000
0000000
0000000
0000000
0000000
0000000
0000000
0000000
0000000
0000000
0000000
0000000
ENDCHAR
STARTCHAR U+0137
ENCODING 311
SWIDTH 500 0
DWIDTH 7 0
BBX 7 14 0 0
BITMAP
0000000
0000008
0000010
0000000
0000000
0000000
0000000
0000000
0000000
0000000
0000000
0000000
0000000
0000000
ENDCHAR
STARTCHAR U+1E33
ENCODING 7731
SWIDTH 500 0
DWIDTH 7 0
BBX 7 14 0 0
BITMAP
0000000
0000008
0000000
0000000
0000000
0000000
0000000
0000000
0000000
0000000
0000000
0000000
0000000
0000000
ENDCHAR
STARTCHAR U+0138
ENCODING 312
SWIDTH 500 0
DWIDTH 7 0
BBX 7 14 0 0
BITMAP
0000000
0000000
0000000
0000000
0000000
0000000
0000000
0000000
0000000
0000000
0000000
0000000
0000000
0000000
ENDCHAR
STARTCHAR U+0199
ENCODING 409
SWIDTH 500 0
DWIDTH 7 0
BBX 7 14 0 0
BITMAP
0000000
0000000
0000000
0000000
0000000
0000000
0000000
0000000
0000000
0000000
0000000
0000000
0000000
0000000
ENDCHAR
STARTCHAR U+013A
ENCODING 314
SWIDTH 500 0
DWIDTH 7 0
BBX 7 14 0 0
BITMAP
0000000
0000000
0000000
0000000
0000000
0000000
0000000
0000000
0000000
0000000
0000000
0000000
0000000
0000000
ENDCHAR
STARTCHAR U+013E
ENCODING 318
SWIDTH 500 0
DWIDTH 7 0
BBX 7 14 0 0
BITMAP
0000000
0000000
0000000
0000000
0000000
0000000
0000000
0000000
0000000
0000000
0000000
0000000
0000000
0000000
ENDCHAR
STARTCHAR U+013C
ENCODING 316
SWIDTH 500 0
DWIDTH 7 0
BBX 7 14 0 0
BITMAP
0000000
0000008
0000010
0000000
0000000
0000000
0000000
0000000
0000000
0000000
0000000
0000000
0000000
0000000
ENDCHAR
STARTCHAR U+0140
ENCODING 320
SWIDTH 500 0
DWIDTH 7 0
BBX 7 14 0 0
BITMAP
0000000
0000000
0000000
0000000
0000000
0000000
0000000
0000000
0000000
0000000
0000000
0000000
0000000
0000000
ENDCHAR
STARTCHAR U+1E37
ENCODING 7735
SWIDTH 500 0
DWIDTH 7 0
BBX 7 14 0 0
BITMAP
0000000
0000008
0000000
0000000
0000000
0000000
0000000
0000000
0000000
0000000
0000000
0000000
0000000
0000000
ENDCHAR
STARTCHAR U+1E9B
ENCODING 7835
SWIDTH 500 0
DWIDTH 7 0
BBX 7 14 0 0
BITMAP
0000000
0000000
0000000
0000000
0000000
0000000
0000000
0000000
0000000
0000000
0000000
0000000
0000000
0000000
ENDCHAR
STARTCHAR U+0142
ENCODING 322
SWIDTH 500 0
DWIDTH 7 0
BBX 7 14 0 0
BITMAP
0000000
0000000
0000000
0000000
0000000
0000000
0000000
0000000
0000000
0000000
0000000
0000000
0000000
0000000
ENDCHAR
STARTCHAR U+1E3F
ENCODING 7743
SWIDTH 500 0
DWIDTH 7 0
BBX 7 14 0 0
BITMAP
0000000
0000000
0000000
0000000
0000000
0000000
0000000
0000000
0000000
0000000
0000000
0000000
0000000
0000000
ENDCHAR
STARTCHAR U+1E41
ENCODING 7745
SWIDTH 500 0
DWIDTH 7 0
BBX 7 14 0 0
BITMAP
0000000
0000000
0000000
0000000
0000000
0000000
0000000
0000000
0000000
0000000
0000000
0000000
0000000
0000000
ENDCHAR
STARTCHAR U+0144
ENCODING 324
SWIDTH 500 0
DWIDTH 7 0
BBX 7 14 0 0
BITMAP
0000000
0000000
0000000
0000000
0000000
0000000
0000000
0000000
0000000
0000000
0000000
0000000
0000000
0000000
ENDCHAR
STARTCHAR U+0148
ENCODING 328
SWIDTH 500 0
DWIDTH 7 0
BBX 7 14 0 0
BITMAP
0000000
0000000
0000000
0000000
0000000
0000000
0000000
0000000
0000000
0000000
0000000
0000000
0000000
0000000
ENDCHAR
STARTCHAR U+0146
ENCODING 326
SWIDTH 500 0
DWIDTH 7 0
BBX 7 14 0 0
BITMAP
0000000
0000008
0000010
0000000
0000000
0000000
0000000
0000000
0000000
0000000
0000000
0000000
0000000
0000000
ENDCHAR
STARTCHAR U+1E45
ENCODING 7749
SWIDTH 500 0
DWIDTH 7 0
BBX 7 14 0 0
BITMAP
0000000
0000000
0000000
0000000
0000000
0000000
0000000
0000000
0000000
0000000
0000000
0000000
0000000
0000000
ENDCHAR
STARTCHAR U+01F9
ENCODING 505
SWIDTH 500 0
DWIDTH 7 0
BBX 7 14 0 0
BITMAP
0000000
0000000
0000000
0000000
0000000
0000000
0000000
0000000
0000000
0000000
0000000
0000000
0000000
0000000
ENDCHAR
STARTCHAR U+0272
ENCODING 626
SWIDTH 500 0
DWIDTH 7 0
BBX 7 14 0 0
BITMAP
0000020
0000040
0000000
0000000
0000000
0000000
0000000
0000000
0000000
0000000
0000000
0000000
0000000
0000000
ENDCHAR
STARTCHAR U+00F1
ENCODING 241
SWIDTH 500 0
DWIDTH 7 0
BBX 7 14 0 0
BITMAP
0000000
0000000
0000000
0000000
0000000
0000000
0000000
0000000
0000000
0000000
0000000
0000000
0000000
0000000
ENDCHAR
STARTCHAR U+014B
ENCODING 331
SWIDTH 500 0
DWIDTH 7 0
BBX 7 14 0 0
BITMAP
0000002
0000004
0000000
0000000
0000000
0000000
0000000
0000000
0000000
0000000
0000000
0000000
0000000
0000000
ENDCHAR
STARTCHAR U+00F3
ENCODING 243
SWIDTH 500 0
DWIDTH 7 0
BBX 7 14 0 0
BITMAP
0000000
0000000
0000000
0000000
0000000
0000000
0000000
0000000
0000000
0000000
0000000
0000000
0000000
0000000
ENDCHAR
STARTCHAR U+014F
ENCODING 335
SWIDTH 500 0
DWIDTH 7 0
BBX 7 14 0 0
BITMAP
0000000
0000000
0000000
0000000
0000000
0000000
0000000
0000000
0000000
0000000
0000000
0000000
0000000
0000000
ENDCHAR
STARTCHAR U+01D2
ENCODING 466
SWIDTH 500 0
DWIDTH 7 0
BBX 7 14 0 0
BITMAP
0000000
0000000
0000000
0000000
0000000
0000000
0000000
0000000
0000000
0000000
0000000
0000000
0000000
0000000
ENDCHAR
STARTCHAR U+00F4
ENCODING 244
SWIDTH 500 0
DWIDTH 7 0
BBX 7 14 0 0
BITMAP
0000000
0000000
0000000
0000000
0000000
0000000
0000000
0000000
0000000
0000000
0000000
0000000
0000000
0000000
ENDCHAR
STARTCHAR U+00F6
ENCODING 246
SWIDTH 500 0
DWIDTH 7 0
BBX 7 14 0 0
BITMAP
0000000
0000000
0000000
0000000
0000000
0000000
0000000
0000000
0000000
0000000
0000000
0000000
0000000
0000000
ENDCHAR
STARTCHAR U+1ECD
ENCODING 7885
SWIDTH 500 0
DWIDTH 7 0
BBX 7 14 0 0
BITMAP
0000000
0000008
0000000
0000000
0000000
0000000
0000000
0000000
0000000
0000000
0000000
0000000
0000000
0000000
ENDCHAR
STARTCHAR U+00F2
ENCODING 242
SWIDTH 500 0
DWIDTH 7 0
BBX 7 14 0 0
BITMAP
0000000
0000000
0000000
0000000
0000000
0000000
0000000
0000000
0000000
0000000
0000000
0000000
0000000
0000000
ENDCHAR
STARTCHAR U+0151
ENCODING 337
SWIDTH 500 0
DWIDTH 7 0
BBX 7 14 0 0
BITMAP
0000000
0000000
0000000
0000000
0000000
0000000
0000000
0000000
0000000
0000000
0000000
0000000
0000000
0000000
ENDCHAR
STARTCHAR U+014D
ENCODING 333
SWIDTH 500 0
DWIDTH 7 0
BBX 7 14 0 0
BITMAP
0000000
0000000
0000000
0000000
0000000
0000000
0000000
0000000
0000000
0000000
0000000
0000000
0000000
0000000
ENDCHAR
STARTCHAR U+01EB
ENCODING 491
SWIDTH 500 0
DWIDTH 7 0
BBX 7 14 0 0
BITMAP
0000008
0000010
0000008
0000000
0000000
0000000
0000000
0000000
0000000
0000000
0000000
0000000
0000000
0000000
ENDCHAR
STARTCHAR U+0254
ENCODING 596
SWIDTH 500 0
DWIDTH 7 0
BBX 7 14 0 0
BITMAP
0000000
0000000
0000000
0000000
0000000
0000000
0000000
0000000
0000000
0000000
0000000
0000000
0000000
0000000
ENDCHAR
STARTCHAR U+00F8
ENCODING 248
SWIDTH 500 0
DWIDTH 7 0
BBX 7 14 0 0
BITMAP
0000040
0000000
0000000
0000000
0000000
0000000
0000000
0000000
0000000
0000000
0000000
0000000
0000000
0000000
ENDCHAR
STARTCHAR U+01FF
ENCODING 511
SWIDTH 500 0
DWIDTH 7 0
BBX 7 14 0 0
BITMAP
0000040
0000000
0000000
0000000
0000000
0000000
0000000
0000000
0000000
0000000
0000000
0000000
0000000
0000000
ENDCHAR
STARTCHAR U+00F5
ENCODING 245
SWIDTH 500 0
DWIDTH 7 0
BBX 7 14 0 0
BITMAP
0000000
0000000
0000000
0000000
0000000
0000000
0000000
0000000
0000000
0000000
0000000
0000000
0000000
0000000
ENDCHAR
STARTCHAR U+0153
ENCODING 339
SWIDTH 500 0
DWIDTH 7 0
BBX 7 14 0 0
BITMAP
0000000
0000000
0000000
0000000
0000000
0000000
0000000
0000000
0000000
0000000
0000000
0000000
0000000
0000000
ENDCHAR
STARTCHAR U+1E57
ENCODING 7767
SWIDTH 500 0
DWIDTH 7 0
BBX 7 14 0 0
BITMAP
0000020
0000020
0000000
0000000
0000000
0000000
0000000
0000000
0000000
0000000
0000000
0000000
0000000
0000000
ENDCHAR
STARTCHAR U+00FE
ENCODING 254
SWIDTH 500 0
DWIDTH 7 0
BBX 7 14 0 0
BITMAP
0000020
0000020
0000000
0000000
0000000
0000000
0000000
0000000
0000000
0000000
0000000
0000000
0000000
0000000
ENDCHAR
STARTCHAR U+0155
ENCODING 341
SWIDTH 500 0
DWIDTH 7 0
BBX 7 14 0 0
BITMAP
0000000
0000000
0000000
0000000
0000000
0000000
0000000
0000000
0000000
0000000
0000000
0000000
0000000
0000000
ENDCHAR
STARTCHAR U+0159
ENCODING 345
SWIDTH 500 0
DWIDTH 7 0
BBX 7 14 0 0
BITMAP
0000000
0000000
0000000
0000000
0000000
0000000
0000000
0000000
0000000
0000000
0000000
0000000
0000000
0000000
ENDCHAR
STARTCHAR U+0157
ENCODING 343
SWIDTH 500 0
DWIDTH 7 0
BBX 7 14 0 0
BITMAP
0000000
0000010
0000020
0000000
0000000
0000000
0000000
0000000
0000000
0000000
0000000
0000000
0000000
0000000
ENDCHAR
STARTCHAR U+1E5B
ENCODING 7771
SWIDTH 500 0
DWIDTH 7 0
BBX 7 14 0 0
BITMAP
0000000
0000010
0000000
0000000
0000000
0000000
0000000
0000000
0000000
0000000
0000000
0000000
0000000
0000000
ENDCHAR
STARTCHAR U+027C
ENCODING 636
SWIDTH 500 0
DWIDTH 7 0
BBX 7 14 0 0
BITMAP
0000010
000003C
0000000
0000000
0000000
0000000
0000000
0000000
0000000
0000000
0000000
0000000
0000000
0000000
ENDCHAR
STARTCHAR U+015B
ENCODING 347
SWIDTH 500 0
DWIDTH 7 0
BBX 7 14 0 0
BITMAP
0000000
0000000
0000000
0000000
0000000
0000000
0000000
0000000
0000000
0000000
0000000
0000000
0000000
0000000
ENDCHAR
STARTCHAR U+0161
ENCODING 353
SWIDTH 500 0
DWIDTH 7 0
BBX 7 14 0 0
BITMAP
0000000
0000000
0000000
0000000
0000000
0000000
0000000
0000000
0000000
0000000
0000000
0000000
0000000
0000000
ENDCHAR
STARTCHAR U+015F
ENCODING 351
SWIDTH 500 0
DWIDTH 7 0
BBX 7 14 0 0
BITMAP
0000008
0000004
0000008
0000000
0000000
0000000
0000000
0000000
0000000
0000000
0000000
0000000
0000000
0000000
ENDCHAR
STARTCHAR U+015D
ENCODING 349
SWIDTH 500 0
DWIDTH 7 0
BBX 7 14 0 0
BITMAP
0000000
0000000
0000000
0000000
0000000
0000000
0000000
0000000
0000000
0000000
0000000
0000000
0000000
0000000
ENDCHAR
STARTCHAR U+0219
ENCODING 537
SWIDTH 500 0
DWIDTH 7 0
BBX 7 14 0 0
BITMAP
0000000
0000008
0000010
0000000
0000000
0000000
0000000
0000000
0000000
0000000
0000000
0000000
0000000
0000000
ENDCHAR
STARTCHAR U+1E61
ENCODING 7777
SWIDTH 500 0
DWIDTH 7 0
BBX 7 14 0 0
BITMAP
0000000
0000000
0000000
0000000
0000000
0000000
0000000
0000000
0000000
0000000
0000000
0000000
0000000
0000000
ENDCHAR
STARTCHAR U+1E63
ENCODING 7779
SWIDTH 500 0
DWIDTH 7 0
BBX 7 14 0 0
BITMAP
0000000
0000008
0000000
0000000
0000000
0000000
0000000
0000000
0000000
0000000
0000000
0000000
0000000
0000000
ENDCHAR
STARTCHAR U+00DF
ENCODING 223
SWIDTH 500 0
DWIDTH 7 0
BBX 7 14 0 0
BITMAP
0000020
0000020
0000000
0000000
0000000
0000000
0000000
0000000
0000000
0000000
0000000
0000000
0000000
0000000
ENDCHAR
STARTCHAR U+017F
ENCODING 383
SWIDTH 500 0
DWIDTH 7 0
BBX 7 14 0 0
BITMAP
0000000
0000000
0000000
0000000
0000000
0000000
0000000
0000000
0000000
0000000
0000000
0000000
0000000
0000000
ENDCHAR
STARTCHAR U+0167
ENCODING 359
SWIDTH 500 0
DWIDTH 7 0
BBX 7 14 0 0
BITMAP
0000000
0000000
0000000
0000000
0000000
0000000
0000000
0000000
0000000
0000000
0000000
0000000
0000000
0000000
ENDCHAR
STARTCHAR U+0165
ENCODING 357
SWIDTH 500 0
DWIDTH 7 0
BBX 7 14 0 0
BITMAP
0000000
0000000
0000000
0000000
0000000
0000000
0000000
0000000
0000000
0000000
0000000
0000000
0000000
0000000
ENDCHAR
STARTCHAR U+0163
ENCODING 355
SWIDTH 500 0
DWIDTH 7 0
BBX 7 14 0 0
BITMAP
0000008
0000004
0000008
0000000
0000000
0000000
0000000
0000000
0000000
0000000
0000000
0000000
0000000
0000000
ENDCHAR
STARTCHAR U+021B
ENCODING 539
SWIDTH 500 0
DWIDTH 7 0
BBX 7 14 0 0
BITMAP
0000000
0000008
0000010
0000000
0000000
0000000
0000000
0000000
0000000
0000000
0000000
0000000
0000000
0000000
ENDCHAR
STARTCHAR U+1E6B
ENCODING 7787
SWIDTH 500 0
DWIDTH 7 0
BBX 7 14 0 0
BITMAP
0000000
0000000
0000000
0000000
0000000
0000000
0000000
0000000
0000000
0000000
0000000
0000000
0000000
0000000
ENDCHAR
STARTCHAR U+1E6D
ENCODING 7789
SWIDTH 500 0
DWIDTH 7 0
BBX 7 14 0 0
BITMAP
0000000
0000008
0000000
0000000
0000000
0000000
0000000
0000000
0000000
0000000
0000000
0000000
0000000
0000000
ENDCHAR
STARTCHAR U+00FA
ENCODING 250
SWIDTH 500 0
DWIDTH 7 0
BBX 7 14 0 0
BITMAP
0000000
0000000
0000000
0000000
0000000
0000000
0000000
0000000
0000000
0000000
0000000
0000000
0000000
0000000
ENDCHAR
STARTCHAR U+0289
ENCODING 649
SWIDTH 500 0
DWIDTH 7 0
BBX 7 14 0 0
BITMAP
0000000
0000000
0000000
0000000
0000000
0000000
0000000
0000000
0000000
0000000
0000000
0000000
0000000
0000000
ENDCHAR
STARTCHAR U+016D
ENCODING 365
SWIDTH 500 0
DWIDTH 7 0
BBX 7 14 0 0
BITMAP
0000000
0000000
0000000
0000000
0000000
0000000
0000000
0000000
0000000
0000000
0000000
0000000
0000000
0000000
ENDCHAR
STARTCHAR U+01D4
ENCODING 468
SWIDTH 500 0
DWIDTH 7 0
BBX 7 14 0 0
BITMAP
0000000
0000000
0000000
0000000
0000000
0000000
0000000
0000000
0000000
0000000
0000000
0000000
0000000
0000000
ENDCHAR
STARTCHAR U+00FB
ENCODING 251
SWIDTH 500 0
DWIDTH 7 0
BBX 7 14 0 0
BITMAP
0000000
0000000
0000000
0000000
0000000
0000000
0000000
0000000
0000000
0000000
0000000
0000000
0000000
0000000
ENDCHAR
STARTCHAR U+00FC
ENCODING 252
SWIDTH 500 0
DWIDTH 7 0
BBX 7 14 0 0
BITMAP
0000000
0000000
0000000
0000000
0000000
0000000
0000000
0000000
0000000
0000000
0000000
0000000
0000000
0000000
ENDCHAR
STARTCHAR U+1EE5
ENCODING 7909
SWIDTH 500 0
DWIDTH 7 0
BBX 7 14 0 0
BITMAP
0000000
0000008
0000000
0000000
0000000
0000000
0000000
0000000
0000000
0000000
0000000
0000000
0000000
0000000
ENDCHAR
STARTCHAR U+00F9
ENCODING 249
SWIDTH 500 0
DWIDTH 7 0
BBX 7 14 0 0
BITMAP
0000000
0000000
0000000
0000000
0000000
0000000
0000000
0000000
0000000
0000000
0000000
0000000
0000000
0000000
ENDCHAR
STARTCHAR U+01B0
ENCODING 432
SWIDTH 500 0
DWIDTH 7 0
BBX 7 14 0 0
BITMAP
0000000
0000000
0000000
0000000
0000000
0000000
0000000
0000000
0000000
0000000
0000000
0000000
0000000
0000000
ENDCHAR
STARTCHAR U+0171
ENCODING 369
SWIDTH 500 0
DWIDTH 7 0
BBX 7 14 0 0
BITMAP
0000000
0000000
0000000
0000000
0000000
0000000
0000000
0000000
0000000
0000000
0000000
0000000
0000000
0000000
ENDCHAR
STARTCHAR U+016B
ENCODING 363
SWIDTH 500 0
DWIDTH 7 0
BBX 7 14 0 0
BITMAP
0000000
0000000
0000000
0000000
0000000
0000000
0000000
0000000
0000000
0000000
0000000
0000000
0000000
0000000
ENDCHAR
STARTCHAR U+0173
ENCODING 371
SWIDTH 500 0
DWIDTH 7 0
BBX 7 14 0 0
BITMAP
0000002
0000004
0000002
0000000
0000000
0000000
0000000
0000000
0000000
0000000
0000000
0000000
0000000
0000000
ENDCHAR
STARTCHAR U+016F
ENCODING 367
SWIDTH 500 0
DWIDTH 7 0
BBX 7 14 0 0
BITMAP
0000000
0000000
0000000
0000000
0000000
0000000
0000000
0000000
0000000
0000000
0000000
0000000
0000000
0000000
ENDCHAR
STARTCHAR U+0169
ENCODING 361
SWIDTH 500 0
DWIDTH 7 0
BBX 7 14 0 0
BITMAP
0000000
0000000
0000000
0000000
0000000
0000000
0000000
0000000
0000000
0000000
0000000
0000000
0000000
0000000
ENDCHAR
STARTCHAR U+028B
ENCODING 651
SWIDTH 500 0
DWIDTH 7 0
BBX 7 14 0 0
BITMAP
0000000
0000000
0000000
0000000
0000000
0000000
0000000
0000000
0000000
0000000
0000000
0000000
0000000
0000000
ENDCHAR
STARTCHAR U+1E7D
ENCODING 7805
SWIDTH 500 0
DWIDTH 7 0
BBX 7 14 0 0
BITMAP
0000000
0000000
0000000
0000000
0000000
0000000
0000000
0000000
0000000
0000000
0000000
0000000
0000000
0000000
ENDCHAR
STARTCHAR U+1E83
ENCODING 7811
SWIDTH 500 0
DWIDTH 7 0
BBX 7 14 0 0
BITMAP
0000000
0000000
0000000
0000000
0000000
0000000
0000000
0000000
0000000
0000000
0000000
0000000
0000000
0000000
ENDCHAR
STARTCHAR U+0175
ENCODING 373
SWIDTH 500 0
DWIDTH 7 0
BBX 7 14 0 0
BITMAP
0000000
0000000
0000000
0000000
0000000
0000000
0000000
0000000
0000000
0000000
0000000
0000000
0000000
0000000
ENDCHAR
STARTCHAR U+1E85
ENCODING 7813
SWIDTH 500 0
DWIDTH 7 0
BBX 7 14 0 0
BITMAP
0000000
0000000
0000000
0000000
0000000
0000000
0000000
0000000
0000000
0000000
0000000
0000000
0000000
0000000
ENDCHAR
STARTCHAR U+1E81
ENCODING 7809
SWIDTH 500 0
DWIDTH 7 0
BBX 7 14 0 0
BITMAP
0000000
0000000
0000000
0000000
0000000
0000000
0000000
0000000
0000000
0000000
0000000
0000000
0000000
0000000
ENDCHAR
STARTCHAR U+00FD
ENCODING 253
SWIDTH 500 0
DWIDTH 7 0
BBX 7 14 0 0
BITMAP
0000008
0000030
0000000
0000000
0000000
0000000
0000000
0000000
0000000
0000000
0000000
0000000
0000000
0000000
ENDCHAR
STARTCHAR U+0177
ENCODING 375
SWIDTH 500 0
DWIDTH 7 0
BBX 7 14 0 0
BITMAP
0000008
0000030
0000000
0000000
0000000
0000000
0000000
0000000
0000000
0000000
0000000
0000000
0000000
0000000
ENDCHAR
STARTCHAR U+00FF
ENCODING 255
SWIDTH 500 0
DWIDTH 7 0
BBX 7 14 0 0
BITMAP
0000008
0000030
0000000
0000000
0000000
0000000
0000000
0000000
0000000
0000000
0000000
0000000
0000000
0000000
ENDCHAR
STARTCHAR U+1E8F
ENCODING 7823
SWIDTH 500 0
DWIDTH 7 0
BBX 7 14 0 0
BITMAP
0000008
0000030
0000000
0000000
0000000
0000000
0000000
0000000
0000000
0000000
0000000
0000000
0000000
0000000
ENDCHAR
STARTCHAR U+1EF3
ENCODING 7923
SWIDTH 500 0
DWIDTH 7 0
BBX 7 14 0 0
BITMAP
0000008
0000030
0000000
0000000
0000000
0000000
0000000
0000000
0000000
0000000
0000000
0000000
0000000
0000000
ENDCHAR
STARTCHAR U+01B4
ENCODING 436
SWIDTH 500 0
DWIDTH 7 0
BBX 7 14 0 0
BITMAP
0000008
0000030
0000000
0000000
0000000
0000000
0000000
0000000
0000000
0000000
0000000
0000000
0000000
0000000
ENDCHAR
STARTCHAR U+0233
ENCODING 563
SWIDTH 500 0
DWIDTH 7 0
BBX 7 14 0 0
BITMAP
0000008
0000030
0000000
0000000
0000000
0000000
0000000
0000000
0000000
0000000
0000000
0000000
0000000
0000000
ENDCHAR
STARTCHAR U+1EF9
ENCODING 7929
SWIDTH 500 0
DWIDTH 7 0
BBX 7 14 0 0
BITMAP
0000008
0000030
0000000
0000000
0000000
0000000
0000000
0000000
0000000
0000000
0000000
0000000
0000000
0000000
ENDCHAR
STARTCHAR U+017A
ENCODING 378
SWIDTH 500 0
DWIDTH 7 0
BBX 7 14 0 0
BITMAP
0000000
0000000
0000000
0000000
0000000
0000000
0000000
0000000
0000000
0000000
0000000
0000000
0000000
0000000
ENDCHAR
STARTCHAR U+017E
ENCODING 382
SWIDTH 500 0
DWIDTH 7 0
BBX 7 14 0 0
BITMAP
0000000
0000000
0000000
0000000
0000000
0000000
0000000
0000000
0000000
0000000
0000000
0000000
0000000
0000000
ENDCHAR
STARTCHAR U+017C
ENCODING 380
SWIDTH 500 0
DWIDTH 7 0
BBX 7 14 0 0
BITMAP
0000000
0000000
0000000
0000000
0000000
0000000
0000000
0000000
0000000
0000000
0000000
0000000
0000000
0000000
ENDCHAR
STARTCHAR U+1E93
ENCODING 7827
SWIDTH 500 0
DWIDTH 7 0
BBX 7 14 0 0
BITMAP
0000000
0000008
0000000
0000000
0000000
0000000
0000000
0000000
0000000
0000000
0000000
0000000
0000000
0000000
ENDCHAR
STARTCHAR U+A78C
ENCODING 42892
SWIDTH 500 0
DWIDTH 7 0
BBX 7 14 0 0
BITMAP
0000000
0000000
0000000
0000000
0000000
0000000
0000000
0000000
0000000
0000000
0000000
0000000
0000000
0000000
ENDCHAR
STARTCHAR U+01C2
ENCODING 450
SWIDTH 500 0
DWIDTH 7 0
BBX 7 14 0 0
BITMAP
0000008
0000000
0000000
0000000
0000000
0000000
0000000
0000000
0000000
0000000
0000000
0000000
0000000
0000000
ENDCHAR
STARTCHAR U+01C0
ENCODING 448
SWIDTH 500 0
DWIDTH 7 0
BBX 7 14 0 0
BITMAP
0000008
0000000
0000000
0000000
0000000
0000000
0000000
0000000
0000000
0000000
0000000
0000000
0000000
0000000
ENDCHAR
STARTCHAR U+01C1
ENCODING 449
SWIDTH 500 0
DWIDTH 7 0
BBX 7 14 0 0
BITMAP
0000014
0000000
0000000
0000000
0000000
0000000
0000000
0000000
0000000
0000000
0000000
0000000
0000000
0000000
ENDCHAR
STARTCHAR U+01C3
ENCODING 451
SWIDTH 500 0
DWIDTH 7 0
BBX 7 14 0 0
BITMAP
0000000
0000000
0000000
0000000
0000000
0000000
0000000
0000000
0000000
0000000
0000000
0000000
0000000
0000000
ENDCHAR
STARTCHAR U+0410
ENCODING 1040
SWIDTH 500 0
DWIDTH 7 0
BBX 7 14 0 0
BITMAP
0000000
0000000
0000000
0000000
0000000
0000000
0000000
0000000
0000000
0000000
0000000
0000000
0000000
0000000
ENDCHAR
STARTCHAR U+0411
ENCODING 1041
SWIDTH 500 0
DWIDTH 7 0
BBX 7 14 0 0
BITMAP
0000000
0000000
0000000
0000000
0000000
0000000
0000000
0000000
0000000
0000000
0000000
0000000
0000000
0000000
ENDCHAR
STARTCHAR U+0412
ENCODING 1042
SWIDTH 500 0
DWIDTH 7 0
BBX 7 14 0 0
BITMAP
0000000
0000000
0000000
0000000
0000000
0000000
0000000
0000000
0000000
0000000
0000000
0000000
0000000
0000000
ENDCHAR
STARTCHAR U+0413
ENCODING 1043
SWIDTH 500 0
DWIDTH 7 0
BBX 7 14 0 0
BITMAP
0000000
0000000
0000000
0000000
0000000
0000000
0000000
0000000
0000000
0000000
0000000
0000000
0000000
0000000
ENDCHAR
STARTCHAR U+0403
ENCODING 1027
SWIDTH 500 0
DWIDTH 7 0
BBX 7 14 0 0
BITMAP
0000000
0000000
0000000
0000000
0000000
0000000
0000000
0000000
0000000
0000000
0000000
0000000
0000000
0000000
ENDCHAR
STARTCHAR U+0490
ENCODING 1168
SWIDTH 500 0
DWIDTH 7 0
BBX 7 14 0 0
BITMAP
0000000
0000000
0000000
0000000
0000000
0000000
0000000
0000000
0000000
0000000
0000000
0000000
0000000
0000000
ENDCHAR
STARTCHAR U+04F6
ENCODING 1270
SWIDTH 500 0
DWIDTH 7 0
BBX 7 14 0 0
BITMAP
0000008
0000008
0000000
0000000
0000000
0000000
0000000
0000000
0000000
0000000
0000000
0000000
0000000
0000000
ENDCHAR
STARTCHAR U+0492
ENCODING 1170
SWIDTH 500 0
DWIDTH 7 0
BBX 7 14 0 0
BITMAP
0000000
0000000
0000000
0000000
0000000
0000000
0000000
0000000
0000000
0000000
0000000
0000000
0000000
0000000
ENDCHAR
STARTCHAR U+0494
ENCODING 1172
SWIDTH 500 0
DWIDTH 7 0
BBX 7 14 0 0
BITMAP
0000002
0000004
0000000
0000000
0000000
0000000
0000000
0000000
0000000
0000000
0000000
0000000
0000000
0000000
ENDCHAR
STARTCHAR U+0414
ENCODING 1044
SWIDTH 500 0
DWIDTH 7 0
BBX 7 14 0 0
BITMAP
0000041
0000041
0000000
0000000
0000000
0000000
0000000
0000000
0000000
0000000
0000000
0000000
0000000
0000000
ENDCHAR
STARTCHAR U+0415
ENCODING 1045
SWIDTH 500 0
DWIDTH 7 0
BBX 7 14 0 0
BITMAP
0000000
0000000
0000000
0000000
0000000
0000000
0000000
0000000
0000000
0000000
0000000
0000000
0000000
0000000
ENDCHAR
STARTCHAR U+0400
ENCODING 1024
SWIDTH 500 0
DWIDTH 7 0
BBX 7 14 0 0
BITMAP
0000000
0000000
0000000
0000000
0000000
0000000
0000000
0000000
0000000
0000000
0000000
0000000
0000000
0000000
ENDCHAR
STARTCHAR U+0401
ENCODING 1025
SWIDTH 500 0
DWIDTH 7 0
BBX 7 14 0 0
BITMAP
0000000
0000000
0000000
0000000
0000000
0000000
0000000
0000000
0000000
0000000
0000000
0000000
0000000
0000000
ENDCHAR
STARTCHAR U+0416
ENCODING 1046
SWIDTH 500 0
DWIDTH 7 0
BBX 7 14 0 0
BITMAP
0000000
0000000
0000000
0000000
0000000
0000000
0000000
0000000
0000000
0000000
0000000
0000000
0000000
0000000
ENDCHAR
STARTCHAR U+0417
ENCODING 1047
SWIDTH 500 0
DWIDTH 7 0
BBX 7 14 0 0
BITMAP
0000000
0000000
0000000
0000000
0000000
0000000
0000000
0000000
0000000
0000000
0000000
0000000
0000000
0000000
ENDCHAR
STARTCHAR U+0418
ENCODING 1048
SWIDTH 500 0
DWIDTH 7 0
BBX 7 14 0 0
BITMAP
0000000
0000000
0000000
0000000
0000000
0000000
0000000
0000000
0000000
0000000
0000000
0000000
0000000
0000000
ENDCHAR
STARTCHAR U+0419
ENCODING 1049
SWIDTH 500 0
DWIDTH 7 0
BBX 7 14 0 0
BITMAP
0000000
0000000
0000000
0000000
0000000
0000000
0000000
0000000
0000000
0000000
0000000
0000000
0000000
0000000
ENDCHAR
STARTCHAR U+040D
ENCODING 1037
SWIDTH 500 0
DWIDTH 7 0
BBX 7 14 0 0
BITMAP
0000000
0000000
0000000
0000000
0000000
0000000
0000000
0000000
0000000
0000000
0000000
0000000
0000000
0000000
ENDCHAR
STARTCHAR U+048A
ENCODING 1162
SWIDTH 500 0
DWIDTH 7 0
BBX 7 14 0 0
BITMAP
0000001
0000002
0000000
0000000
0000000
0000000
0000000
0000000
0000000
0000000
0000000
0000000
0000000
0000000
ENDCHAR
STARTCHAR U+041A
ENCODING 1050
SWIDTH 500 0
DWIDTH 7 0
BBX 7 14 0 0
BITMAP
0000000
0000000
0000000
0000000
0000000
0000000
0000000
0000000
0000000
0000000
0000000
0000000
0000000
0000000
ENDCHAR
STARTCHAR U+040C
ENCODING 1036
SWIDTH 500 0
DWIDTH 7 0
BBX 7 14 0 0
BITMAP
0000000
0000000
0000000
0000000
0000000
0000000
0000000
0000000
0000000
0000000
0000000
0000000
0000000
0000000
ENDCHAR
STARTCHAR U+041B
ENCODING 1051
SWIDTH 500 0
DWIDTH 7 0
BBX 7 14 0 0
BITMAP
0000000
0000000
0000000
0000000
0000000
0000000
0000000
0000000
0000000
0000000
0000000
0000000
0000000
0000000
ENDCHAR
STARTCHAR U+041C
ENCODING 1052
SWIDTH 500 0
DWIDTH 7 0
BBX 7 14 0 0
BITMAP
0000000
0000000
0000000
0000000
0000000
0000000
0000000
0000000
0000000
0000000
0000000
0000000
0000000
0000000
ENDCHAR
STARTCHAR U+041D
ENCODING 1053
SWIDTH 500 0
DWIDTH 7 0
BBX 7 14 0 0
BITMAP
0000000
0000000
0000000
0000000
0000000
0000000
0000000
0000000
0000000
0000000
0000000
0000000
0000000
0000000
ENDCHAR
STARTCHAR U+041E
ENCODING 1054
SWIDTH 500 0
DWIDTH 7 0
BBX 7 14 0 0
BITMAP
0000000
0000000
0000000
0000000
0000000
0000000
0000000
0000000
0000000
0000000
0000000
0000000
0000000
0000000
ENDCHAR
STARTCHAR U+041F
ENCODING 1055
SWIDTH 500 0
DWIDTH 7 0
BBX 7 14 0 0
BITMAP
0000000
0000000
0000000
0000000
0000000
0000000
0000000
0000000
0000000
0000000
0000000
0000000
0000000
0000000
ENDCHAR
STARTCHAR U+0420
ENCODING 1056
SWIDTH 500 0
DWIDTH 7 0
BBX 7 14 0 0
BITMAP
0000000
0000000
0000000
0000000
0000000
0000000
0000000
0000000
0000000
0000000
0000000
0000000
0000000
0000000
ENDCHAR
STARTCHAR U+0421
ENCODING 1057
SWIDTH 500 0
DWIDTH 7 0
BBX 7 14 0 0
BITMAP
0000000
0000000
0000000
0000000
0000000
0000000
0000000
0000000
0000000
0000000
0000000
0000000
0000000
0000000
ENDCHAR
STARTCHAR U+0422
ENCODING 1058
SWIDTH 500 0
DWIDTH 7 0
BBX 7 14 0 0
BITMAP
0000000
0000000
0000000
0000000
0000000
0000000
0000000
0000000
0000000
0000000
0000000
0000000
0000000
0000000
ENDCHAR
STARTCHAR U+0423
ENCODING 1059
SWIDTH 500 0
DWIDTH 7 0
BBX 7 14 0 0
BITMAP
0000000
0000000
0000000
0000000
0000000
0000000
0000000
0000000
0000000
0000000
0000000
0000000
0000000
0000000
ENDCHAR
STARTCHAR U+040E
ENCODING 1038
SWIDTH 500 0
DWIDTH 7 0
BBX 7 14 0 0
BITMAP
0000000
0000000
0000000
0000000
0000000
0000000
0000000
0000000
0000000
0000000
0000000
0000000
0000000
0000000
ENDCHAR
STARTCHAR U+0424
ENCODING 1060
SWIDTH 500 0
DWIDTH 7 0
BBX 7 14 0 0
BITMAP
0000000
0000000
0000000
0000000
0000000
0000000
0000000
0000000
0000000
0000000
0000000
0000000
0000000
0000000
ENDCHAR
STARTCHAR U+0425
ENCODING 1061
SWIDTH 500 0
DWIDTH 7 0
BBX 7 14 0 0
BITMAP
0000000
0000000
0000000
0000000
0000000
0000000
0000000
0000000
0000000
0000000
0000000
0000000
0000000
0000000
ENDCHAR
STARTCHAR U+0426
ENCODING 1062
SWIDTH 500 0
DWIDTH 7 0
BBX 7 14 0 0
BITMAP
0000001
0000001
0000000
0000000
0000000
0000000
0000000
0000000
0000000
0000000
0000000
0000000
0000000
0000000
ENDCHAR
STARTCHAR U+0427
ENCODING 1063
SWIDTH 500 0
DWIDTH 7 0
BBX 7 14 0 0
BITMAP
0000000
0000000
0000000
0000000
0000000
0000000
0000000
0000000
0000000
0000000
0000000
0000000
0000000
0000000
ENDCHAR
STARTCHAR U+0428
ENCODING 1064
SWIDTH 500 0
DWIDTH 7 0
BBX 7 14 0 0
BITMAP
0000000
0000000
0000000
0000000
0000000
0000000
0000000
0000000
0000000
0000000
0000000
0000000
0000000
0000000
ENDCHAR
STARTCHAR U+0429
ENCODING 1065
SWIDTH 500 0
DWIDTH 7 0
BBX 7 14 0 0
BITMAP
0000001
0000001
0000000
0000000
0000000
0000000
0000000
0000000
0000000
0000000
0000000
0000000
0000000
0000000
ENDCHAR
STARTCHAR U+040F
ENCODING 1039
SWIDTH 500 0
DWIDTH 7 0
BBX 7 14 0 0
BITMAP
0000008
0000008
0000000
0000000
0000000
0000000
0000000
0000000
0000000
0000000
0000000
0000000
0000000
0000000
ENDCHAR
STARTCHAR U+042C
ENCODING 1068
SWIDTH 500 0
DWIDTH 7 0
BBX 7 14 0 0
BITMAP
0000000
0000000
0000000
0000000
0000000
0000000
0000000
0000000
0000000
0000000
0000000
0000000
0000000
0000000
ENDCHAR
STARTCHAR U+042B
ENCODING 1067
SWIDTH 500 0
DWIDTH 7 0
BBX 7 14 0 0
BITMAP
0000000
0000000
0000000
0000000
0000000
0000000
0000000
0000000
0000000
0000000
0000000
0000000
0000000
0000000
ENDCHAR
STARTCHAR U+042A
ENCODING 1066
SWIDTH 500 0
DWIDTH 7 0
BBX 7 14 0 0
BITMAP
0000000
0000000
0000000
0000000
0000000
0000000
0000000
0000000
0000000
0000000
0000000
0000000
0000000
0000000
ENDCHAR
STARTCHAR U+0409
ENCODING 1033
SWIDTH 500 0
DWIDTH 7 0
BBX 7 14 0 0
BITMAP
0000000
0000000
0000000
0000000
0000000
0000000
0000000
0000000
0000000
0000000
0000000
0000000
0000000
0000000
ENDCHAR
STARTCHAR U+040A
ENCODING 1034
SWIDTH 500 0
DWIDTH 7 0
BBX 7 14 0 0
BITMAP
0000000
0000000
0000000
0000000
0000000
0000000
0000000
0000000
0000000
0000000
0000000
0000000
0000000
0000000
ENDCHAR
STARTCHAR U+0405
ENCODING 1029
SWIDTH 500 0
DWIDTH 7 0
BBX 7 14 0 0
BITMAP
0000000
0000000
0000000
0000000
0000000
0000000
0000000
0000000
0000000
0000000
0000000
0000000
0000000
0000000
ENDCHAR
STARTCHAR U+0404
ENCODING 1028
SWIDTH 500 0
DWIDTH 7 0
BBX 7 14 0 0
BITMAP
0000000
0000000
0000000
0000000
0000000
0000000
0000000
0000000
0000000
0000000
0000000
0000000
0000000
0000000
ENDCHAR
STARTCHAR U+042D
ENCODING 1069
SWIDTH 500 0
DWIDTH 7 0
BBX 7 14 0 0
BITMAP
0000000
0000000
0000000
0000000
0000000
0000000
0000000
0000000
0000000
0000000
0000000
0000000
0000000
0000000
ENDCHAR
STARTCHAR U+0406
ENCODING 1030
SWIDTH 500 0
DWIDTH 7 0
BBX 7 14 0 0
BITMAP
0000000
0000000
0000000
0000000
0000000
0000000
0000000
0000000
0000000
0000000
0000000
0000000
0000000
0000000
ENDCHAR
STARTCHAR U+0407
ENCODING 1031
SWIDTH 500 0
DWIDTH 7 0
BBX 7 14 0 0
BITMAP
0000000
0000000
0000000
0000000
0000000
0000000
0000000
0000000
0000000
0000000
0000000
0000000
0000000
0000000
ENDCHAR
STARTCHAR U+0408
ENCODING 1032
SWIDTH 500 0
DWIDTH 7 0
BBX 7 14 0 0
BITMAP
0000000
0000000
0000000
0000000
0000000
0000000
0000000
0000000
0000000
0000000
0000000
0000000
0000000
0000000
ENDCHAR
STARTCHAR U+040B
ENCODING 1035
SWIDTH 500 0
DWIDTH 7 0
BBX 7 14 0 0
BITMAP
0000000
0000000
0000000
0000000
0000000
0000000
0000000
0000000
0000000
0000000
0000000
0000000
0000000
0000000
ENDCHAR
STARTCHAR U+042E
ENCODING 1070
SWIDTH 500 0
DWIDTH 7 0
BBX 7 14 0 0
BITMAP
0000000
0000000
0000000
0000000
0000000
0000000
0000000
0000000
0000000
0000000
0000000
0000000
0000000
0000000
ENDCHAR
STARTCHAR U+042F
ENCODING 1071
SWIDTH 500 0
DWIDTH 7 0
BBX 7 14 0 0
BITMAP
0000000
0000000
0000000
0000000
0000000
0000000
0000000
0000000
0000000
0000000
0000000
0000000
0000000
0000000
ENDCHAR
STARTCHAR U+0402
ENCODING 1026
SWIDTH 500 0
DWIDTH 7 0
BBX 7 14 0 0
BITMAP
0000000
0000000
0000000
0000000
0000000
0000000
0000000
0000000
0000000
0000000
0000000
0000000
0000000
0000000
ENDCHAR
STARTCHAR U+0462
ENCODING 1122
SWIDTH 500 0
DWIDTH 7 0
BBX 7 14 0 0
BITMAP
0000000
0000000
0000000
0000000
0000000
0000000
0000000
0000000
0000000
0000000
0000000
0000000
0000000
0000000
ENDCHAR
STARTCHAR U+0474
ENCODING 1140
SWIDTH 500 0
DWIDTH 7 0
BBX 7 14 0 0
BITMAP
0000000
0000000
0000000
0000000
0000000
0000000
0000000
0000000
0000000
0000000
0000000
0000000
0000000
0000000
ENDCHAR
STARTCHAR U+0496
ENCODING 1174
SWIDTH 500 0
DWIDTH 7 0
BBX 7 14 0 0
BITMAP
0000001
0000001
0000000
0000000
0000000
0000000
0000000
0000000
0000000
0000000
0000000
0000000
0000000
0000000
ENDCHAR
STARTCHAR U+0498
ENCODING 1176
SWIDTH 500 0
DWIDTH 7 0
BBX 7 14 0 0
BITMAP
0000008
0000004
0000008
0000000
0000000
0000000
0000000
0000000
0000000
0000000
0000000
0000000
0000000
0000000
ENDCHAR
STARTCHAR U+049A
ENCODING 1178
SWIDTH 500 0
DWIDTH 7 0
BBX 7 14 0 0
BITMAP
0000001
0000001
0000000
0000000
0000000
0000000
0000000
0000000
0000000
0000000
0000000
0000000
0000000
0000000
ENDCHAR
STARTCHAR U+049E
ENCODING 1182
SWIDTH 500 0
DWIDTH 7 0
BBX 7 14 0 0
BITMAP
0000000
0000000
0000000
0000000
0000000
0000000
0000000
0000000
0000000
0000000
0000000
0000000
0000000
0000000
ENDCHAR
STARTCHAR U+04A0
ENCODING 1184
SWIDTH 500 0
DWIDTH 7 0
BBX 7 14 0 0
BITMAP
0000000
0000000
0000000
0000000
0000000
0000000
0000000
0000000
0000000
0000000
0000000
0000000
0000000
0000000
ENDCHAR
STARTCHAR U+04A2
ENCODING 1186
SWIDTH 500 0
DWIDTH 7 0
BBX 7 14 0 0
BITMAP
0000001
0000001
0000000
0000000
0000000
0000000
0000000
0000000
0000000
0000000
0000000
0000000
0000000
0000000
ENDCHAR
STARTCHAR U+04A4
ENCODING 1188
SWIDTH 500 0
DWIDTH 7 0
BBX 7 14 0 0
BITMAP
0000000
0000000
0000000
0000000
0000000
0000000
0000000
0000000
0000000
0000000
0000000
0000000
0000000
0000000
ENDCHAR
STARTCHAR U+04A6
ENCODING 1190
SWIDTH 500 0
DWIDTH 7 0
BBX 7 14 0 0
BITMAP
0000002
0000004
0000000
0000000
0000000
0000000
0000000
0000000
0000000
0000000
0000000
0000000
0000000
0000000
ENDCHAR
STARTCHAR U+0524
ENCODING 1316
SWIDTH 500 0
DWIDTH 7 0
BBX 7 14 0 0
BITMAP
0000001
0000001
0000000
0000000
0000000
0000000
0000000
0000000
0000000
0000000
0000000
0000000
0000000
0000000
ENDCHAR
STARTCHAR U+04A8
ENCODING 1192
SWIDTH 500 0
DWIDTH 7 0
BBX 7 14 0 0
BITMAP
000001A
0000000
0000000
0000000
0000000
0000000
0000000
0000000
0000000
0000000
0000000
0000000
0000000
0000000
ENDCHAR
STARTCHAR U+04AA
ENCODING 1194
SWIDTH 500 0
DWIDTH 7 0
BBX 7 14 0 0
BITMAP
0000008
0000004
0000008
0000000
0000000
0000000
0000000
0000000
0000000
0000000
0000000
0000000
0000000
0000000
ENDCHAR
STARTCHAR U+04AC
ENCODING 1196
SWIDTH 500 0
DWIDTH 7 0
BBX 7 14 0 0
BITMAP
0000004
0000004
0000000
0000000
0000000
0000000
0000000
0000000
0000000
0000000
0000000
0000000
0000000
0000000
ENDCHAR
STARTCHAR U+04AE
ENCODING 1198
SWIDTH 500 0
DWIDTH 7 0
BBX 7 14 0 0
BITMAP
0000000
0000000
0000000
0000000
0000000
0000000
0000000
0000000
0000000
0000000
0000000
0000000
0000000
0000000
ENDCHAR
STARTCHAR U+04B0
ENCODING 1200
SWIDTH 500 0
DWIDTH 7 0
BBX 7 14 0 0
BITMAP
0000000
0000000
0000000
0000000
0000000
0000000
0000000
0000000
0000000
0000000
0000000
0000000
0000000
0000000
ENDCHAR
STARTCHAR U+04B2
ENCODING 1202
SWIDTH 500 0
DWIDTH 7 0
BBX 7 14 0 0
BITMAP
0000001
0000001
0000000
0000000
0000000
0000000
0000000
0000000
0000000
0000000
0000000
0000000
0000000
0000000
ENDCHAR
STARTCHAR U+04B4
ENCODING 1204
SWIDTH 500 0
DWIDTH 7 0
BBX 7 14 0 0
BITMAP
0000001
0000001
0000000
0000000
0000000
0000000
0000000
0000000
0000000
0000000
0000000
0000000
0000000
0000000
ENDCHAR
STARTCHAR U+04B6
ENCODING 1206
SWIDTH 500 0
DWIDTH 7 0
BBX 7 14 0 0
BITMAP
0000001
0000001
0000000
0000000
0000000
0000000
0000000
0000000
0000000
0000000
0000000
0000000
0000000
0000000
ENDCHAR
STARTCHAR U+04BA
ENCODING 1210
SWIDTH 500 0
DWIDTH 7 0
BBX 7 14 0 0
BITMAP
0000000
0000000
0000000
0000000
0000000
0000000
0000000
0000000
0000000
0000000
0000000
0000000
0000000
0000000
ENDCHAR
STARTCHAR U+0526
ENCODING 1318
SWIDTH 500 0
DWIDTH 7 0
BBX 7 14 0 0
BITMAP
0000001
0000001
0000000
0000000
0000000
0000000
0000000
0000000
0000000
0000000
0000000
0000000
0000000
0000000
ENDCHAR
STARTCHAR U+04BC
ENCODING 1212
SWIDTH 500 0
DWIDTH 7 0
BBX 7 14 0 0
BITMAP
0000000
0000000
0000000
0000000
0000000
0000000
0000000
0000000
0000000
0000000
0000000
0000000
0000000
0000000
ENDCHAR
STARTCHAR U+04BE
ENCODING 1214
SWIDTH 500 0
DWIDTH 7 0
BBX 7 14 0 0
BITMAP
0000008
0000008
0000000
0000000
0000000
0000000
0000000
0000000
0000000
0000000
0000000
0000000
0000000
0000000
ENDCHAR
STARTCHAR U+04C0
ENCODING 1216
SWIDTH 500 0
DWIDTH 7 0
BBX 7 14 0 0
BITMAP
0000000
0000000
0000000
0000000
0000000
0000000
0000000
0000000
0000000
0000000
0000000
0000000
0000000
0000000
ENDCHAR
STARTCHAR U+04C1
ENCODING 1217
SWIDTH 500 0
DWIDTH 7 0
BBX 7 14 0 0
BITMAP
0000000
0000000
0000000
0000000
0000000
0000000
0000000
0000000
0000000
0000000
0000000
0000000
0000000
0000000
ENDCHAR
STARTCHAR U+04C3
ENCODING 1219
SWIDTH 500 0
DWIDTH 7 0
BBX 7 14 0 0
BITMAP
0000002
0000004
0000000
0000000
0000000
0000000
0000000
0000000
0000000
0000000
0000000
0000000
0000000
0000000
ENDCHAR
STARTCHAR U+04C5
ENCODING 1221
SWIDTH 500 0
DWIDTH 7 0
BBX 7 14 0 0
BITMAP
0000001
0000002
0000000
0000000
0000000
0000000
0000000
0000000
0000000
0000000
0000000
0000000
0000000
0000000
ENDCHAR
STARTCHAR U+04C7
ENCODING 1223
SWIDTH 500 0
DWIDTH 7 0
BBX 7 14 0 0
BITMAP
0000002
0000004
0000000
0000000
0000000
0000000
0000000
0000000
0000000
0000000
0000000
0000000
0000000
0000000
ENDCHAR
STARTCHAR U+04C9
ENCODING 1225
SWIDTH 500 0
DWIDTH 7 0
BBX 7 14 0 0
BITMAP
0000001
0000002
0000000
0000000
0000000
0000000
0000000
0000000
0000000
0000000
0000000
0000000
0000000
0000000
ENDCHAR
STARTCHAR U+04CB
ENCODING 1227
SWIDTH 500 0
DWIDTH 7 0
BBX 7 14 0 0
BITMAP
0000004
0000004
0000000
0000000
0000000
0000000
0000000
0000000
0000000
0000000
0000000
0000000
0000000
0000000
ENDCHAR
STARTCHAR U+04CD
ENCODING 1229
SWIDTH 500 0
DWIDTH 7 0
BBX 7 14 0 0
BITMAP
0000001
0000002
0000000
0000000
0000000
0000000
0000000
0000000
0000000
0000000
0000000
0000000
0000000
0000000
ENDCHAR
STARTCHAR U+04D0
ENCODING 1232
SWIDTH 500 0
DWIDTH 7 0
BBX 7 14 0 0
BITMAP
0000000
0000000
0000000
0000000
0000000
0000000
0000000
0000000
0000000
0000000
0000000
0000000
0000000
0000000
ENDCHAR
STARTCHAR U+04D2
ENCODING 1234
SWIDTH 500 0
DWIDTH 7 0
BBX 7 14 0 0
BITMAP
0000000
0000000
0000000
0000000
0000000
0000000
0000000
0000000
0000000
0000000
0000000
0000000
0000000
0000000
ENDCHAR
STARTCHAR U+04D4
ENCODING 1236
SWIDTH 500 0
DWIDTH 7 0
BBX 7 14 0 0
BITMAP
0000000
0000000
0000000
0000000
0000000
0000000
0000000
0000000
0000000
0000000
0000000
0000000
0000000
0000000
ENDCHAR
STARTCHAR U+04D6
ENCODING 1238
SWIDTH 500 0
DWIDTH 7 0
BBX 7 14 0 0
BITMAP
0000000
0000000
0000000
0000000
0000000
0000000
0000000
0000000
0000000
0000000
0000000
0000000
0000000
0000000
ENDCHAR
STARTCHAR U+04DC
ENCODING 1244
SWIDTH 500 0
DWIDTH 7 0
BBX 7 14 0 0
BITMAP
0000000
0000000
0000000
0000000
0000000
0000000
0000000
0000000
0000000
0000000
0000000
0000000
0000000
0000000
ENDCHAR
STARTCHAR U+04DE
ENCODING 1246
SWIDTH 500 0
DWIDTH 7 0
BBX 7 14 0 0
BITMAP
0000000
0000000
0000000
0000000
0000000
0000000
0000000
0000000
0000000
0000000
0000000
0000000
0000000
0000000
ENDCHAR
STARTCHAR U+04E0
ENCODING 1248
SWIDTH 500 0
DWIDTH 7 0
BBX 7 14 0 0
BITMAP
0000000
0000000
0000000
0000000
0000000
0000000
0000000
0000000
0000000
0000000
0000000
0000000
0000000
0000000
ENDCHAR
STARTCHAR U+04E2
ENCODING 1250
SWIDTH 500 0
DWIDTH 7 0
BBX 7 14 0 0
BITMAP
0000000
0000000
0000000
0000000
0000000
0000000
0000000
0000000
0000000
0000000
0000000
0000000
0000000
0000000
ENDCHAR
STARTCHAR U+04E4
ENCODING 1252
SWIDTH 500 0
DWIDTH 7 0
BBX 7 14 0 0
BITMAP
0000000
0000000
0000000
0000000
0000000
0000000
0000000
0000000
0000000
0000000
0000000
0000000
0000000
0000000
ENDCHAR
STARTCHAR U+04E6
ENCODING 1254
SWIDTH 500 0
DWIDTH 7 0
BBX 7 14 0 0
BITMAP
0000000
0000000
0000000
0000000
0000000
0000000
0000000
0000000
0000000
0000000
0000000
0000000
0000000
0000000
ENDCHAR
STARTCHAR U+04E8
ENCODING 1256
SWIDTH 500 0
DWIDTH 7 0
BBX 7 14 0 0
BITMAP
0000000
0000000
0000000
0000000
0000000
0000000
0000000
0000000
0000000
0000000
0000000
0000000
0000000
0000000
ENDCHAR
STARTCHAR U+04EA
ENCODING 1258
SWIDTH 500 0
DWIDTH 7 0
BBX 7 14 0 0
BITMAP
0000000
0000000
0000000
0000000
0000000
0000000
0000000
0000000
0000000
0000000
0000000
0000000
0000000
0000000
ENDCHAR
STARTCHAR U+04EC
ENCODING 1260
SWIDTH 500 0
DWIDTH 7 0
BBX 7 14 0 0
BITMAP
0000000
0000000
0000000
0000000
0000000
0000000
0000000
0000000
0000000
0000000
0000000
0000000
0000000
0000000
ENDCHAR
STARTCHAR U+04EE
ENCODING 1262
SWIDTH 500 0
DWIDTH 7 0
BBX 7 14 0 0
BITMAP
0000000
0000000
0000000
0000000
0000000
0000000
0000000
0000000
0000000
0000000
0000000
0000000
0000000
0000000
ENDCHAR
STARTCHAR U+04F0
ENCODING 1264
SWIDTH 500 0
DWIDTH 7 0
BBX 7 14 0 0
BITMAP
0000000
0000000
0000000
0000000
0000000
0000000
0000000
0000000
0000000
0000000
0000000
0000000
0000000
0000000
ENDCHAR
STARTCHAR U+04F2
ENCODING 1266
SWIDTH 500 0
DWIDTH 7 0
BBX 7 14 0 0
BITMAP
0000000
0000000
0000000
0000000
0000000
0000000
0000000
0000000
0000000
0000000
0000000
0000000
0000000
0000000
ENDCHAR
STARTCHAR U+04F4
ENCODING 1268
SWIDTH 500 0
DWIDTH 7 0
BBX 7 14 0 0
BITMAP
0000000
0000000
0000000
0000000
0000000
0000000
0000000
0000000
0000000
0000000
0000000
0000000
0000000
0000000
ENDCHAR
STARTCHAR U+04F8
ENCODING 1272
SWIDTH 500 0
DWIDTH 7 0
BBX 7 14 0 0
BITMAP
0000000
0000000
0000000
0000000
0000000
0000000
0000000
0000000
0000000
0000000
0000000
0000000
0000000
0000000
ENDCHAR
STARTCHAR U+04FC
ENCODING 1276
SWIDTH 500 0
DWIDTH 7 0
BBX 7 14 0 0
BITMAP
0000002
0000004
0000000
0000000
0000000
0000000
0000000
0000000
0000000
0000000
0000000
0000000
0000000
0000000
ENDCHAR
STARTCHAR U+0510
ENCODING 1296
SWIDTH 500 0
DWIDTH 7 0
BBX 7 14 0 0
BITMAP
0000000
0000000
0000000
0000000
0000000
0000000
0000000
0000000
0000000
0000000
0000000
0000000
0000000
0000000
ENDCHAR
STARTCHAR U+0512
ENCODING 1298
SWIDTH 500 0
DWIDTH 7 0
BBX 7 14 0 0
BITMAP
0000002
0000004
0000000
0000000
0000000
0000000
0000000
0000000
0000000
0000000
0000000
0000000
0000000
0000000
ENDCHAR
STARTCHAR U+051C
ENCODING 1308
SWIDTH 500 0
DWIDTH 7 0
BBX 7 14 0 0
BITMAP
0000000
0000000
0000000
0000000
0000000
0000000
0000000
0000000
0000000
0000000
0000000
0000000
0000000
0000000
ENDCHAR
STARTCHAR U+048C
ENCODING 1164
SWIDTH 500 0
DWIDTH 7 0
BBX 7 14 0 0
BITMAP
0000000
0000000
0000000
0000000
0000000
0000000
0000000
0000000
0000000
0000000
0000000
0000000
0000000
0000000
ENDCHAR
STARTCHAR U+048E
ENCODING 1166
SWIDTH 500 0
DWIDTH 7 0
BBX 7 14 0 0
BITMAP
0000000
0000000
0000000
0000000
0000000
0000000
0000000
0000000
0000000
0000000
0000000
0000000
0000000
0000000
ENDCHAR
STARTCHAR U+0430
ENCODING 1072
SWIDTH 500 0
DWIDTH 7 0
BBX 7 14 0 0
BITMAP
0000000
0000000
0000000
0000000
0000000
0000000
0000000
0000000
0000000
0000000
0000000
0000000
0000000
0000000
ENDCHAR
STARTCHAR U+0431
ENCODING 1073
SWIDTH 500 0
DWIDTH 7 0
BBX 7 14 0 0
BITMAP
0000000
0000000
0000000
0000000
0000000
0000000
0000000
0000000
0000000
0000000
0000000
0000000
0000000
0000000
ENDCHAR
STARTCHAR U+0432
ENCODING 1074
SWIDTH 500 0
DWIDTH 7 0
BBX 7 14 0 0
BITMAP
0000000
0000000
0000000
0000000
0000000
0000000
0000000
0000000
0000000
0000000
0000000
0000000
0000000
0000000
ENDCHAR
STARTCHAR U+0433
ENCODING 1075
SWIDTH 500 0
DWIDTH 7 0
BBX 7 14 0 0
BITMAP
0000000
0000000
0000000
0000000
0000000
0000000
0000000
0000000
0000000
0000000
0000000
0000000
0000000
0000000
ENDCHAR
STARTCHAR U+0453
ENCODING 1107
SWIDTH 500 0
DWIDTH 7 0
BBX 7 14 0 0
BITMAP
0000000
0000000
0000000
0000000
0000000
0000000
0000000
0000000
0000000
0000000
0000000
0000000
0000000
0000000
ENDCHAR
STARTCHAR U+0491
ENCODING 1169
SWIDTH 500 0
DWIDTH 7 0
BBX 7 14 0 0
BITMAP
0000000
0000000
0000000
0000000
0000000
0000000
0000000
0000000
0000000
0000000
0000000
0000000
0000000
0000000
ENDCHAR
STARTCHAR U+04F7
ENCODING 1271
SWIDTH 500 0
DWIDTH 7 0
BBX 7 14 0 0
BITMAP
0000008
0000008
0000000
0000000
0000000
0000000
0000000
0000000
0000000
0000000
0000000
0000000
0000000
0000000
ENDCHAR
STARTCHAR U+0493
ENCODING 1171
SWIDTH 500 0
DWIDTH 7 0
BBX 7 14 0 0
BITMAP
0000000
0000000
0000000
0000000
0000000
0000000
0000000
0000000
0000000
0000000
0000000
0000000
0000000
0000000
ENDCHAR
STARTCHAR U+0495
ENCODING 1173
SWIDTH 500 0
DWIDTH 7 0
BBX 7 14 0 0
BITMAP
0000002
0000004
0000000
0000000
0000000
0000000
0000000
0000000
0000000
0000000
0000000
0000000
0000000
0000000
ENDCHAR
STARTCHAR U+0434
ENCODING 1076
SWIDTH 500 0
DWIDTH 7 0
BBX 7 14 0 0
BITMAP
0000041
0000041
0000000
0000000
0000000
0000000
0000000
0000000
0000000
0000000
0000000
0000000
0000000
0000000
ENDCHAR
STARTCHAR U+0435
ENCODING 1077
SWIDTH 500 0
DWIDTH 7 0
BBX 7 14 0 0
BITMAP
0000000
0000000
0000000
0000000
0000000
0000000
0000000
0000000
0000000
0000000
0000000
0000000
0000000
0000000
ENDCHAR
STARTCHAR U+0450
ENCODING 1104
SWIDTH 500 0
DWIDTH 7 0
BBX 7 14 0 0
BITMAP
0000000
0000000
0000000
0000000
0000000
0000000
0000000
0000000
0000000
0000000
0000000
0000000
0000000
0000000
ENDCHAR
STARTCHAR U+0451
ENCODING 1105
SWIDTH 500 0
DWIDTH 7 0
BBX 7 14 0 0
BITMAP
0000000
0000000
0000000
0000000
0000000
0000000
0000000
0000000
0000000
0000000
0000000
0000000
0000000
0000000
ENDCHAR
STARTCHAR U+0436
ENCODING 1078
SWIDTH 500 0
DWIDTH 7 0
BBX 7 14 0 0
BITMAP
0000000
0000000
0000000
0000000
0000000
0000000
0000000
0000000
0000000
0000000
0000000
0000000
0000000
0000000
ENDCHAR
STARTCHAR U+0437
ENCODING 1079
SWIDTH 500 0
DWIDTH 7 0
BBX 7 14 0 0
BITMAP
0000000
0000000
0000000
0000000
0000000
0000000
0000000
0000000
0000000
0000000
0000000
0000000
0000000
0000000
ENDCHAR
STARTCHAR U+0438
ENCODING 1080
SWIDTH 500 0
DWIDTH 7 0
BBX 7 14 0 0
BITMAP
0000000
0000000
0000000
0000000
0000000
0000000
0000000
0000000
0000000
0000000
0000000
0000000
0000000
0000000
ENDCHAR
STARTCHAR U+0439
ENCODING 1081
SWIDTH 500 0
DWIDTH 7 0
BBX 7 14 0 0
BITMAP
0000000
0000000
0000000
0000000
0000000
0000000
0000000
0000000
0000000
0000000
0000000
0000000
0000000
0000000
ENDCHAR
STARTCHAR U+045D
ENCODING 1117
SWIDTH 500 0
DWIDTH 7 0
BBX 7 14 0 0
BITMAP
0000000
0000000
0000000
0000000
0000000
0000000
0000000
0000000
0000000
0000000
0000000
0000000
0000000
0000000
ENDCHAR
STARTCHAR U+048B
ENCODING 1163
SWIDTH 500 0
DWIDTH 7 0
BBX 7 14 0 0
BITMAP
0000001
0000002
0000000
0000000
0000000
0000000
0000000
0000000
0000000
0000000
0000000
0000000
0000000
0000000
ENDCHAR
STARTCHAR U+043A
ENCODING 1082
SWIDTH 500 0
DWIDTH 7 0
BBX 7 14 0 0
BITMAP
0000000
0000000
0000000
0000000
0000000
0000000
0000000
0000000
0000000
0000000
0000000
0000000
0000000
0000000
ENDCHAR
STARTCHAR U+045C
ENCODING 1116
SWIDTH 500 0
DWIDTH 7 0
BBX 7 14 0 0
BITMAP
0000000
0000000
0000000
0000000
0000000
0000000
0000000
0000000
0000000
0000000
0000000
0000000
0000000
0000000
ENDCHAR
STARTCHAR U+043B
ENCODING 1083
SWIDTH 500 0
DWIDTH 7 0
BBX 7 14 0 0
BITMAP
0000000
0000000
0000000
0000000
0000000
0000000
0000000
0000000
0000000
0000000
0000000
0000000
0000000
0000000
ENDCHAR
STARTCHAR U+043C
ENCODING 1084
SWIDTH 500 0
DWIDTH 7 0
BBX 7 14 0 0
BITMAP
0000000
0000000
0000000
0000000
0000000
0000000
0000000
0000000
0000000
0000000
0000000
0000000
0000000
0000000
ENDCHAR
STARTCHAR U+043D
ENCODING 1085
SWIDTH 500 0
DWIDTH 7 0
BBX 7 14 0 0
BITMAP
0000000
0000000
0000000
0000000
0000000
0000000
0000000
0000000
0000000
0000000
0000000
0000000
0000000
0000000
ENDCHAR
STARTCHAR U+043E
ENCODING 1086
SWIDTH 500 0
DWIDTH 7 0
BBX 7 14 0 0
BITMAP
0000000
0000000
0000000
0000000
0000000
0000000
0000000
0000000
0000000
0000000
0000000
0000000
0000000
0000000
ENDCHAR
STARTCHAR U+043F
ENCODING 1087
SWIDTH 500 0
DWIDTH 7 0
BBX 7 14 0 0
BITMAP
0000000
0000000
0000000
0000000
0000000
0000000
0000000
0000000
0000000
0000000
0000000
0000000
0000000
0000000
ENDCHAR
STARTCHAR U+0440
ENCODING 1088
SWIDTH 500 0
DWIDTH 7 0
BBX 7 14 0 0
BITMAP
0000020
0000020
0000000
0000000
0000000
0000000
0000000
0000000
0000000
0000000
0000000
0000000
0000000
0000000
ENDCHAR
STARTCHAR U+0441
ENCODING 1089
SWIDTH 500 0
DWIDTH 7 0
BBX 7 14 0 0
BITMAP
0000000
0000000
0000000
0000000
0000000
0000000
0000000
0000000
0000000
0000000
0000000
0000000
0000000
0000000
ENDCHAR
STARTCHAR U+0442
ENCODING 1090
SWIDTH 500 0
DWIDTH 7 0
BBX 7 14 0 0
BITMAP
0000000
0000000
0000000
0000000
0000000
0000000
0000000
0000000
0000000
0000000
0000000
0000000
0000000
0000000
ENDCHAR
STARTCHAR U+0443
ENCODING 1091
SWIDTH 500 0
DWIDTH 7 0
BBX 7 14 0 0
BITMAP
0000008
0000030
0000000
0000000
0000000
0000000
0000000
0000000
0000000
0000000
0000000
0000000
0000000
0000000
ENDCHAR
STARTCHAR U+045E
ENCODING 1118
SWIDTH 500 0
DWIDTH 7 0
BBX 7 14 0 0
BITMAP
0000008
0000030
0000000
0000000
0000000
0000000
0000000
0000000
0000000
0000000
0000000
0000000
0000000
0000000
ENDCHAR
STARTCHAR U+0444
ENCODING 1092
SWIDTH 500 0
DWIDTH 7 0
BBX 7 14 0 0
BITMAP
0000008
0000008
0000000
0000000
0000000
0000000
0000000
0000000
0000000
0000000
0000000
0000000
0000000
0000000
ENDCHAR
STARTCHAR U+0445
ENCODING 1093
SWIDTH 500 0
DWIDTH 7 0
BBX 7 14 0 0
BITMAP
0000000
0000000
0000000
0000000
0000000
0000000
0000000
0000000
0000000
0000000
0000000
0000000
0000000
0000000
ENDCHAR
STARTCHAR U+0446
ENCODING 1094
SWIDTH 500 0
DWIDTH 7 0
BBX 7 14 0 0
BITMAP
0000001
0000001
0000000
0000000
0000000
0000000
0000000
0000000
0000000
0000000
0000000
0000000
0000000
0000000
ENDCHAR
STARTCHAR U+0447
ENCODING 1095
SWIDTH 500 0
DWIDTH 7 0
BBX 7 14 0 0
BITMAP
0000000
0000000
0000000
0000000
0000000
0000000
0000000
0000000
0000000
0000000
0000000
0000000
0000000
0000000
ENDCHAR
STARTCHAR U+0448
ENCODING 1096
SWIDTH 500 0
DWIDTH 7 0
BBX 7 14 0 0
BITMAP
0000000
0000000
0000000
0000000
0000000
0000000
0000000
0000000
0000000
0000000
0000000
0000000
0000000
0000000
ENDCHAR
STARTCHAR U+0449
ENCODING 1097
SWIDTH 500 0
DWIDTH 7 0
BBX 7 14 0 0
BITMAP
0000001
0000001
0000000
0000000
0000000
0000000
0000000
0000000
0000000
0000000
0000000
0000000
0000000
0000000
ENDCHAR
STARTCHAR U+045F
ENCODING 1119
SWIDTH 500 0
DWIDTH 7 0
BBX 7 14 0 0
BITMAP
0000008
0000008
0000000
0000000
0000000
0000000
0000000
0000000
0000000
0000000
0000000
0000000
0000000
0000000
ENDCHAR
STARTCHAR U+044C
ENCODING 1100
SWIDTH 500 0
DWIDTH 7 0
BBX 7 14 0 0
BITMAP
0000000
0000000
0000000
0000000
0000000
0000000
0000000
0000000
0000000
0000000
0000000
0000000
0000000
0000000
ENDCHAR
STARTCHAR U+044B
ENCODING 1099
SWIDTH 500 0
DWIDTH 7 0
BBX 7 14 0 0
BITMAP
0000000
0000000
0000000
0000000
0000000
0000000
0000000
0000000
0000000
0000000
0000000
0000000
0000000
0000000
ENDCHAR
STARTCHAR U+044A
ENCODING 1098
SWIDTH 500 0
DWIDTH 7 0
BBX 7 14 0 0
BITMAP
0000000
0000000
0000000
0000000
0000000
0000000
0000000
0000000
0000000
0000000
0000000
0000000
0000000
0000000
ENDCHAR
STARTCHAR U+0459
ENCODING 1113
SWIDTH 500 0
DWIDTH 7 0
BBX 7 14 0 0
BITMAP
0000000
0000000
0000000
0000000
0000000
0000000
0000000
0000000
0000000
0000000
0000000
0000000
0000000
0000000
ENDCHAR
STARTCHAR U+045A
ENCODING 1114
SWIDTH 500 0
DWIDTH 7 0
BBX 7 14 0 0
BITMAP
0000000
0000000
0000000
0000000
0000000
0000000
0000000
0000000
0000000
0000000
0000000
0000000
0000000
0000000
ENDCHAR
STARTCHAR U+0455
ENCODING 1109
SWIDTH 500 0
DWIDTH 7 0
BBX 7 14 0 0
BITMAP
0000000
0000000
0000000
0000000
0000000
0000000
0000000
0000000
0000000
0000000
0000000
0000000
0000000
0000000
ENDCHAR
STARTCHAR U+0454
ENCODING 1108
SWIDTH 500 0
DWIDTH 7 0
BBX 7 14 0 0
BITMAP
0000000
0000000
0000000
0000000
0000000
0000000
0000000
0000000
0000000
0000000
0000000
0000000
0000000
0000000
ENDCHAR
STARTCHAR U+044D
ENCODING 1101
SWIDTH 500 0
DWIDTH 7 0
BBX 7 14 0 0
BITMAP
0000000
0000000
0000000
0000000
0000000
0000000
0000000
0000000
0000000
0000000
0000000
0000000
0000000
0000000
ENDCHAR
STARTCHAR U+0456
ENCODING 1110
SWIDTH 500 0
DWIDTH 7 0
BBX 7 14 0 0
BITMAP
0000000
0000000
0000000
0000000
0000000
0000000
0000000
0000000
0000000
0000000
0000000
0000000
0000000
0000000
ENDCHAR
STARTCHAR U+0457
ENCODING 1111
SWIDTH 500 0
DWIDTH 7 0
BBX 7 14 0 0
BITMAP
0000000
0000000
0000000
0000000
0000000
0000000
0000000
0000000
0000000
0000000
0000000
0000000
0000000
0000000
ENDCHAR
STARTCHAR U+0458
ENCODING 1112
SWIDTH 500 0
DWIDTH 7 0
BBX 7 14 0 0
BITMAP
0000024
0000018
0000000
0000000
0000000
0000000
0000000
0000000
0000000
0000000
0000000
0000000
0000000
0000000
ENDCHAR
STARTCHAR U+045B
ENCODING 1115
SWIDTH 500 0
DWIDTH 7 0
BBX 7 14 0 0
BITMAP
0000000
0000000
0000000
0000000
0000000
0000000
0000000
0000000
0000000
0000000
0000000
0000000
0000000
0000000
ENDCHAR
STARTCHAR U+044E
ENCODING 1102
SWIDTH 500 0
DWIDTH 7 0
BBX 7 14 0 0
BITMAP
0000000
0000000
0000000
0000000
0000000
0000000
0000000
0000000
0000000
0000000
0000000
0000000
0000000
0000000
ENDCHAR
STARTCHAR U+044F
ENCODING 1103
SWIDTH 500 0
DWIDTH 7 0
BBX 7 14 0 0
BITMAP
0000000
0000000
0000000
0000000
0000000
0000000
0000000
0000000
0000000
0000000
0000000
0000000
0000000
0000000
ENDCHAR
STARTCHAR U+0452
ENCODING 1106
SWIDTH 500 0
DWIDTH 7 0
BBX 7 14 0 0
BITMAP
0000002
0000004
0000000
0000000
0000000
0000000
0000000
0000000
0000000
0000000
0000000
0000000
0000000
0000000
ENDCHAR
STARTCHAR U+0463
ENCODING 1123
SWIDTH 500 0
DWIDTH 7 0
BBX 7 14 0 0
BITMAP
0000000
0000000
0000000
0000000
0000000
0000000
0000000
0000000
0000000
0000000
0000000
0000000
0000000
0000000
ENDCHAR
STARTCHAR U+0475
ENCODING 1141
SWIDTH 500 0
DWIDTH 7 0
BBX 7 14 0 0
BITMAP
0000000
0000000
0000000
0000000
0000000
0000000
0000000
0000000
0000000
0000000
0000000
0000000
0000000
0000000
ENDCHAR
STARTCHAR U+0497
ENCODING 1175
SWIDTH 500 0
DWIDTH 7 0
BBX 7 14 0 0
BITMAP
0000001
0000001
0000000
0000000
0000000
0000000
0000000
0000000
0000000
0000000
0000000
0000000
0000000
0000000
ENDCHAR
STARTCHAR U+0499
ENCODING 1177
SWIDTH 500 0
DWIDTH 7 0
BBX 7 14 0 0
BITMAP
0000008
0000004
0000008
0000000
0000000
0000000
0000000
0000000
0000000
0000000
0000000
0000000
0000000
0000000
ENDCHAR
STARTCHAR U+049B
ENCODING 1179
SWIDTH 500 0
DWIDTH 7 0
BBX 7 14 0 0
BITMAP
0000001
0000001
0000000
0000000
0000000
0000000
0000000
0000000
0000000
0000000
0000000
0000000
0000000
0000000
ENDCHAR
STARTCHAR U+049F
ENCODING 1183
SWIDTH 500 0
DWIDTH 7 0
BBX 7 14 0 0
BITMAP
0000000
0000000
0000000
0000000
0000000
0000000
0000000
0000000
0000000
0000000
0000000
0000000
0000000
0000000
ENDCHAR
STARTCHAR U+04A1
ENCODING 1185
SWIDTH 500 0
DWIDTH 7 0
BBX 7 14 0 0
BITMAP
0000000
0000000
0000000
0000000
0000000
0000000
0000000
0000000
0000000
0000000
0000000
0000000
0000000
0000000
ENDCHAR
STARTCHAR U+04A3
ENCODING 1187
SWIDTH 500 0
DWIDTH 7 0
BBX 7 14 0 0
BITMAP
0000001
0000001
0000000
0000000
0000000
0000000
0000000
0000000
0000000
0000000
0000000
0000000
0000000
0000000
ENDCHAR
STARTCHAR U+04A5
ENCODING 1189
SWIDTH 500 0
DWIDTH 7 0
BBX 7 14 0 0
BITMAP
0000000
0000000
0000000
0000000
0000000
0000000
0000000
0000000
0000000
0000000
0000000
0000000
0000000
0000000
ENDCHAR
STARTCHAR U+04A7
ENCODING 1191
SWIDTH 500 0
DWIDTH 7 0
BBX 7 14 0 0
BITMAP
0000002
0000004
0000000
0000000
0000000
0000000
0000000
0000000
0000000
0000000
0000000
0000000
0000000
0000000
ENDCHAR
STARTCHAR U+0525
ENCODING 1317
SWIDTH 500 0
DWIDTH 7 0
BBX 7 14 0 0
BITMAP
0000001
0000001
0000000
0000000
0000000
0000000
0000000
0000000
0000000
0000000
0000000
0000000
0000000
0000000
ENDCHAR
STARTCHAR U+04A9
ENCODING 1193
SWIDTH 500 0
DWIDTH 7 0
BBX 7 14 0 0
BITMAP
000001A
0000000
0000000
0000000
0000000
0000000
0000000
0000000
0000000
0000000
0000000
0000000
0000000
0000000
ENDCHAR
STARTCHAR U+04AB
ENCODING 1195
SWIDTH 500 0
DWIDTH 7 0
BBX 7 14 0 0
BITMAP
0000008
0000004
0000008
0000000
0000000
0000000
0000000
0000000
0000000
0000000
0000000
0000000
0000000
0000000
ENDCHAR
STARTCHAR U+04AD
ENCODING 1197
SWIDTH 500 0
DWIDTH 7 0
BBX 7 14 0 0
BITMAP
0000004
0000004
0000000
0000000
0000000
0000000
0000000
0000000
0000000
0000000
0000000
0000000
0000000
0000000
ENDCHAR
STARTCHAR U+04AF
ENCODING 1199
SWIDTH 500 0
DWIDTH 7 0
BBX 7 14 0 0
BITMAP
0000008
0000008
0000000
0000000
0000000
0000000
0000000
0000000
0000000
0000000
0000000
0000000
0000000
0000000
ENDCHAR
STARTCHAR U+04B1
ENCODING 1201
SWIDTH 500 0
DWIDTH 7 0
BBX 7 14 0 0
BITMAP
000001C
0000008
0000000
0000000
0000000
0000000
0000000
0000000
0000000
0000000
0000000
0000000
0000000
0000000
ENDCHAR
STARTCHAR U+04B3
ENCODING 1203
SWIDTH 500 0
DWIDTH 7 0
BBX 7 14 0 0
BITMAP
0000001
0000001
0000000
0000000
0000000
0000000
0000000
0000000
0000000
0000000
0000000
0000000
0000000
0000000
ENDCHAR
STARTCHAR U+04B5
ENCODING 1205
SWIDTH 500 0
DWIDTH 7 0
BBX 7 14 0 0
BITMAP
0000001
0000001
0000000
0000000
0000000
0000000
0000000
0000000
0000000
0000000
0000000
0000000
0000000
0000000
ENDCHAR
STARTCHAR U+04B7
ENCODING 1207
SWIDTH 500 0
DWIDTH 7 0
BBX 7 14 0 0
BITMAP
0000001
0000001
0000000
0000000
0000000
0000000
0000000
0000000
0000000
0000000
0000000
0000000
0000000
0000000
ENDCHAR
STARTCHAR U+04BB
ENCODING 1211
SWIDTH 500 0
DWIDTH 7 0
BBX 7 14 0 0
BITMAP
0000000
0000000
0000000
0000000
0000000
0000000
0000000
0000000
0000000
0000000
0000000
0000000
0000000
0000000
ENDCHAR
STARTCHAR U+0527
ENCODING 1319
SWIDTH 500 0
DWIDTH 7 0
BBX 7 14 0 0
BITMAP
0000001
0000001
0000000
0000000
0000000
0000000
0000000
0000000
0000000
0000000
0000000
0000000
0000000
0000000
ENDCHAR
STARTCHAR U+04BD
ENCODING 1213
SWIDTH 500 0
DWIDTH 7 0
BBX 7 14 0 0
BITMAP
0000000
0000000
0000000
0000000
0000000
0000000
0000000
0000000
0000000
0000000
0000000
0000000
0000000
0000000
ENDCHAR
STARTCHAR U+04BF
ENCODING 1215
SWIDTH 500 0
DWIDTH 7 0
BBX 7 14 0 0
BITMAP
0000008
0000008
0000000
0000000
0000000
0000000
0000000
0000000
0000000
0000000
0000000
0000000
0000000
0000000
ENDCHAR
STARTCHAR U+04CF
ENCODING 1231
SWIDTH 500 0
DWIDTH 7 0
BBX 7 14 0 0
BITMAP
0000000
0000000
0000000
0000000
0000000
0000000
0000000
0000000
0000000
0000000
0000000
0000000
0000000
0000000
ENDCHAR
STARTCHAR U+04C2
ENCODING 1218
SWIDTH 500 0
DWIDTH 7 0
BBX 7 14 0 0
BITMAP
0000000
0000000
0000000
0000000
0000000
0000000
0000000
0000000
0000000
0000000
0000000
0000000
0000000
0000000
ENDCHAR
STARTCHAR U+04C4
ENCODING 1220
SWIDTH 500 0
DWIDTH 7 0
BBX 7 14 0 0
BITMAP
0000002
0000004
0000000
0000000
0000000
0000000
0000000
0000000
0000000
0000000
0000000
0000000
0000000
0000000
ENDCHAR
STARTCHAR U+04C6
ENCODING 1222
SWIDTH 500 0
DWIDTH 7 0
BBX 7 14 0 0
BITMAP
0000001
0000002
0000000
0000000
0000000
0000000
0000000
0000000
0000000
0000000
0000000
0000000
0000000
0000000
ENDCHAR
STARTCHAR U+04C8
ENCODING 1224
SWIDTH 500 0
DWIDTH 7 0
BBX 7 14 0 0
BITMAP
0000002
0000004
0000000
0000000
0000000
0000000
0000000
0000000
0000000
0000000
0000000
0000000
0000000
0000000
ENDCHAR
STARTCHAR U+04CA
ENCODING 1226
SWIDTH 500 0
DWIDTH 7 0
BBX 7 14 0 0
BITMAP
0000001
0000002
0000000
0000000
0000000
0000000
0000000
0000000
0000000
0000000
0000000
0000000
0000000
0000000
ENDCHAR
STARTCHAR U+04CC
ENCODING 1228
SWIDTH 500 0
DWIDTH 7 0
BBX 7 14 0 0
BITMAP
0000004
0000004
0000000
0000000
0000000
0000000
0000000
0000000
0000000
0000000
0000000
0000000
0000000
0000000
ENDCHAR
STARTCHAR U+04CE
ENCODING 1230
SWIDTH 500 0
DWIDTH 7 0
BBX 7 14 0 0
BITMAP
0000001
0000002
0000000
0000000
0000000
0000000
0000000
0000000
0000000
0000000
0000000
0000000
0000000
0000000
ENDCHAR
STARTCHAR U+04D1
ENCODING 1233
SWIDTH 500 0
DWIDTH 7 0
BBX 7 14 0 0
BITMAP
0000000
0000000
0000000
0000000
0000000
0000000
0000000
0000000
0000000
0000000
0000000
0000000
0000000
0000000
ENDCHAR
STARTCHAR U+04D3
ENCODING 1235
SWIDTH 500 0
DWIDTH 7 0
BBX 7 14 0 0
BITMAP
0000000
0000000
0000000
0000000
0000000
0000000
0000000
0000000
0000000
0000000
0000000
0000000
0000000
0000000
ENDCHAR
STARTCHAR U+04D5
ENCODING 1237
SWIDTH 500 0
DWIDTH 7 0
BBX 7 14 0 0
BITMAP
0000000
0000000
0000000
0000000
0000000
0000000
0000000
0000000
0000000
0000000
0000000
0000000
0000000
0000000
ENDCHAR
STARTCHAR U+04D7
ENCODING 1239
SWIDTH 500 0
DWIDTH 7 0
BBX 7 14 0 0
BITMAP
0000000
0000000
0000000
0000000
0000000
0000000
0000000
0000000
0000000
0000000
0000000
0000000
0000000
0000000
ENDCHAR
STARTCHAR U+04DD
ENCODING 1245
SWIDTH 500 0
DWIDTH 7 0
BBX 7 14 0 0
BITMAP
0000000
0000000
0000000
0000000
0000000
0000000
0000000
0000000
0000000
0000000
0000000
0000000
0000000
0000000
ENDCHAR
STARTCHAR U+04DF
ENCODING 1247
SWIDTH 500 0
DWIDTH 7 0
BBX 7 14 0 0
BITMAP
0000000
0000000
0000000
0000000
0000000
0000000
0000000
0000000
0000000
0000000
0000000
0000000
0000000
0000000
ENDCHAR
STARTCHAR U+04E1
ENCODING 1249
SWIDTH 500 0
DWIDTH 7 0
BBX 7 14 0 0
BITMAP
0000022
000001C
0000000
0000000
0000000
0000000
0000000
0000000
0000000
0000000
0000000
0000000
0000000
0000000
ENDCHAR
STARTCHAR U+04E3
ENCODING 1251
SWIDTH 500 0
DWIDTH 7 0
BBX 7 14 0 0
BITMAP
0000000
0000000
0000000
0000000
0000000
0000000
0000000
0000000
0000000
0000000
0000000
0000000
0000000
0000000
ENDCHAR
STARTCHAR U+04E5
ENCODING 1253
SWIDTH 500 0
DWIDTH 7 0
BBX 7 14 0 0
BITMAP
0000000
0000000
0000000
0000000
0000000
0000000
0000000
0000000
0000000
0000000
0000000
0000000
0000000
0000000
ENDCHAR
STARTCHAR U+04E7
ENCODING 1255
SWIDTH 500 0
DWIDTH 7 0
BBX 7 14 0 0
BITMAP
0000000
0000000
0000000
0000000
0000000
0000000
0000000
0000000
0000000
0000000
0000000
0000000
0000000
0000000
ENDCHAR
STARTCHAR U+04E9
ENCODING 1257
SWIDTH 500 0
DWIDTH 7 0
BBX 7 14 0 0
BITMAP
0000000
0000000
0000000
0000000
0000000
0000000
0000000
0000000
0000000
0000000
0000000
0000000
0000000
0000000
ENDCHAR
STARTCHAR U+04EB
ENCODING 1259
SWIDTH 500 0
DWIDTH 7 0
BBX 7 14 0 0
BITMAP
0000000
0000000
0000000
0000000
0000000
0000000
0000000
0000000
0000000
0000000
0000000
0000000
0000000
0000000
ENDCHAR
STARTCHAR U+04ED
ENCODING 1261
SWIDTH 500 0
DWIDTH 7 0
BBX 7 14 0 0
BITMAP
0000000
0000000
0000000
0000000
0000000
0000000
0000000
0000000
0000000
0000000
0000000
0000000
0000000
0000000
ENDCHAR
STARTCHAR U+04EF
ENCODING 1263
SWIDTH 500 0
DWIDTH 7 0
BBX 7 14 0 0
BITMAP
0000008
0000030
0000000
0000000
0000000
0000000
0000000
0000000
0000000
0000000
0000000
0000000
0000000
0000000
ENDCHAR
STARTCHAR U+04F1
ENCODING 1265
SWIDTH 500 0
DWIDTH 7 0
BBX 7 14 0 0
BITMAP
0000008
0000030
0000000
0000000
0000000
0000000
0000000
0000000
0000000
0000000
0000000
0000000
0000000
0000000
ENDCHAR
STARTCHAR U+04F3
ENCODING 1267
SWIDTH 500 0
DWIDTH 7 0
BBX 7 14 0 0
BITMAP
0000008
0000030
0000000
0000000
0000000
0000000
0000000
0000000
0000000
0000000
0000000
0000000
0000000
0000000
ENDCHAR
STARTCHAR U+04F5
ENCODING 1269
SWIDTH 500 0
DWIDTH 7 0
BBX 7 14 0 0
BITMAP
0000000
0000000
0000000
0000000
0000000
0000000
0000000
0000000
0000000
0000000
0000000
0000000
0000000
0000000
ENDCHAR
STARTCHAR U+04F9
ENCODING 1273
SWIDTH 500 0
DWIDTH 7 0
BBX 7 14 0 0
BITMAP
0000000
0000000
0000000
0000000
0000000
0000000
0000000
0000000
0000000
0000000
0000000
0000000
0000000
0000000
ENDCHAR
STARTCHAR U+04FD
ENCODING 1277
SWIDTH 500 0
DWIDTH 7 0
BBX 7 14 0 0
BITMAP
0000002
0000004
0000000
0000000
0000000
0000000
0000000
0000000
0000000
0000000
0000000
0000000
0000000
0000000
ENDCHAR
STARTCHAR U+0511
ENCODING 1297
SWIDTH 500 0
DWIDTH 7 0
BBX 7 14 0 0
BITMAP
0000000
0000000
0000000
0000000
0000000
0000000
0000000
0000000
0000000
0000000
0000000
0000000
0000000
0000000
ENDCHAR
STARTCHAR U+0513
ENCODING 1299
SWIDTH 500 0
DWIDTH 7 0
BBX 7 14 0 0
BITMAP
0000002
0000004
0000000
0000000
0000000
0000000
0000000
0000000
0000000
0000000
0000000
0000000
0000000
0000000
ENDCHAR
STARTCHAR U+051D
ENCODING 1309
SWIDTH 500 0
DWIDTH 7 0
BBX 7 14 0 0
BITMAP
0000000
0000000
0000000
0000000
0000000
0000000
0000000
0000000
0000000
0000000
0000000
0000000
0000000
0000000
ENDCHAR
STARTCHAR U+048D
ENCODING 1165
SWIDTH 500 0
DWIDTH 7 0
BBX 7 14 0 0
BITMAP
0000000
0000000
0000000
0000000
0000000
0000000
0000000
0000000
0000000
0000000
0000000
0000000
0000000
0000000
ENDCHAR
STARTCHAR U+048F
ENCODING 1167
SWIDTH 500 0
DWIDTH 7 0
BBX 7 14 0 0
BITMAP
0000021
0000020
0000000
0000000
0000000
0000000
0000000
0000000
0000000
0000000
0000000
0000000
0000000
0000000
ENDCHAR
STARTCHAR U+0391
ENCODING 913
SWIDTH 500 0
DWIDTH 7 0
BBX 7 14 0 0
BITMAP
0000000
0000000
0000000
0000000
0000000
0000000
0000000
0000000
0000000
0000000
0000000
0000000
0000000
0000000
ENDCHAR
STARTCHAR U+0392
ENCODING 914
SWIDTH 500 0
DWIDTH 7 0
BBX 7 14 0 0
BITMAP
0000000
0000000
0000000
0000000
0000000
0000000
0000000
0000000
0000000
0000000
0000000
0000000
0000000
0000000
ENDCHAR
STARTCHAR U+0393
ENCODING 915
SWIDTH 500 0
DWIDTH 7 0
BBX 7 14 0 0
BITMAP
0000000
0000000
0000000
0000000
0000000
0000000
0000000
0000000
0000000
0000000
0000000
0000000
0000000
0000000
ENDCHAR
STARTCHAR U+0394
ENCODING 916
SWIDTH 500 0
DWIDTH 7 0
BBX 7 14 0 0
BITMAP
0000000
0000000
0000000
0000000
0000000
0000000
0000000
0000000
0000000
0000000
0000000
0000000
0000000
0000000
ENDCHAR
STARTCHAR U+0395
ENCODING 917
SWIDTH 500 0
DWIDTH 7 0
BBX 7 14 0 0
BITMAP
0000000
0000000
0000000
0000000
0000000
0000000
0000000
0000000
0000000
0000000
0000000
0000000
0000000
0000000
ENDCHAR
STARTCHAR U+0396
ENCODING 918
SWIDTH 500 0
DWIDTH 7 0
BBX 7 14 0 0
BITMAP
0000000
0000000
0000000
0000000
0000000
0000000
0000000
0000000
0000000
0000000
0000000
0000000
0000000
0000000
ENDCHAR
STARTCHAR U+0397
ENCODING 919
SWIDTH 500 0
DWIDTH 7 0
BBX 7 14 0 0
BITMAP
0000000
0000000
0000000
0000000
0000000
0000000
0000000
0000000
0000000
0000000
0000000
0000000
0000000
0000000
ENDCHAR
STARTCHAR U+0398
ENCODING 920
SWIDTH 500 0
DWIDTH 7 0
BBX 7 14 0 0
BITMAP
0000000
0000000
0000000
0000000
0000000
0000000
0000000
0000000
0000000
0000000
0000000
0000000
0000000
0000000
ENDCHAR
STARTCHAR U+0399
ENCODING 921
SWIDTH 500 0
DWIDTH 7 0
BBX 7 14 0 0
BITMAP
0000000
0000000
0000000
0000000
0000000
0000000
0000000
0000000
0000000
0000000
0000000
0000000
0000000
0000000
ENDCHAR
STARTCHAR U+039A
ENCODING 922
SWIDTH 500 0
DWIDTH 7 0
BBX 7 14 0 0
BITMAP
0000000
0000000
0000000
0000000
0000000
0000000
0000000
0000000
0000000
0000000
0000000
0000000
0000000
0000000
ENDCHAR
STARTCHAR U+039B
ENCODING 923
SWIDTH 500 0
DWIDTH 7 0
BBX 7 14 0 0
BITMAP
0000000
0000000
0000000
0000000
0000000
0000000
0000000
0000000
0000000
0000000
0000000
0000000
0000000
0000000
ENDCHAR
STARTCHAR U+039C
ENCODING 924
SWIDTH 500 0
DWIDTH 7 0
BBX 7 14 0 0
BITMAP
0000000
0000000
0000000
0000000
0000000
0000000
0000000
0000000
0000000
0000000
0000000
0000000
0000000
0000000
ENDCHAR
STARTCHAR U+039D
ENCODING 925
SWIDTH 500 0
DWIDTH 7 0
BBX 7 14 0 0
BITMAP
0000000
0000000
0000000
0000000
0000000
0000000
0000000
0000000
0000000
0000000
0000000
0000000
0000000
0000000
ENDCHAR
STARTCHAR U+039E
ENCODING 926
SWIDTH 500 0
DWIDTH 7 0
BBX 7 14 0 0
BITMAP
0000000
0000000
0000000
0000000
0000000
0000000
0000000
0000000
0000000
0000000
0000000
0000000
0000000
0000000
ENDCHAR
STARTCHAR U+039F
ENCODING 927
SWIDTH 500 0
DWIDTH 7 0
BBX 7 14 0 0
BITMAP
0000000
0000000
0000000
0000000
0000000
0000000
0000000
0000000
0000000
0000000
0000000
0000000
0000000
0000000
ENDCHAR
STARTCHAR U+03A0
ENCODING 928
SWIDTH 500 0
DWIDTH 7 0
BBX 7 14 0 0
BITMAP
0000000
0000000
0000000
0000000
0000000
0000000
0000000
0000000
0000000
0000000
0000000
0000000
0000000
0000000
ENDCHAR
STARTCHAR U+03A1
ENCODING 929
SWIDTH 500 0
DWIDTH 7 0
BBX 7 14 0 0
BITMAP
0000000
0000000
0000000
0000000
0000000
0000000
0000000
0000000
0000000
0000000
0000000
0000000
0000000
0000000
ENDCHAR
STARTCHAR U+03A3
ENCODING 931
SWIDTH 500 0
DWIDTH 7 0
BBX 7 14 0 0
BITMAP
0000000
0000000
0000000
0000000
0000000
0000000
0000000
0000000
0000000
0000000
0000000
0000000
0000000
0000000
ENDCHAR
STARTCHAR U+03A4
ENCODING 932
SWIDTH 500 0
DWIDTH 7 0
BBX 7 14 0 0
BITMAP
0000000
0000000
0000000
0000000
0000000
0000000
0000000
0000000
0000000
0000000
0000000
0000000
0000000
0000000
ENDCHAR
STARTCHAR U+03A5
ENCODING 933
SWIDTH 500 0
DWIDTH 7 0
BBX 7 14 0 0
BITMAP
0000000
0000000
0000000
0000000
0000000
0000000
0000000
0000000
0000000
0000000
0000000
0000000
0000000
0000000
ENDCHAR
STARTCHAR U+03A6
ENCODING 934
SWIDTH 500 0
DWIDTH 7 0
BBX 7 14 0 0
BITMAP
0000000
0000000
0000000
0000000
0000000
0000000
0000000
0000000
0000000
0000000
0000000
0000000
0000000
0000000
ENDCHAR
STARTCHAR U+03A7
ENCODING 935
SWIDTH 500 0
DWIDTH 7 0
BBX 7 14 0 0
BITMAP
0000000
0000000
0000000
0000000
0000000
0000000
0000000
0000000
0000000
0000000
0000000
0000000
0000000
0000000
ENDCHAR
STARTCHAR U+03A8
ENCODING 936
SWIDTH 500 0
DWIDTH 7 0
BBX 7 14 0 0
BITMAP
0000000
0000000
0000000
0000000
0000000
0000000
0000000
0000000
0000000
0000000
0000000
0000000
0000000
0000000
ENDCHAR
STARTCHAR U+03A9
ENCODING 937
SWIDTH 500 0
DWIDTH 7 0
BBX 7 14 0 0
BITMAP
0000000
0000000
0000000
0000000
0000000
0000000
0000000
0000000
0000000
0000000
0000000
0000000
0000000
0000000
ENDCHAR
STARTCHAR U+0386
ENCODING 902
SWIDTH 500 0
DWIDTH 7 0
BBX 7 14 0 0
BITMAP
0000000
0000000
0000000
0000000
0000000
0000000
0000000
0000000
0000000
0000000
0000000
0000000
0000000
0000000
ENDCHAR
STARTCHAR U+0388
ENCODING 904
SWIDTH 500 0
DWIDTH 7 0
BBX 7 14 0 0
BITMAP
0000000
0000000
0000000
0000000
0000000
0000000
0000000
0000000
0000000
0000000
0000000
0000000
0000000
0000000
ENDCHAR
STARTCHAR U+0389
ENCODING 905
SWIDTH 500 0
DWIDTH 7 0
BBX 7 14 0 0
BITMAP
0000000
0000000
0000000
0000000
0000000
0000000
0000000
0000000
0000000
0000000
0000000
0000000
0000000
0000000
ENDCHAR
STARTCHAR U+038A
ENCODING 906
SWIDTH 500 0
DWIDTH 7 0
BBX 7 14 0 0
BITMAP
0000000
0000000
0000000
0000000
0000000
0000000
0000000
0000000
0000000
0000000
0000000
0000000
0000000
0000000
ENDCHAR
STARTCHAR U+038C
ENCODING 908
SWIDTH 500 0
DWIDTH 7 0
BBX 7 14 0 0
BITMAP
0000000
0000000
0000000
0000000
0000000
0000000
0000000
0000000
0000000
0000000
0000000
0000000
0000000
0000000
ENDCHAR
STARTCHAR U+038E
ENCODING 910
SWIDTH 500 0
DWIDTH 7 0
BBX 7 14 0 0
BITMAP
0000000
0000000
0000000
0000000
0000000
0000000
0000000
0000000
0000000
0000000
0000000
0000000
0000000
0000000
ENDCHAR
STARTCHAR U+038F
ENCODING 911
SWIDTH 500 0
DWIDTH 7 0
BBX 7 14 0 0
BITMAP
0000000
0000000
0000000
0000000
0000000
0000000
0000000
0000000
0000000
0000000
0000000
0000000
0000000
0000000
ENDCHAR
STARTCHAR U+03AA
ENCODING 938
SWIDTH 500 0
DWIDTH 7 0
BBX 7 14 0 0
BITMAP
0000000
0000000
0000000
0000000
0000000
0000000
0000000
0000000
0000000
0000000
0000000
0000000
0000000
0000000
ENDCHAR
STARTCHAR U+03AB
ENCODING 939
SWIDTH 500 0
DWIDTH 7 0
BBX 7 14 0 0
BITMAP
0000000
0000000
0000000
0000000
0000000
0000000
0000000
0000000
0000000
0000000
0000000
0000000
0000000
0000000
ENDCHAR
STARTCHAR U+03B1
ENCODING 945
SWIDTH 500 0
DWIDTH 7 0
BBX 7 14 0 0
BITMAP
0000000
0000000
0000000
0000000
0000000
0000000
0000000
0000000
0000000
0000000
0000000
0000000
0000000
0000000
ENDCHAR
STARTCHAR U+03B2
ENCODING 946
SWIDTH 500 0
DWIDTH 7 0
BBX 7 14 0 0
BITMAP
0000020
0000020
0000000
0000000
0000000
0000000
0000000
0000000
0000000
0000000
0000000
0000000
0000000
0000000
ENDCHAR
STARTCHAR U+03B3
ENCODING 947
SWIDTH 500 0
DWIDTH 7 0
BBX 7 14 0 0
BITMAP
0000008
0000008
0000000
0000000
0000000
0000000
0000000
0000000
0000000
0000000
0000000
0000000
0000000
0000000
ENDCHAR
STARTCHAR U+03B4
ENCODING 948
SWIDTH 500 0
DWIDTH 7 0
BBX 7 14 0 0
BITMAP
0000000
0000000
0000000
0000000
0000000
0000000
0000000
0000000
0000000
0000000
0000000
0000000
0000000
0000000
ENDCHAR
STARTCHAR U+03B5
ENCODING 949
SWIDTH 500 0
DWIDTH 7 0
BBX 7 14 0 0
BITMAP
0000000
0000000
0000000
0000000
0000000
0000000
0000000
0000000
0000000
0000000
0000000
0000000
0000000
0000000
ENDCHAR
STARTCHAR U+03B6
ENCODING 950
SWIDTH 500 0
DWIDTH 7 0
BBX 7 14 0 0
BITMAP
0000002
0000004
0000000
0000000
0000000
0000000
0000000
0000000
0000000
0000000
0000000
0000000
0000000
0000000
ENDCHAR
STARTCHAR U+03B7
ENCODING 951
SWIDTH 500 0
DWIDTH 7 0
BBX 7 14 0 0
BITMAP
0000002
0000002
0000000
0000000
0000000
0000000
0000000
0000000
0000000
0000000
0000000
0000000
0000000
0000000
ENDCHAR
STARTCHAR U+03B8
ENCODING 952
SWIDTH 500 0
DWIDTH 7 0
BBX 7 14 0 0
BITMAP
0000000
0000000
0000000
0000000
0000000
0000000
0000000
0000000
0000000
0000000
0000000
0000000
0000000
0000000
ENDCHAR
STARTCHAR U+03B9
ENCODING 953
SWIDTH 500 0
DWIDTH 7 0
BBX 7 14 0 0
BITMAP
0000000
0000000
0000000
0000000
0000000
0000000
0000000
0000000
0000000
0000000
0000000
0000000
0000000
0000000
ENDCHAR
STARTCHAR U+03BA
ENCODING 954
SWIDTH 500 0
DWIDTH 7 0
BBX 7 14 0 0
BITMAP
0000000
0000000
0000000
0000000
0000000
0000000
0000000
0000000
0000000
0000000
0000000
0000000
0000000
0000000
ENDCHAR
STARTCHAR U+03BB
ENCODING 955
SWIDTH 500 0
DWIDTH 7 0
BBX 7 14 0 0
BITMAP
0000000
0000000
0000000
0000000
0000000
0000000
0000000
0000000
0000000
0000000
0000000
0000000
0000000
0000000
ENDCHAR
STARTCHAR U+03BC
ENCODING 956
SWIDTH 500 0
DWIDTH 7 0
BBX 7 14 0 0
BITMAP
0000020
0000020
0000000
0000000
0000000
0000000
0000000
0000000
0000000
0000000
0000000
0000000
0000000
0000000
ENDCHAR
STARTCHAR U+03BD
ENCODING 957
SWIDTH 500 0
DWIDTH 7 0
BBX 7 14 0 0
BITMAP
0000000
0000000
0000000
0000000
0000000
0000000
0000000
0000000
0000000
0000000
0000000
0000000
0000000
0000000
ENDCHAR
STARTCHAR U+03BE
ENCODING 958
SWIDTH 500 0
DWIDTH 7 0
BBX 7 14 0 0
BITMAP
0000002
0000004
0000000
0000000
0000000
0000000
0000000
0000000
0000000
0000000
0000000
0000000
0000000
0000000
ENDCHAR
STARTCHAR U+03BF
ENCODING 959
SWIDTH 500 0
DWIDTH 7 0
BBX 7 14 0 0
BITMAP
0000000
0000000
0000000
0000000
0000000
0000000
0000000
0000000
0000000
0000000
0000000
0000000
0000000
0000000
ENDCHAR
STARTCHAR U+03C0
ENCODING 960
SWIDTH 500 0
DWIDTH 7 0
BBX 7 14 0 0
BITMAP
0000000
0000000
0000000
0000000
0000000
0000000
0000000
0000000
0000000
0000000
0000000
0000000
0000000
0000000
ENDCHAR
STARTCHAR U+03C1
ENCODING 961
SWIDTH 500 0
DWIDTH 7 0
BBX 7 14 0 0
BITMAP
0000020
0000020
0000000
0000000
0000000
0000000
0000000
0000000
0000000
0000000
0000000
0000000
0000000
0000000
ENDCHAR
STARTCHAR U+03C2
ENCODING 962
SWIDTH 500 0
DWIDTH 7 0
BBX 7 14 0 0
BITMAP
0000002
0000004
0000000
0000000
0000000
0000000
0000000
0000000
0000000
0000000
0000000
0000000
0000000
0000000
ENDCHAR
STARTCHAR U+03C3
ENCODING 963
SWIDTH 500 0
DWIDTH 7 0
BBX 7 14 0 0
BITMAP
0000000
0000000
0000000
0000000
0000000
0000000
0000000
0000000
0000000
0000000
0000000
0000000
0000000
0000000
ENDCHAR
STARTCHAR U+03C4
ENCODING 964
SWIDTH 500 0
DWIDTH 7 0
BBX 7 14 0 0
BITMAP
0000000
0000000
0000000
0000000
0000000
0000000
0000000
0000000
0000000
0000000
0000000
0000000
0000000
0000000
ENDCHAR
STARTCHAR U+03C5
ENCODING 965
SWIDTH 500 0
DWIDTH 7 0
BBX 7 14 0 0
BITMAP
0000000
0000000
0000000
0000000
0000000
0000000
0000000
0000000
0000000
0000000
0000000
0000000
0000000
0000000
ENDCHAR
STARTCHAR U+03C6
ENCODING 966
SWIDTH 500 0
DWIDTH 7 0
BBX 7 14 0 0
BITMAP
0000008
0000008
0000000
0000000
0000000
0000000
0000000
0000000
0000000
0000000
0000000
0000000
0000000
0000000
ENDCHAR
STARTCHAR U+03C7
ENCODING 967
SWIDTH 500 0
DWIDTH 7 0
BBX 7 14 0 0
BITMAP
0000022
0000022
0000000
0000000
0000000
0000000
0000000
0000000
0000000
0000000
0000000
0000000
0000000
0000000
ENDCHAR
STARTCHAR U+03C8
ENCODING 968
SWIDTH 500 0
DWIDTH 7 0
BBX 7 14 0 0
BITMAP
0000008
0000008
0000000
0000000
0000000
0000000
0000000
0000000
0000000
0000000
0000000
0000000
0000000
0000000
ENDCHAR
STARTCHAR U+03C9
ENCODING 969
SWIDTH 500 0
DWIDTH 7 0
BBX 7 14 0 0
BITMAP
0000000
0000000
0000000
0000000
0000000
0000000
0000000
0000000
0000000
0000000
0000000
0000000
0000000
0000000
ENDCHAR
STARTCHAR U+03AF
ENCODING 943
SWIDTH 500 0
DWIDTH 7 0
BBX 7 14 0 0
BITMAP
0000000
0000000
0000000
0000000
0000000
0000000
0000000
0000000
0000000
0000000
0000000
0000000
0000000
0000000
ENDCHAR
STARTCHAR U+03CA
ENCODING 970
SWIDTH 500 0
DWIDTH 7 0
BBX 7 14 0 0
BITMAP
0000000
0000000
0000000
0000000
0000000
0000000
0000000
0000000
0000000
0000000
0000000
0000000
0000000
0000000
ENDCHAR
STARTCHAR U+0390
ENCODING 912
SWIDTH 500 0
DWIDTH 7 0
BBX 7 14 0 0
BITMAP
0000000
0000000
0000000
0000000
0000000
0000000
0000000
0000000
0000000
0000000
0000000
0000000
0000000
0000000
ENDCHAR
STARTCHAR U+03CD
ENCODING 973
SWIDTH 500 0
DWIDTH 7 0
BBX 7 14 0 0
BITMAP
0000000
0000000
0000000
0000000
0000000
0000000
0000000
0000000
0000000
0000000
0000000
0000000
0000000
0000000
ENDCHAR
STARTCHAR U+03CB
ENCODING 971
SWIDTH 500 0
DWIDTH 7 0
BBX 7 14 0 0
BITMAP
0000000
0000000
0000000
0000000
0000000
0000000
0000000
0000000
0000000
0000000
0000000
0000000
0000000
0000000
ENDCHAR
STARTCHAR U+03B0
ENCODING 944
SWIDTH 500 0
DWIDTH 7 0
BBX 7 14 0 0
BITMAP
0000000
0000000
0000000
0000000
0000000
0000000
0000000
0000000
0000000
0000000
0000000
0000000
0000000
0000000
ENDCHAR
STARTCHAR U+03CC
ENCODING 972
SWIDTH 500 0
DWIDTH 7 0
BBX 7 14 0 0
BITMAP
0000000
0000000
0000000
0000000
0000000
0000000
0000000
0000000
0000000
0000000
0000000
0000000
0000000
0000000
ENDCHAR
STARTCHAR U+03CE
ENCODING 974
SWIDTH 500 0
DWIDTH 7 0
BBX 7 14 0 0
BITMAP
0000000
0000000
0000000
0000000
0000000
0000000
0000000
0000000
0000000
0000000
0000000
0000000
0000000
0000000
ENDCHAR
STARTCHAR U+03AC
ENCODING 940
SWIDTH 500 0
DWIDTH 7 0
BBX 7 14 0 0
BITMAP
0000000
0000000
0000000
0000000
0000000
0000000
0000000
0000000
0000000
0000000
0000000
0000000
0000000
0000000
ENDCHAR
STARTCHAR U+03AD
ENCODING 941
SWIDTH 500 0
DWIDTH 7 0
BBX 7 14 0 0
BITMAP
0000000
0000000
0000000
0000000
0000000
0000000
0000000
0000000
0000000
0000000
0000000
0000000
0000000
0000000
ENDCHAR
STARTCHAR U+03AE
ENCODING 942
SWIDTH 500 0
DWIDTH 7 0
BBX 7 14 0 0
BITMAP
0000002
0000002
0000000
0000000
0000000
0000000
0000000
0000000
0000000
0000000
0000000
0000000
0000000
0000000
ENDCHAR
STARTCHAR U+037A
ENCODING 890
SWIDTH 500 0
DWIDTH 7 0
BBX 7 14 0 0
BITMAP
0000008
0000008
0000006
0000000
0000000
0000000
0000000
0000000
0000000
0000000
0000000
0000000
0000000
0000000
ENDCHAR
STARTCHAR U+00AA
ENCODING 170
SWIDTH 500 0
DWIDTH 7 0
BBX 7 14 0 0
BITMAP
0000000
0000000
0000000
0000000
0000000
0000000
0000000
0000000
0000000
0000000
0000000
0000000
0000000
0000000
ENDCHAR
STARTCHAR U+00BA
ENCODING 186
SWIDTH 500 0
DWIDTH 7 0
BBX 7 14 0 0
BITMAP
0000000
0000000
0000000
0000000
0000000
0000000
0000000
0000000
0000000
0000000
0000000
0000000
0000000
0000000
ENDCHAR
STARTCHAR U+002E
ENCODING 46
SWIDTH 500 0
DWIDTH 7 0
BBX 7 14 0 0
BITMAP
0000000
0000000
0000000
0000000
0000000
0000000
0000000
0000000
0000000
0000000
0000000
0000000
0000000
0000000
ENDCHAR
STARTCHAR U+002C
ENCODING 44
SWIDTH 500 0
DWIDTH 7 0
BBX 7 14 0 0
BITMAP
0000010
0000000
0000000
0000000
0000000
0000000
0000000
0000000
0000000
0000000
0000000
0000000
0000000
0000000
ENDCHAR
STARTCHAR U+003A
ENCODING 58
SWIDTH 500 0
DWIDTH 7 0
BBX 7 14 0 0
BITMAP
0000000
0000000
0000000
0000000
0000000
0000000
0000000
0000000
0000000
0000000
0000000
0000000
0000000
0000000
ENDCHAR
STARTCHAR U+003B
ENCODING 59
SWIDTH 500 0
DWIDTH 7 0
BBX 7 14 0 0
BITMAP
0000010
0000000
0000000
0000000
0000000
0000000
0000000
0000000
0000000
0000000
0000000
0000000
0000000
0000000
ENDCHAR
STARTCHAR U+2026
ENCODING 8230
SWIDTH 500 0
DWIDTH 7 0
BBX 7 14 0 0
BITMAP
0000000
0000000
0000000
0000000
0000000
0000000
0000000
0000000
0000000
0000000
0000000
0000000
0000000
0000000
ENDCHAR
STARTCHAR U+0021
ENCODING 33
SWIDTH 500 0
DWIDTH 7 0
BBX 7 14 0 0
BITMAP
0000000
0000000
0000000
0000000
0000000
0000000
0000000
0000000
0000000
0000000
0000000
0000000
0000000
0000000
ENDCHAR
STARTCHAR U+00A1
ENCODING 161
SWIDTH 500 0
DWIDTH 7 0
BBX 7 14 0 0
BITMAP
0000008
0000008
0000000
0000000
0000000
0000000
0000000
0000000
0000000
0000000
0000000
0000000
0000000
0000000
ENDCHAR
STARTCHAR U+003F
ENCODING 63
SWIDTH 500 0
DWIDTH 7 0
BBX 7 14 0 0
BITMAP
0000000
0000000
0000000
0000000
0000000
0000000
0000000
0000000
0000000
0000000
0000000
0000000
0000000
0000000
ENDCHAR
STARTCHAR U+00BF
ENCODING 191
SWIDTH 500 0
DWIDTH 7 0
BBX 7 14 0 0
BITMAP
0000022
000001C
0000000
0000000
0000000
0000000
0000000
0000000
0000000
0000000
0000000
0000000
0000000
0000000
ENDCHAR
STARTCHAR U+00B7
ENCODING 183
SWIDTH 500 0
DWIDTH 7 0
BBX 7 14 0 0
BITMAP
0000000
0000000
0000000
0000000
0000000
0000000
0000000
0000000
0000000
0000000
0000000
0000000
0000000
0000000
ENDCHAR
STARTCHAR U+2022
ENCODING 8226
SWIDTH 500 0
DWIDTH 7 0
BBX 7 14 0 0
BITMAP
0000000
0000000
0000000
0000000
0000000
0000000
0000000
0000000
0000000
0000000
0000000
0000000
0000000
0000000
ENDCHAR
STARTCHAR U+002A
ENCODING 42
SWIDTH 500 0
DWIDTH 7 0
BBX 7 14 0 0
BITMAP
0000000
0000000
0000000
0000000
0000000
0000000
0000000
0000000
0000000
0000000
0000000
0000000
0000000
0000000
ENDCHAR
STARTCHAR U+204A
ENCODING 8266
SWIDTH 500 0
DWIDTH 7 0
BBX 7 14 0 0
BITMAP
0000008
0000008
0000000
0000000
0000000
0000000
0000000
0000000
0000000
0000000
0000000
0000000
0000000
0000000
ENDCHAR
STARTCHAR U+2027
ENCODING 8231
SWIDTH 500 0
DWIDTH 7 0
BBX 7 14 0 0
BITMAP
0000000
0000000
0000000
0000000
0000000
0000000
0000000
0000000
0000000
0000000
0000000
0000000
0000000
0000000
ENDCHAR
STARTCHAR U+0023
ENCODING 35
SWIDTH 500 0
DWIDTH 7 0
BBX 7 14 0 0
BITMAP
0000000
0000000
0000000
0000000
0000000
0000000
0000000
0000000
0000000
0000000
0000000
0000000
0000000
0000000
ENDCHAR
STARTCHAR U+002F
ENCODING 47
SWIDTH 500 0
DWIDTH 7 0
BBX 7 14 0 0
BITMAP
0000020
0000000
0000000
0000000
0000000
0000000
0000000
0000000
0000000
0000000
0000000
0000000
0000000
0000000
ENDCHAR
STARTCHAR U+005C
ENCODING 92
SWIDTH 500 0
DWIDTH 7 0
BBX 7 14 0 0
BITMAP
0000002
0000000
0000000
0000000
0000000
0000000
0000000
0000000
0000000
0000000
0000000
0000000
0000000
0000000
ENDCHAR
STARTCHAR U+002D
ENCODING 45
SWIDTH 500 0
DWIDTH 7 0
BBX 7 14 0 0
BITMAP
0000000
0000000
0000000
0000000
0000000
0000000
0000000
0000000
0000000
0000000
0000000
0000000
0000000
0000000
ENDCHAR
STARTCHAR U+2013
ENCODING 8211
SWIDTH 500 0
DWIDTH 7 0
BBX 7 14 0 0
BITMAP
0000000
0000000
0000000
0000000
0000000
0000000
0000000
0000000
0000000
0000000
0000000
0000000
0000000
0000000
ENDCHAR
STARTCHAR U+2014
ENCODING 8212
SWIDTH 500 0
DWIDTH 7 0
BBX 7 14 0 0
BITMAP
0000000
0000000
0000000
0000000
0000000
0000000
0000000
0000000
0000000
0000000
0000000
0000000
0000000
0000000
ENDCHAR
STARTCHAR U+2E17
ENCODING 11799
SWIDTH 500 0
DWIDTH 7 0
BBX 7 14 0 0
BITMAP
0000000
0000000
0000000
0000000
0000000
0000000
0000000
0000000
0000000
0000000
0000000
0000000
0000000
0000000
ENDCHAR
STARTCHAR U+2015
ENCODING 8213
SWIDTH 500 0
DWIDTH 7 0
BBX 7 14 0 0
BITMAP
0000000
0000000
0000000
0000000
0000000
0000000
0000000
0000000
0000000
0000000
0000000
0000000
0000000
0000000
ENDCHAR
STARTCHAR U+2010
ENCODING 8208
SWIDTH 500 0
DWIDTH 7 0
BBX 7 14 0 0
BITMAP
0000000
0000000
0000000
0000000
0000000
0000000
0000000
0000000
0000000
0000000
0000000
0000000
0000000
0000000
ENDCHAR
STARTCHAR U+005F
ENCODING 95
SWIDTH 500 0
DWIDTH 7 0
BBX 7 14 0 0
BITMAP
0000000
0000000
0000000
0000000
0000000
0000000
0000000
0000000
0000000
0000000
0000000
0000000
0000000
0000000
ENDCHAR
STARTCHAR U+0028
ENCODING 40
SWIDTH 500 0
DWIDTH 7 0
BBX 7 14 0 0
BITMAP
0000004
0000000
0000000
0000000
0000000
0000000
0000000
0000000
0000000
0000000
0000000
0000000
0000000
0000000
ENDCHAR
STARTCHAR U+0029
ENCODING 41
SWIDTH 500 0
DWIDTH 7 0
BBX 7 14 0 0
BITMAP
0000010
0000000
0000000
0000000
0000000
0000000
0000000
0000000
0000000
0000000
0000000
0000000
0000000
0000000
ENDCHAR
STARTCHAR U+007B
ENCODING 123
SWIDTH 500 0
DWIDTH 7 0
BBX 7 14 0 0
BITMAP
000000C
0000000
0000000
0000000
0000000
0000000
0000000
0000000
0000000
0000000
0000000
0000000
0000000
0000000
ENDCHAR
STARTCHAR U+007D
ENCODING 125
SWIDTH 500 0
DWIDTH 7 0
BBX 7 14 0 0
BITMAP
0000018
0000000
0000000
0000000
0000000
0000000
0000000
0000000
0000000
0000000
0000000
0000000
0000000
0000000
ENDCHAR
STARTCHAR U+005B
ENCODING 91
SWIDTH 500 0
DWIDTH 7 0
BBX 7 14 0 0
BITMAP
000001C
0000000
0000000
0000000
0000000
0000000
0000000
0000000
0000000
0000000
0000000
0000000
0000000
0000000
ENDCHAR
STARTCHAR U+005D
ENCODING 93
SWIDTH 500 0
DWIDTH 7 0
BBX 7 14 0 0
BITMAP
000001C
0000000
0000000
0000000
0000000
0000000
0000000
0000000
0000000
0000000
0000000
0000000
0000000
0000000
ENDCHAR
STARTCHAR U+201A
ENCODING 8218
SWIDTH 500 0
DWIDTH 7 0
BBX 7 14 0 0
BITMAP
0000010
0000000
0000000
0000000
0000000
0000000
0000000
0000000
0000000
0000000
0000000
0000000
0000000
0000000
ENDCHAR
STARTCHAR U+201E
ENCODING 8222
SWIDTH 500 0
DWIDTH 7 0
BBX 7 14 0 0
BITMAP
0000028
0000000
0000000
0000000
0000000
0000000
0000000
0000000
0000000
0000000
0000000
0000000
0000000
0000000
ENDCHAR
STARTCHAR U+201C
ENCODING 8220
SWIDTH 500 0
DWIDTH 7 0
BBX 7 14 0 0
BITMAP
0000000
0000000
0000000
0000000
0000000
0000000
0000000
0000000
0000000
0000000
0000000
0000000
0000000
0000000
ENDCHAR
STARTCHAR U+201D
ENCODING 8221
SWIDTH 500 0
DWIDTH 7 0
BBX 7 14 0 0
BITMAP
0000000
0000000
0000000
0000000
0000000
0000000
0000000
0000000
0000000
0000000
0000000
0000000
0000000
0000000
ENDCHAR
STARTCHAR U+2018
ENCODING 8216
SWIDTH 500 0
DWIDTH 7 0
BBX 7 14 0 0
BITMAP
0000000
0000000
0000000
0000000
0000000
0000000
0000000
0000000
0000000
0000000
0000000
0000000
0000000
0000000
ENDCHAR
STARTCHAR U+2019
ENCODING 8217
SWIDTH 500 0
DWIDTH 7 0
BBX 7 14 0 0
BITMAP
0000000
0000000
0000000
0000000
0000000
0000000
0000000
0000000
0000000
0000000
0000000
0000000
0000000
0000000
ENDCHAR
STARTCHAR U+00AB
ENCODING 171
SWIDTH 500 0
DWIDTH 7 0
BBX 7 14 0 0
BITMAP
0000000
0000000
0000000
0000000
0000000
0000000
0000000
0000000
0000000
0000000
0000000
0000000
0000000
0000000
ENDCHAR
STARTCHAR U+00BB
ENCODING 187
SWIDTH 500 0
DWIDTH 7 0
BBX 7 14 0 0
BITMAP
0000000
0000000
0000000
0000000
0000000
0000000
0000000
0000000
0000000
0000000
0000000
0000000
0000000
0000000
ENDCHAR
STARTCHAR U+2039
ENCODING 8249
SWIDTH 500 0
DWIDTH 7 0
BBX 7 14 0 0
BITMAP
0000000
0000000
0000000
0000000
0000000
0000000
0000000
0000000
0000000
0000000
0000000
0000000
0000000
0000000
ENDCHAR
STARTCHAR U+203A
ENCODING 8250
SWIDTH 500 0
DWIDTH 7 0
BBX 7 14 0 0
BITMAP
0000000
0000000
0000000
0000000
0000000
0000000
0000000
0000000
0000000
0000000
0000000
0000000
0000000
0000000
ENDCHAR
STARTCHAR U+0022
ENCODING 34
SWIDTH 500 0
DWIDTH 7 0
BBX 7 14 0 0
BITMAP
0000000
0000000
0000000
0000000
0000000
0000000
0000000
0000000
0000000
0000000
0000000
0000000
0000000
0000000
ENDCHAR
STARTCHAR U+0027
ENCODING 39
SWIDTH 500 0
DWIDTH 7 0
BBX 7 14 0 0
BITMAP
0000000
0000000
0000000
0000000
0000000
0000000
0000000
0000000
0000000
0000000
0000000
0000000
0000000
0000000
ENDCHAR
STARTCHAR U+0040
ENCODING 64
SWIDTH 500 0
DWIDTH 7 0
BBX 7 14 0 0
BITMAP
0000000
0000000
0000000
0000000
0000000
0000000
0000000
0000000
0000000
0000000
0000000
0000000
0000000
0000000
ENDCHAR
STARTCHAR U+0026
ENCODING 38
SWIDTH 500 0
DWIDTH 7 0
BBX 7 14 0 0
BITMAP
0000000
0000000
0000000
0000000
0000000
0000000
0000000
0000000
0000000
0000000
0000000
0000000
0000000
0000000
ENDCHAR
STARTCHAR U+00B6
ENCODING 182
SWIDTH 500 0
DWIDTH 7 0
BBX 7 14 0 0
BITMAP
0000000
0000000
0000000
0000000
0000000
0000000
0000000
0000000
0000000
0000000
0000000
0000000
0000000
0000000
ENDCHAR
STARTCHAR U+00A7
ENCODING 167
SWIDTH 500 0
DWIDTH 7 0
BBX 7 14 0 0
BITMAP
000001C
0000000
0000000
0000000
0000000
0000000
0000000
0000000
0000000
0000000
0000000
0000000
0000000
0000000
ENDCHAR
STARTCHAR U+00A9
ENCODING 169
SWIDTH 500 0
DWIDTH 7 0
BBX 7 14 0 0
BITMAP
0000022
000001C
0000000
0000000
0000000
0000000
0000000
0000000
0000000
0000000
0000000
0000000
0000000
0000000
ENDCHAR
STARTCHAR U+00AE
ENCODING 174
SWIDTH 500 0
DWIDTH 7 0
BBX 7 14 0 0
BITMAP
0000022
000001C
0000000
0000000
0000000
0000000
0000000
0000000
0000000
0000000
0000000
0000000
0000000
0000000
ENDCHAR
STARTCHAR U+2122
ENCODING 8482
SWIDTH 500 0
DWIDTH 7 0
BBX 7 14 0 0
BITMAP
0000000
0000000
0000000
0000000
0000000
0000000
0000000
0000000
0000000
0000000
0000000
0000000
0000000
0000000
ENDCHAR
STARTCHAR U+00B0
ENCODING 176
SWIDTH 500 0
DWIDTH 7 0
BBX 7 14 0 0
BITMAP
0000000
0000000
0000000
0000000
0000000
0000000
0000000
0000000
0000000
0000000
0000000
0000000
0000000
0000000
ENDCHAR
STARTCHAR U+2032
ENCODING 8242
SWIDTH 500 0
DWIDTH 7 0
BBX 7 14 0 0
BITMAP
0000000
0000000
0000000
0000000
0000000
0000000
0000000
0000000
0000000
0000000
0000000
0000000
0000000
0000000
ENDCHAR
STARTCHAR U+2033
ENCODING 8243
SWIDTH 500 0
DWIDTH 7 0
BBX 7 14 0 0
BITMAP
0000000
0000000
0000000
0000000
0000000
0000000
0000000
0000000
0000000
0000000
0000000
0000000
0000000
0000000
ENDCHAR
STARTCHAR U+007C
ENCODING 124
SWIDTH 500 0
DWIDTH 7 0
BBX 7 14 0 0
BITMAP
0000008
0000000
0000000
0000000
0000000
0000000
0000000
0000000
0000000
0000000
0000000
0000000
0000000
0000000
ENDCHAR
STARTCHAR U+00A6
ENCODING 166
SWIDTH 500 0
DWIDTH 7 0
BBX 7 14 0 0
BITMAP
0000008
0000000
0000000
0000000
0000000
0000000
0000000
0000000
0000000
0000000
0000000
0000000
0000000
0000000
ENDCHAR
STARTCHAR U+2020
ENCODING 8224
SWIDTH 500 0
DWIDTH 7 0
BBX 7 14 0 0
BITMAP
0000000
0000000
0000000
0000000
0000000
0000000
0000000
0000000
0000000
0000000
0000000
0000000
0000000
0000000
ENDCHAR
STARTCHAR U+2021
ENCODING 8225
SWIDTH 500 0
DWIDTH 7 0
BBX 7 14 0 0
BITMAP
0000000
0000000
0000000
0000000
0000000
0000000
0000000
0000000
0000000
0000000
0000000
0000000
0000000
0000000
ENDCHAR
STARTCHAR U+2116
ENCODING 8470
SWIDTH 500 0
DWIDTH 7 0
BBX 7 14 0 0
BITMAP
0000000
0000000
0000000
0000000
0000000
0000000
0000000
0000000
0000000
0000000
0000000
0000000
0000000
0000000
ENDCHAR
STARTCHAR U+2325
ENCODING 8997
SWIDTH 500 0
DWIDTH 7 0
BBX 7 14 0 0
BITMAP
0000000
0000000
0000000
0000000
0000000
0000000
0000000
0000000
0000000
0000000
0000000
0000000
0000000
0000000
ENDCHAR
STARTCHAR U+2318
ENCODING 8984
SWIDTH 500 0
DWIDTH 7 0
BBX 7 14 0 0
BITMAP
0000000
0000000
0000000
0000000
0000000
0000000
0000000
0000000
0000000
0000000
0000000
0000000
0000000
0000000
ENDCHAR
STARTCHAR U+0030
ENCODING 48
SWIDTH 500 0
DWIDTH 7 0
BBX 7 14 0 0
BITMAP
0000000
0000000
0000000
0000000
0000000
0000000
0000000
0000000
0000000
0000000
0000000
0000000
0000000
0000000
ENDCHAR
STARTCHAR U+0031
ENCODING 49
SWIDTH 500 0
DWIDTH 7 0
BBX 7 14 0 0
BITMAP
0000000
0000000
0000000
0000000
0000000
0000000
0000000
0000000
0000000
0000000
0000000
0000000
0000000
0000000
ENDCHAR
STARTCHAR U+0032
ENCODING 50
SWIDTH 500 0
DWIDTH 7 0
BBX 7 14 0 0
BITMAP
0000000
0000000
0000000
0000000
0000000
0000000
0000000
0000000
0000000
0000000
0000000
0000000
0000000
0000000
ENDCHAR
STARTCHAR U+0033
ENCODING 51
SWIDTH 500 0
DWIDTH 7 0
BBX 7 14 0 0
BITMAP
0000000
0000000
0000000
0000000
0000000
0000000
0000000
0000000
0000000
0000000
0000000
0000000
0000000
0000000
ENDCHAR
STARTCHAR U+0034
ENCODING 52
SWIDTH 500 0
DWIDTH 7 0
BBX 7 14 0 0
BITMAP
0000000
0000000
0000000
0000000
0000000
0000000
0000000
0000000
0000000
0000000
0000000
0000000
0000000
0000000
ENDCHAR
STARTCHAR U+0035
ENCODING 53
SWIDTH 500 0
DWIDTH 7 0
BBX 7 14 0 0
BITMAP
0000000
0000000
0000000
0000000
0000000
0000000
0000000
0000000
0000000
0000000
0000000
0000000
0000000
0000000
ENDCHAR
STARTCHAR U+0036
ENCODING 54
SWIDTH 500 0
DWIDTH 7 0
BBX 7 14 0 0
BITMAP
0000000
0000000
0000000
0000000
0000000
0000000
0000000
0000000
0000000
0000000
0000000
0000000
0000000
0000000
ENDCHAR
STARTCHAR U+0037
ENCODING 55
SWIDTH 500 0
DWIDTH 7 0
BBX 7 14 0 0
BITMAP
0000000
0000000
0000000
0000000
0000000
0000000
0000000
0000000
0000000
0000000
0000000
0000000
0000000
0000000
ENDCHAR
STARTCHAR U+0038
ENCODING 56
SWIDTH 500 0
DWIDTH 7 0
BBX 7 14 0 0
BITMAP
0000000
0000000
0000000
0000000
0000000
0000000
0000000
0000000
0000000
0000000
0000000
0000000
0000000
0000000
ENDCHAR
STARTCHAR U+0039
ENCODING 57
SWIDTH 500 0
DWIDTH 7 0
BBX 7 14 0 0
BITMAP
0000000
0000000
0000000
0000000
0000000
0000000
0000000
0000000
0000000
0000000
0000000
0000000
0000000
0000000
ENDCHAR
STARTCHAR U+2044
ENCODING 8260
SWIDTH 500 0
DWIDTH 7 0
BBX 7 14 0 0
BITMAP
0000000
0000000
0000000
0000000
0000000
0000000
0000000
0000000
0000000
0000000
0000000
0000000
0000000
0000000
ENDCHAR
STARTCHAR U+00BD
ENCODING 189
SWIDTH 500 0
DWIDTH 7 0
BBX 7 14 0 0
BITMAP
0000002
0000004
000000F
0000000
0000000
0000000
0000000
0000000
0000000
0000000
0000000
0000000
0000000
0000000
ENDCHAR
STARTCHAR U+2189
ENCODING 8585
SWIDTH 500 0
DWIDTH 7 0
BBX 7 14 0 0
BITMAP
0000002
0000009
0000006
0000000
0000000
0000000
0000000
0000000
0000000
0000000
0000000
0000000
0000000
0000000
ENDCHAR
STARTCHAR U+2153
ENCODING 8531
SWIDTH 500 0
DWIDTH 7 0
BBX 7 14 0 0
BITMAP
0000002
0000009
0000006
0000000
0000000
0000000
0000000
0000000
0000000
0000000
0000000
0000000
0000000
0000000
ENDCHAR
STARTCHAR U+2154
ENCODING 8532
SWIDTH 500 0
DWIDTH 7 0
BBX 7 14 0 0
BITMAP
0000002
0000009
0000006
0000000
0000000
0000000
0000000
0000000
0000000
0000000
0000000
0000000
0000000
0000000
ENDCHAR
STARTCHAR U+00BC
ENCODING 188
SWIDTH 500 0
DWIDTH 7 0
BBX 7 14 0 0
BITMAP
0000009
000000F
0000001
0000000
0000000
0000000
0000000
0000000
0000000
0000000
0000000
0000000
0000000
0000000
ENDCHAR
STARTCHAR U+00BE
ENCODING 190
SWIDTH 500 0
DWIDTH 7 0
BBX 7 14 0 0
BITMAP
0000009
000000F
0000001
0000000
0000000
0000000
0000000
0000000
0000000
0000000
0000000
0000000
0000000
0000000
ENDCHAR
STARTCHAR U+2155
ENCODING 8533
SWIDTH 500 0
DWIDTH 7 0
BBX 7 14 0 0
BITMAP
000000E
0000001
0000006
0000000
0000000
0000000
0000000
0000000
0000000
0000000
0000000
0000000
0000000
0000000
ENDCHAR
STARTCHAR U+2156
ENCODING 8534
SWIDTH 500 0
DWIDTH 7 0
BBX 7 14 0 0
BITMAP
000000E
0000001
0000006
0000000
0000000
0000000
0000000
0000000
0000000
0000000
0000000
0000000
0000000
0000000
ENDCHAR
STARTCHAR U+2157
ENCODING 8535
SWIDTH 500 0
DWIDTH 7 0
BBX 7 14 0 0
BITMAP
000000E
0000001
0000006
0000000
0000000
0000000
0000000
0000000
0000000
0000000
0000000
0000000
0000000
0000000
ENDCHAR
STARTCHAR U+2158
ENCODING 8536
SWIDTH 500 0
DWIDTH 7 0
BBX 7 14 0 0
BITMAP
000000E
0000001
0000006
0000000
0000000
0000000
0000000
0000000
0000000
0000000
0000000
0000000
0000000
0000000
ENDCHAR
STARTCHAR U+2159
ENCODING 8537
SWIDTH 500 0
DWIDTH 7 0
BBX 7 14 0 0
BITMAP
000000E
0000009
0000006
0000000
0000000
0000000
0000000
0000000
0000000
0000000
0000000
0000000
0000000
0000000
ENDCHAR
STARTCHAR U+215A
ENCODING 8538
SWIDTH 500 0
DWIDTH 7 0
BBX 7 14 0 0
BITMAP
000000E
0000009
0000006
0000000
0000000
0000000
0000000
0000000
0000000
0000000
0000000
0000000
0000000
0000000
ENDCHAR
STARTCHAR U+2150
ENCODING 8528
SWIDTH 500 0
DWIDTH 7 0
BBX 7 14 0 0
BITMAP
0000002
0000004
0000004
0000000
0000000
0000000
0000000
0000000
0000000
0000000
0000000
0000000
0000000
0000000
ENDCHAR
STARTCHAR U+215B
ENCODING 8539
SWIDTH 500 0
DWIDTH 7 0
BBX 7 14 0 0
BITMAP
0000006
0000009
0000006
0000000
0000000
0000000
0000000
0000000
0000000
0000000
0000000
0000000
0000000
0000000
ENDCHAR
STARTCHAR U+215C
ENCODING 8540
SWIDTH 500 0
DWIDTH 7 0
BBX 7 14 0 0
BITMAP
0000006
0000009
0000006
0000000
0000000
0000000
0000000
0000000
0000000
0000000
0000000
0000000
0000000
0000000
ENDCHAR
STARTCHAR U+215D
ENCODING 8541
SWIDTH 500 0
DWIDTH 7 0
BBX 7 14 0 0
BITMAP
0000006
0000009
0000006
0000000
0000000
0000000
0000000
0000000
0000000
0000000
0000000
0000000
0000000
0000000
ENDCHAR
STARTCHAR U+215E
ENCODING 8542
SWIDTH 500 0
DWIDTH 7 0
BBX 7 14 0 0
BITMAP
0000006
0000009
0000006
0000000
0000000
0000000
0000000
0000000
0000000
0000000
0000000
0000000
0000000
0000000
ENDCHAR
STARTCHAR U+2151
ENCODING 8529
SWIDTH 500 0
DWIDTH 7 0
BBX 7 14 0 0
BITMAP
0000007
0000001
0000006
0000000
0000000
0000000
0000000
0000000
0000000
0000000
0000000
0000000
0000000
0000000
ENDCHAR
STARTCHAR U+2080
ENCODING 8320
SWIDTH 500 0
DWIDTH 7 0
BBX 7 14 0 0
BITMAP
0000022
000001C
0000000
0000000
0000000
0000000
0000000
0000000
0000000
0000000
0000000
0000000
0000000
0000000
ENDCHAR
STARTCHAR U+2081
ENCODING 8321
SWIDTH 500 0
DWIDTH 7 0
BBX 7 14 0 0
BITMAP
0000008
000001C
0000000
0000000
0000000
0000000
0000000
0000000
0000000
0000000
0000000
0000000
0000000
0000000
ENDCHAR
STARTCHAR U+2082
ENCODING 8322
SWIDTH 500 0
DWIDTH 7 0
BBX 7 14 0 0
BITMAP
0000010
000003E
0000000
0000000
0000000
0000000
0000000
0000000
0000000
0000000
0000000
0000000
0000000
0000000
ENDCHAR
STARTCHAR U+2083
ENCODING 8323
SWIDTH 500 0
DWIDTH 7 0
BBX 7 14 0 0
BITMAP
0000022
000001C
0000000
0000000
0000000
0000000
0000000
0000000
0000000
0000000
0000000
0000000
0000000
0000000
ENDCHAR
STARTCHAR U+2084
ENCODING 8324
SWIDTH 500 0
DWIDTH 7 0
BBX 7 14 0 0
BITMAP
000003E
0000002
0000000
0000000
0000000
0000000
0000000
0000000
0000000
0000000
0000000
0000000
0000000
0000000
ENDCHAR
STARTCHAR U+2085
ENCODING 8325
SWIDTH 500 0
DWIDTH 7 0
BBX 7 14 0 0
BITMAP
0000022
000001C
0000000
0000000
0000000
0000000
0000000
0000000
0000000
0000000
0000000
0000000
0000000
0000000
ENDCHAR
STARTCHAR U+2086
ENCODING 8326
SWIDTH 500 0
DWIDTH 7 0
BBX 7 14 0 0
BITMAP
0000022
000001C
0000000
0000000
0000000
0000000
0000000
0000000
0000000
0000000
0000000
0000000
0000000
0000000
ENDCHAR
STARTCHAR U+2087
ENCODING 8327
SWIDTH 500 0
DWIDTH 7 0
BBX 7 14 0 0
BITMAP
0000010
0000010
0000000
0000000
0000000
0000000
0000000
0000000
0000000
0000000
0000000
0000000
0000000
0000000
ENDCHAR
STARTCHAR U+2088
ENCODING 8328
SWIDTH 500 0
DWIDTH 7 0
BBX 7 14 0 0
BITMAP
0000022
000001C
0000000
0000000
0000000
0000000
0000000
0000000
0000000
0000000
0000000
0000000
0000000
0000000
ENDCHAR
STARTCHAR U+2089
ENCODING 8329
SWIDTH 500 0
DWIDTH 7 0
BBX 7 14 0 0
BITMAP
0000002
000001C
0000000
0000000
0000000
0000000
0000000
0000000
0000000
0000000
0000000
0000000
0000000
0000000
ENDCHAR
STARTCHAR U+2070
ENCODING 8304
SWIDTH 500 0
DWIDTH 7 0
BBX 7 14 0 0
BITMAP
0000000
0000000
0000000
0000000
0000000
0000000
0000000
0000000
0000000
0000000
0000000
0000000
0000000
0000000
ENDCHAR
STARTCHAR U+00B9
ENCODING 185
SWIDTH 500 0
DWIDTH 7 0
BBX 7 14 0 0
BITMAP
0000000
0000000
0000000
0000000
0000000
0000000
0000000
0000000
0000000
0000000
0000000
0000000
0000000
0000000
ENDCHAR
STARTCHAR U+00B2
ENCODING 178
SWIDTH 500 0
DWIDTH 7 0
BBX 7 14 0 0
BITMAP
0000000
0000000
0000000
0000000
0000000
0000000
0000000
0000000
0000000
0000000
0000000
0000000
0000000
0000000
ENDCHAR
STARTCHAR U+00B3
ENCODING 179
SWIDTH 500 0
DWIDTH 7 0
BBX 7 14 0 0
BITMAP
0000000
0000000
0000000
0000000
0000000
0000000
0000000
0000000
0000000
0000000
0000000
0000000
0000000
0000000
ENDCHAR
STARTCHAR U+2074
ENCODING 8308
SWIDTH 500 0
DWIDTH 7 0
BBX 7 14 0 0
BITMAP
0000000
0000000
0000000
0000000
0000000
0000000
0000000
0000000
0000000
0000000
0000000
0000000
0000000
0000000
ENDCHAR
STARTCHAR U+2075
ENCODING 8309
SWIDTH 500 0
DWIDTH 7 0
BBX 7 14 0 0
BITMAP
0000000
0000000
0000000
0000000
0000000
0000000
0000000
0000000
0000000
0000000
0000000
0000000
0000000
0000000
ENDCHAR
STARTCHAR U+2076
ENCODING 8310
SWIDTH 500 0
DWIDTH 7 0
BBX 7 14 0 0
BITMAP
0000000
0000000
0000000
0000000
0000000
0000000
0000000
0000000
0000000
0000000
0000000
0000000
0000000
0000000
ENDCHAR
STARTCHAR U+2077
ENCODING 8311
SWIDTH 500 0
DWIDTH 7 0
BBX 7 14 0 0
BITMAP
0000000
0000000
0000000
0000000
0000000
0000000
0000000
0000000
0000000
0000000
0000000
0000000
0000000
0000000
ENDCHAR
STARTCHAR U+2078
ENCODING 8312
SWIDTH 500 0
DWIDTH 7 0
BBX 7 14 0 0
BITMAP
0000000
0000000
0000000
0000000
0000000
0000000
0000000
0000000
0000000
0000000
0000000
0000000
0000000
0000000
ENDCHAR
STARTCHAR U+2079
ENCODING 8313
SWIDTH 500 0
DWIDTH 7 0
BBX 7 14 0 0
BITMAP
0000000
0000000
0000000
0000000
0000000
0000000
0000000
0000000
0000000
0000000
0000000
0000000
0000000
0000000
ENDCHAR
STARTCHAR U+0192
ENCODING 402
SWIDTH 500 0
DWIDTH 7 0
BBX 7 14 0 0
BITMAP
0000030
0000000
0000000
0000000
0000000
0000000
0000000
0000000
0000000
0000000
0000000
0000000
0000000
0000000
ENDCHAR
STARTCHAR U+0E3F
ENCODING 3647
SWIDTH 500 0
DWIDTH 7 0
BBX 7 14 0 0
BITMAP
0000008
0000000
0000000
0000000
0000000
0000000
0000000
0000000
0000000
0000000
0000000
0000000
0000000
0000000
ENDCHAR
STARTCHAR U+2113
ENCODING 8467
SWIDTH 500 0
DWIDTH 7 0
BBX 7 14 0 0
BITMAP
0000000
0000000
0000000
0000000
0000000
0000000
0000000
0000000
0000000
0000000
0000000
0000000
0000000
0000000
ENDCHAR
STARTCHAR U+212E
ENCODING 8494
SWIDTH 500 0
DWIDTH 7 0
BBX 7 14 0 0
BITMAP
0000000
0000000
0000000
0000000
0000000
0000000
0000000
0000000
0000000
0000000
0000000
0000000
0000000
0000000
ENDCHAR
STARTCHAR U+20BF
ENCODING 8383
SWIDTH 500 0
DWIDTH 7 0
BBX 7 14 0 0
BITMAP
0000014
0000000
0000000
0000000
0000000
0000000
0000000
0000000
0000000
0000000
0000000
0000000
0000000
0000000
ENDCHAR
STARTCHAR U+00A2
ENCODING 162
SWIDTH 500 0
DWIDTH 7 0
BBX 7 14 0 0
BITMAP
0000000
0000000
0000000
0000000
0000000
0000000
0000000
0000000
0000000
0000000
0000000
0000000
0000000
0000000
ENDCHAR
STARTCHAR U+00A4
ENCODING 164
SWIDTH 500 0
DWIDTH 7 0
BBX 7 14 0 0
BITMAP
0000000
0000000
0000000
0000000
0000000
0000000
0000000
0000000
0000000
0000000
0000000
0000000
0000000
0000000
ENDCHAR
STARTCHAR U+0024
ENCODING 36
SWIDTH 500 0
DWIDTH 7 0
BBX 7 14 0 0
BITMAP
0000008
0000000
0000000
0000000
0000000
0000000
0000000
0000000
0000000
0000000
0000000
0000000
0000000
0000000
ENDCHAR
STARTCHAR U+20AC
ENCODING 8364
SWIDTH 500 0
DWIDTH 7 0
BBX 7 14 0 0
BITMAP
0000000
0000000
0000000
0000000
0000000
0000000
0000000
0000000
0000000
0000000
0000000
0000000
0000000
0000000
ENDCHAR
STARTCHAR U+20A3
ENCODING 8355
SWIDTH 500 0
DWIDTH 7 0
BBX 7 14 0 0
BITMAP
0000000
0000000
0000000
0000000
0000000
0000000
0000000
0000000
0000000
0000000
0000000
0000000
0000000
0000000
ENDCHAR
STARTCHAR U+20B4
ENCODING 8372
SWIDTH 500 0
DWIDTH 7 0
BBX 7 14 0 0
BITMAP
0000000
0000000
0000000
0000000
0000000
0000000
0000000
0000000
0000000
0000000
0000000
0000000
0000000
0000000
ENDCHAR
STARTCHAR U+20BA
ENCODING 8378
SWIDTH 500 0
DWIDTH 7 0
BBX 7 14 0 0
BITMAP
0000000
0000000
0000000
0000000
0000000
0000000
0000000
0000000
0000000
0000000
0000000
0000000
0000000
0000000
ENDCHAR
STARTCHAR U+20BD
ENCODING 8381
SWIDTH 500 0
DWIDTH 7 0
BBX 7 14 0 0
BITMAP
0000000
0000000
0000000
0000000
0000000
0000000
0000000
0000000
0000000
0000000
0000000
0000000
0000000
0000000
ENDCHAR
STARTCHAR U+20B9
ENCODING 8377
SWIDTH 500 0
DWIDTH 7 0
BBX 7 14 0 0
BITMAP
0000000
0000000
0000000
0000000
0000000
0000000
0000000
0000000
0000000
0000000
0000000
0000000
0000000
0000000
ENDCHAR
STARTCHAR U+20AA
ENCODING 8362
SWIDTH 500 0
DWIDTH 7 0
BBX 7 14 0 0
BITMAP
0000000
0000000
0000000
0000000
0000000
0000000
0000000
0000000
0000000
0000000
0000000
0000000
0000000
0000000
ENDCHAR
STARTCHAR U+00A3
ENCODING 163
SWIDTH 500 0
DWIDTH 7 0
BBX 7 14 0 0
BITMAP
0000000
0000000
0000000
0000000
0000000
0000000
0000000
0000000
0000000
0000000
0000000
0000000
0000000
0000000
ENDCHAR
STARTCHAR U+20B8
ENCODING 8376
SWIDTH 500 0
DWIDTH 7 0
BBX 7 14 0 0
BITMAP
0000000
0000000
0000000
0000000
0000000
0000000
0000000
0000000
0000000
0000000
0000000
0000000
0000000
0000000
ENDCHAR
STARTCHAR U+20AE
ENCODING 8366
SWIDTH 500 0
DWIDTH 7 0
BBX 7 14 0 0
BITMAP
0000000
0000000
0000000
0000000
0000000
0000000
0000000
0000000
0000000
0000000
0000000
0000000
0000000
0000000
ENDCHAR
STARTCHAR U+20A9
ENCODING 8361
SWIDTH 500 0
DWIDTH 7 0
BBX 7 14 0 0
BITMAP
0000000
0000000
0000000
0000000
0000000
0000000
0000000
0000000
0000000
0000000
0000000
0000000
0000000
0000000
ENDCHAR
STARTCHAR U+00A5
ENCODING 165
SWIDTH 500 0
DWIDTH 7 0
BBX 7 14 0 0
BITMAP
0000000
0000000
0000000
0000000
0000000
0000000
0000000
0000000
0000000
0000000
0000000
0000000
0000000
0000000
ENDCHAR
STARTCHAR U+2219
ENCODING 8729
SWIDTH 500 0
DWIDTH 7 0
BBX 7 14 0 0
BITMAP
0000000
0000000
0000000
0000000
0000000
0000000
0000000
0000000
0000000
0000000
0000000
0000000
0000000
0000000
ENDCHAR
STARTCHAR U+2052
ENCODING 8274
SWIDTH 500 0
DWIDTH 7 0
BBX 7 14 0 0
BITMAP
0000000
0000000
0000000
0000000
0000000
0000000
0000000
0000000
0000000
0000000
0000000
0000000
0000000
0000000
ENDCHAR
STARTCHAR U+002B
ENCODING 43
SWIDTH 500 0
DWIDTH 7 0
BBX 7 14 0 0
BITMAP
0000000
0000000
0000000
0000000
0000000
0000000
0000000
0000000
0000000
0000000
0000000
0000000
0000000
0000000
ENDCHAR
STARTCHAR U+2212
ENCODING 8722
SWIDTH 500 0
DWIDTH 7 0
BBX 7 14 0 0
BITMAP
0000000
0000000
0000000
0000000
0000000
0000000
0000000
0000000
0000000
0000000
0000000
0000000
0000000
0000000
ENDCHAR
STARTCHAR U+00D7
ENCODING 215
SWIDTH 500 0
DWIDTH 7 0
BBX 7 14 0 0
BITMAP
0000000
0000000
0000000
0000000
0000000
0000000
0000000
0000000
0000000
0000000
0000000
0000000
0000000
0000000
ENDCHAR
STARTCHAR U+00F7
ENCODING 247
SWIDTH 500 0
DWIDTH 7 0
BBX 7 14 0 0
BITMAP
0000000
0000000
0000000
0000000
0000000
0000000
0000000
0000000
0000000
0000000
0000000
0000000
0000000
0000000
ENDCHAR
STARTCHAR U+003D
ENCODING 61
SWIDTH 500 0
DWIDTH 7 0
BBX 7 14 0 0
BITMAP
0000000
0000000
0000000
0000000
0000000
0000000
0000000
0000000
0000000
0000000
0000000
0000000
0000000
0000000
ENDCHAR
STARTCHAR U+2260
ENCODING 8800
SWIDTH 500 0
DWIDTH 7 0
BBX 7 14 0 0
BITMAP
0000000
0000000
0000000
0000000
0000000
0000000
0000000
0000000
0000000
0000000
0000000
0000000
0000000
0000000
ENDCHAR
STARTCHAR U+003E
ENCODING 62
SWIDTH 500 0
DWIDTH 7 0
BBX 7 14 0 0
BITMAP
0000000
0000000
0000000
0000000
0000000
0000000
0000000
0000000
0000000
0000000
0000000
0000000
0000000
0000000
ENDCHAR
STARTCHAR U+003C
ENCODING 60
SWIDTH 500 0
DWIDTH 7 0
BBX 7 14 0 0
BITMAP
0000000
0000000
0000000
0000000
0000000
0000000
0000000
0000000
0000000
0000000
0000000
0000000
0000000
0000000
ENDCHAR
STARTCHAR U+2265
ENCODING 8805
SWIDTH 500 0
DWIDTH 7 0
BBX 7 14 0 0
BITMAP
000001E
0000000
0000000
0000000
0000000
0000000
0000000
0000000
0000000
0000000
0000000
0000000
0000000
0000000
ENDCHAR
STARTCHAR U+2264
ENCODING 8804
SWIDTH 500 0
DWIDTH 7 0
BBX 7 14 0 0
BITMAP
000003C
0000000
0000000
0000000
0000000
0000000
0000000
0000000
0000000
0000000
0000000
0000000
0000000
0000000
ENDCHAR
STARTCHAR U+00B1
ENCODING 177
SWIDTH 500 0
DWIDTH 7 0
BBX 7 14 0 0
BITMAP
0000000
0000000
0000000
0000000
0000000
0000000
0000000
0000000
0000000
0000000
0000000
0000000
0000000
0000000
ENDCHAR
STARTCHAR U+2248
ENCODING 8776
SWIDTH 500 0
DWIDTH 7 0
BBX 7 14 0 0
BITMAP
0000000
0000000
0000000
0000000
0000000
0000000
0000000
0000000
0000000
0000000
0000000
0000000
0000000
0000000
ENDCHAR
STARTCHAR U+007E
ENCODING 126
SWIDTH 500 0
DWIDTH 7 0
BBX 7 14 0 0
BITMAP
0000000
0000000
0000000
0000000
0000000
0000000
0000000
0000000
0000000
0000000
0000000
0000000
0000000
0000000
ENDCHAR
STARTCHAR U+00AC
ENCODING 172
SWIDTH 500 0
DWIDTH 7 0
BBX 7 14 0 0
BITMAP
0000000
0000000
0000000
0000000
0000000
0000000
0000000
0000000
0000000
0000000
0000000
0000000
0000000
0000000
ENDCHAR
STARTCHAR U+005E
ENCODING 94
SWIDTH 500 0
DWIDTH 7 0
BBX 7 14 0 0
BITMAP
0000000
0000000
0000000
0000000
0000000
0000000
0000000
0000000
0000000
0000000
0000000
0000000
0000000
0000000
ENDCHAR
STARTCHAR U+221E
ENCODING 8734
SWIDTH 500 0
DWIDTH 7 0
BBX 7 14 0 0
BITMAP
0000000
0000000
0000000
0000000
0000000
0000000
0000000
0000000
0000000
0000000
0000000
0000000
0000000
0000000
ENDCHAR
STARTCHAR U+222B
ENCODING 8747
SWIDTH 500 0
DWIDTH 7 0
BBX 7 14 0 0
BITMAP
0000008
0000030
0000000
0000000
0000000
0000000
0000000
0000000
0000000
0000000
0000000
0000000
0000000
0000000
ENDCHAR
STARTCHAR U+2126
ENCODING 8486
SWIDTH 500 0
DWIDTH 7 0
BBX 7 14 0 0
BITMAP
0000000
0000000
0000000
0000000
0000000
0000000
0000000
0000000
0000000
0000000
0000000
0000000
0000000
0000000
ENDCHAR
STARTCHAR U+2206
ENCODING 8710
SWIDTH 500 0
DWIDTH 7 0
BBX 7 14 0 0
BITMAP
0000000
0000000
0000000
0000000
0000000
0000000
0000000
0000000
0000000
0000000
0000000
0000000
0000000
0000000
ENDCHAR
STARTCHAR U+220F
ENCODING 8719
SWIDTH 500 0
DWIDTH 7 0
BBX 7 14 0 0
BITMAP
0000000
0000000
0000000
0000000
0000000
0000000
0000000
0000000
0000000
0000000
0000000
0000000
0000000
0000000
ENDCHAR
STARTCHAR U+2211
ENCODING 8721
SWIDTH 500 0
DWIDTH 7 0
BBX 7 14 0 0
BITMAP
0000000
0000000
0000000
0000000
0000000
0000000
0000000
0000000
0000000
0000000
0000000
0000000
0000000
0000000
ENDCHAR
STARTCHAR U+221A
ENCODING 8730
SWIDTH 500 0
DWIDTH 7 0
BBX 7 14 0 0
BITMAP
0000000
0000000
0000000
0000000
0000000
0000000
0000000
0000000
0000000
0000000
0000000
0000000
0000000
0000000
ENDCHAR
STARTCHAR U+2202
ENCODING 8706
SWIDTH 500 0
DWIDTH 7 0
BBX 7 14 0 0
BITMAP
0000000
0000000
0000000
0000000
0000000
0000000
0000000
0000000
0000000
0000000
0000000
0000000
0000000
0000000
ENDCHAR
STARTCHAR U+00B5
ENCODING 181
SWIDTH 500 0
DWIDTH 7 0
BBX 7 14 0 0
BITMAP
0000020
0000020
0000000
0000000
0000000
0000000
0000000
0000000
0000000
0000000
0000000
0000000
0000000
0000000
ENDCHAR
STARTCHAR U+0025
ENCODING 37
SWIDTH 500 0
DWIDTH 7 0
BBX 7 14 0 0
BITMAP
0000000
0000000
0000000
0000000
0000000
0000000
0000000
0000000
0000000
0000000
0000000
0000000
0000000
0000000
ENDCHAR
STARTCHAR U+2030
ENCODING 8240
SWIDTH 500 0
DWIDTH 7 0
BBX 7 14 0 0
BITMAP
0000000
0000000
0000000
0000000
0000000
0000000
0000000
0000000
0000000
0000000
0000000
0000000
0000000
0000000
ENDCHAR
STARTCHAR U+27E8
ENCODING 10216
SWIDTH 500 0
DWIDTH 7 0
BBX 7 14 0 0
BITMAP
0000002
0000000
0000000
0000000
0000000
0000000
0000000
0000000
0000000
0000000
0000000
0000000
0000000
0000000
ENDCHAR
STARTCHAR U+27E9
ENCODING 10217
SWIDTH 500 0
DWIDTH 7 0
BBX 7 14 0 0
BITMAP
0000020
0000000
0000000
0000000
0000000
0000000
0000000
0000000
0000000
0000000
0000000
0000000
0000000
0000000
ENDCHAR
STARTCHAR U+2770
ENCODING 10096
SWIDTH 500 0
DWIDTH 7 0
BBX 7 14 0 0
BITMAP
000000E
0000000
0000000
0000000
0000000
0000000
0000000
0000000
0000000
0000000
0000000
0000000
0000000
0000000
ENDCHAR
STARTCHAR U+276E
ENCODING 10094
SWIDTH 500 0
DWIDTH 7 0
BBX 7 14 0 0
BITMAP
0000006
0000000
0000000
0000000
0000000
0000000
0000000
0000000
0000000
0000000
0000000
0000000
0000000
0000000
ENDCHAR
STARTCHAR U+2771
ENCODING 10097
SWIDTH 500 0
DWIDTH 7 0
BBX 7 14 0 0
BITMAP
0000038
0000000
0000000
0000000
0000000
0000000
0000000
0000000
0000000
0000000
0000000
0000000
0000000
0000000
ENDCHAR
STARTCHAR U+276F
ENCODING 10095
SWIDTH 500 0
DWIDTH 7 0
BBX 7 14 0 0
BITMAP
0000030
0000000
0000000
0000000
0000000
0000000
0000000
0000000
0000000
0000000
0000000
0000000
0000000
0000000
ENDCHAR
STARTCHAR U+276C
ENCODING 10092
SWIDTH 500 0
DWIDTH 7 0
BBX 7 14 0 0
BITMAP
0000004
0000000
0000000
0000000
0000000
0000000
0000000
0000000
0000000
0000000
0000000
0000000
0000000
0000000
ENDCHAR
STARTCHAR U+276D
ENCODING 10093
SWIDTH 500 0
DWIDTH 7 0
BBX 7 14 0 0
BITMAP
0000010
0000000
0000000
0000000
0000000
0000000
0000000
0000000
0000000
0000000
0000000
0000000
0000000
0000000
ENDCHAR
STARTCHAR U+2669
ENCODING 9833
SWIDTH 500 0
DWIDTH 7 0
BBX 7 14 0 0
BITMAP
0000018
0000000
0000000
0000000
0000000
0000000
0000000
0000000
0000000
0000000
0000000
0000000
0000000
0000000
ENDCHAR
STARTCHAR U+266A
ENCODING 9834
SWIDTH 500 0
DWIDTH 7 0
BBX 7 14 0 0
BITMAP
0000018
0000000
0000000
0000000
0000000
0000000
0000000
0000000
0000000
0000000
0000000
0000000
0000000
0000000
ENDCHAR
STARTCHAR U+266B
ENCODING 9835
SWIDTH 500 0
DWIDTH 7 0
BBX 7 14 0 0
BITMAP
0000070
0000020
0000000
0000000
0000000
0000000
0000000
0000000
0000000
0000000
0000000
0000000
0000000
0000000
ENDCHAR
STARTCHAR U+266C
ENCODING 9836
SWIDTH 500 0
DWIDTH 7 0
BBX 7 14 0 0
BITMAP
0000070
0000020
0000000
0000000
0000000
0000000
0000000
0000000
0000000
0000000
0000000
0000000
0000000
0000000
ENDCHAR
STARTCHAR U+2605
ENCODING 9733
SWIDTH 500 0
DWIDTH 7 0
BBX 7 14 0 0
BITMAP
0000000
0000000
0000000
0000000
0000000
0000000
0000000
0000000
0000000
0000000
0000000
0000000
0000000
0000000
ENDCHAR
STARTCHAR U+2606
ENCODING 9734
SWIDTH 500 0
DWIDTH 7 0
BBX 7 14 0 0
BITMAP
0000000
0000000
0000000
0000000
0000000
0000000
0000000
0000000
0000000
0000000
0000000
0000000
0000000
0000000
ENDCHAR
STARTCHAR U+2660
ENCODING 9824
SWIDTH 500 0
DWIDTH 7 0
BBX 7 14 0 0
BITMAP
0000000
0000000
0000000
0000000
0000000
0000000
0000000
0000000
0000000
0000000
0000000
0000000
0000000
0000000
ENDCHAR
STARTCHAR U+2663
ENCODING 9827
SWIDTH 500 0
DWIDTH 7 0
BBX 7 14 0 0
BITMAP
0000000
0000000
0000000
0000000
0000000
0000000
0000000
0000000
0000000
0000000
0000000
0000000
0000000
0000000
ENDCHAR
STARTCHAR U+2665
ENCODING 9829
SWIDTH 500 0
DWIDTH 7 0
BBX 7 14 0 0
BITMAP
0000000
0000000
0000000
0000000
0000000
0000000
0000000
0000000
0000000
0000000
0000000
0000000
0000000
0000000
ENDCHAR
STARTCHAR U+2666
ENCODING 9830
SWIDTH 500 0
DWIDTH 7 0
BBX 7 14 0 0
BITMAP
0000000
0000000
0000000
0000000
0000000
0000000
0000000
0000000
0000000
0000000
0000000
0000000
0000000
0000000
ENDCHAR
STARTCHAR U+2726
ENCODING 10022
SWIDTH 500 0
DWIDTH 7 0
BBX 7 14 0 0
BITMAP
0000000
0000000
0000000
0000000
0000000
0000000
0000000
0000000
0000000
0000000
0000000
0000000
0000000
0000000
ENDCHAR
STARTCHAR U+2727
ENCODING 10023
SWIDTH 500 0
DWIDTH 7 0
BBX 7 14 0 0
BITMAP
0000000
0000000
0000000
0000000
0000000
0000000
0000000
0000000
0000000
0000000
0000000
0000000
0000000
0000000
ENDCHAR
STARTCHAR U+2191
ENCODING 8593
SWIDTH 500 0
DWIDTH 7 0
BBX 7 14 0 0
BITMAP
0000000
0000000
0000000
0000000
0000000
0000000
0000000
0000000
0000000
0000000
0000000
0000000
0000000
0000000
ENDCHAR
STARTCHAR U+2197
ENCODING 8599
SWIDTH 500 0
DWIDTH 7 0
BBX 7 14 0 0
BITMAP
0000000
0000000
0000000
0000000
0000000
0000000
0000000
0000000
0000000
0000000
0000000
0000000
0000000
0000000
ENDCHAR
STARTCHAR U+2192
ENCODING 8594
SWIDTH 500 0
DWIDTH 7 0
BBX 7 14 0 0
BITMAP
0000000
0000000
0000000
0000000
0000000
0000000
0000000
0000000
0000000
0000000
0000000
0000000
0000000
0000000
ENDCHAR
STARTCHAR U+2198
ENCODING 8600
SWIDTH 500 0
DWIDTH 7 0
BBX 7 14 0 0
BITMAP
0000000
0000000
0000000
0000000
0000000
0000000
0000000
0000000
0000000
0000000
0000000
0000000
0000000
0000000
ENDCHAR
STARTCHAR U+2193
ENCODING 8595
SWIDTH 500 0
DWIDTH 7 0
BBX 7 14 0 0
BITMAP
0000000
0000000
0000000
0000000
0000000
0000000
0000000
0000000
0000000
0000000
0000000
0000000
0000000
0000000
ENDCHAR
STARTCHAR U+2199
ENCODING 8601
SWIDTH 500 0
DWIDTH 7 0
BBX 7 14 0 0
BITMAP
0000000
0000000
0000000
0000000
0000000
0000000
0000000
0000000
0000000
0000000
0000000
0000000
0000000
0000000
ENDCHAR
STARTCHAR U+2190
ENCODING 8592
SWIDTH 500 0
DWIDTH 7 0
BBX 7 14 0 0
BITMAP
0000000
0000000
0000000
0000000
0000000
0000000
0000000
0000000
0000000
0000000
0000000
0000000
0000000
0000000
ENDCHAR
STARTCHAR U+2196
ENCODING 8598
SWIDTH 500 0
DWIDTH 7 0
BBX 7 14 0 0
BITMAP
0000000
0000000
0000000
0000000
0000000
0000000
0000000
0000000
0000000
0000000
0000000
0000000
0000000
0000000
ENDCHAR
STARTCHAR U+2195
ENCODING 8597
SWIDTH 500 0
DWIDTH 7 0
BBX 7 14 0 0
BITMAP
0000008
0000000
0000000
0000000
0000000
0000000
0000000
0000000
0000000
0000000
0000000
0000000
0000000
0000000
ENDCHAR
STARTCHAR U+21B0
ENCODING 8624
SWIDTH 500 0
DWIDTH 7 0
BBX 7 14 0 0
BITMAP
0000000
0000000
0000000
0000000
0000000
0000000
0000000
0000000
0000000
0000000
0000000
0000000
0000000
0000000
ENDCHAR
STARTCHAR U+21B1
ENCODING 8625
SWIDTH 500 0
DWIDTH 7 0
BBX 7 14 0 0
BITMAP
0000000
0000000
0000000
0000000
0000000
0000000
0000000
0000000
0000000
0000000
0000000
0000000
0000000
0000000
ENDCHAR
STARTCHAR U+21B2
ENCODING 8626
SWIDTH 500 0
DWIDTH 7 0
BBX 7 14 0 0
BITMAP
0000000
0000000
0000000
0000000
0000000
0000000
0000000
0000000
0000000
0000000
0000000
0000000
0000000
0000000
ENDCHAR
STARTCHAR U+21B3
ENCODING 8627
SWIDTH 500 0
DWIDTH 7 0
BBX 7 14 0 0
BITMAP
0000000
0000000
0000000
0000000
0000000
0000000
0000000
0000000
0000000
0000000
0000000
0000000
0000000
0000000
ENDCHAR
STARTCHAR U+21B4
ENCODING 8628
SWIDTH 500 0
DWIDTH 7 0
BBX 7 14 0 0
BITMAP
0000000
0000000
0000000
0000000
0000000
0000000
0000000
0000000
0000000
0000000
0000000
0000000
0000000
0000000
ENDCHAR
STARTCHAR U+21B5
ENCODING 8629
SWIDTH 500 0
DWIDTH 7 0
BBX 7 14 0 0
BITMAP
0000000
0000000
0000000
0000000
0000000
0000000
0000000
0000000
0000000
0000000
0000000
0000000
0000000
0000000
ENDCHAR
STARTCHAR U+2581
ENCODING 9601
SWIDTH 500 0
DWIDTH 7 0
BBX 7 14 0 0
BITMAP
0000000
000007F
000007F
0000000
0000000
0000000
0000000
0000000
0000000
0000000
0000000
0000000
0000000
0000000
ENDCHAR
STARTCHAR U+2582
ENCODING 9602
SWIDTH 500 0
DWIDTH 7 0
BBX 7 14 0 0
BITMAP
000007F
000007F
000007F
0000000
0000000
0000000
0000000
0000000
0000000
0000000
0000000
0000000
0000000
0000000
ENDCHAR
STARTCHAR U+2583
ENCODING 9603
SWIDTH 500 0
DWIDTH 7 0
BBX 7 14 0 0
BITMAP
000007F
000007F
000007F
0000000
0000000
0000000
0000000
0000000
0000000
0000000
0000000
0000000
0000000
0000000
ENDCHAR
STARTCHAR U+2584
ENCODING 9604
SWIDTH 500 0
DWIDTH 7 0
BBX 7 14 0 0
BITMAP
000007F
000007F
000007F
0000000
0000000
0000000
0000000
0000000
0000000
0000000
0000000
0000000
0000000
0000000
ENDCHAR
STARTCHAR U+2585
ENCODING 9605
SWIDTH 500 0
DWIDTH 7 0
BBX 7 14 0 0
BITMAP
000007F
000007F
000007F
0000000
0000000
0000000
0000000
0000000
0000000
0000000
0000000
0000000
0000000
0000000
ENDCHAR
STARTCHAR U+2586
ENCODING 9606
SWIDTH 500 0
DWIDTH 7 0
BBX 7 14 0 0
BITMAP
000007F
000007F
000007F
0000000
0000000
0000000
0000000
0000000
0000000
0000000
0000000
0000000
0000000
0000000
ENDCHAR
STARTCHAR U+2587
ENCODING 9607
SWIDTH 500 0
DWIDTH 7 0
BBX 7 14 0 0
BITMAP
000007F
000007F
000007F
0000000
0000000
0000000
0000000
0000000
0000000
0000000
0000000
0000000
0000000
0000000
ENDCHAR
STARTCHAR U+2588
ENCODING 9608
SWIDTH 500 0
DWIDTH 7 0
BBX 7 14 0 0
BITMAP
000007F
000007F
000007F
0000000
0000000
0000000
0000000
0000000
0000000
0000000
0000000
0000000
0000000
0000000
ENDCHAR
STARTCHAR U+2580
ENCODING 9600
SWIDTH 500 0
DWIDTH 7 0
BBX 7 14 0 0
BITMAP
0000000
0000000
0000000
0000000
0000000
0000000
0000000
0000000
0000000
0000000
0000000
0000000
0000000
0000000
ENDCHAR
STARTCHAR U+2594
ENCODING 9620
SWIDTH 500 0
DWIDTH 7 0
BBX 7 14 0 0
BITMAP
0000000
0000000
0000000
0000000
0000000
0000000
0000000
0000000
0000000
0000000
0000000
0000000
0000000
0000000
ENDCHAR
STARTCHAR U+258F
ENCODING 9615
SWIDTH 500 0
DWIDTH 7 0
BBX 7 14 0 0
BITMAP
0000040
0000040
0000040
0000000
0000000
0000000
0000000
0000000
0000000
0000000
0000000
0000000
0000000
0000000
ENDCHAR
STARTCHAR U+258E
ENCODING 9614
SWIDTH 500 0
DWIDTH 7 0
BBX 7 14 0 0
BITMAP
0000060
0000060
0000060
0000000
0000000
0000000
0000000
0000000
0000000
0000000
0000000
0000000
0000000
0000000
ENDCHAR
STARTCHAR U+258D
ENCODING 9613
SWIDTH 500 0
DWIDTH 7 0
BBX 7 14 0 0
BITMAP
0000070
0000070
0000070
0000000
0000000
0000000
0000000
0000000
0000000
0000000
0000000
0000000
0000000
0000000
ENDCHAR
STARTCHAR U+258C
ENCODING 9612
SWIDTH 500 0
DWIDTH 7 0
BBX 7 14 0 0
BITMAP
0000078
0000078
0000078
0000000
0000000
0000000
0000000
0000000
0000000
0000000
0000000
0000000
0000000
0000000
ENDCHAR
STARTCHAR U+258B
ENCODING 9611
SWIDTH 500 0
DWIDTH 7 0
BBX 7 14 0 0
BITMAP
000007C
000007C
000007C
0000000
0000000
0000000
0000000
0000000
0000000
0000000
0000000
0000000
0000000
0000000
ENDCHAR
STARTCHAR U+258A
ENCODING 9610
SWIDTH 500 0
DWIDTH 7 0
BBX 7 14 0 0
BITMAP
000007E
000007E
000007E
0000000
0000000
0000000
0000000
0000000
0000000
0000000
0000000
0000000
0000000
0000000
ENDCHAR
STARTCHAR U+2589
ENCODING 9609
SWIDTH 500 0
DWIDTH 7 0
BBX 7 14 0 0
BITMAP
000007E
000007E
000007E
0000000
0000000
0000000
0000000
0000000
0000000
0000000
0000000
0000000
0000000
0000000
ENDCHAR
STARTCHAR U+2590
ENCODING 9616
SWIDTH 500 0
DWIDTH 7 0
BBX 7 14 0 0
BITMAP
000000F
000000F
000000F
0000000
0000000
0000000
0000000
0000000
0000000
0000000
0000000
0000000
0000000
0000000
ENDCHAR
STARTCHAR U+2595
ENCODING 9621
SWIDTH 500 0
DWIDTH 7 0
BBX 7 14 0 0
BITMAP
0000001
0000001
0000001
0000000
0000000
0000000
0000000
0000000
0000000
0000000
0000000
0000000
0000000
0000000
ENDCHAR
STARTCHAR U+2596
ENCODING 9622
SWIDTH 500 0
DWIDTH 7 0
BBX 7 14 0 0
BITMAP
0000078
0000078
0000078
0000000
0000000
0000000
0000000
0000000
0000000
0000000
0000000
0000000
0000000
0000000
ENDCHAR
STARTCHAR U+2597
ENCODING 9623
SWIDTH 500 0
DWIDTH 7 0
BBX 7 14 0 0
BITMAP
000000F
000000F
000000F
0000000
0000000
0000000
0000000
0000000
0000000
0000000
0000000
0000000
0000000
0000000
ENDCHAR
STARTCHAR U+2598
ENCODING 9624
SWIDTH 500 0
DWIDTH 7 0
BBX 7 14 0 0
BITMAP
0000000
0000000
0000000
0000000
0000000
0000000
0000000
0000000
0000000
0000000
0000000
0000000
0000000
0000000
ENDCHAR
STARTCHAR U+2599
ENCODING 9625
SWIDTH 500 0
DWIDTH 7 0
BBX 7 14 0 0
BITMAP
000007F
000007F
000007F
0000000
0000000
0000000
0000000
0000000
0000000
0000000
0000000
0000000
0000000
0000000
ENDCHAR
STARTCHAR U+259A
ENCODING 9626
SWIDTH 500 0
DWIDTH 7 0
BBX 7 14 0 0
BITMAP
000000F
000000F
000000F
0000000
0000000
0000000
0000000
0000000
0000000
0000000
0000000
0000000
0000000
0000000
ENDCHAR
STARTCHAR U+259B
ENCODING 9627
SWIDTH 500 0
DWIDTH 7 0
BBX 7 14 0 0
BITMAP
0000078
0000078
0000078
0000000
0000000
0000000
0000000
0000000
0000000
0000000
0000000
0000000
0000000
0000000
ENDCHAR
STARTCHAR U+259C
ENCODING 9628
SWIDTH 500 0
DWIDTH 7 0
BBX 7 14 0 0
BITMAP
000000F
000000F
000000F
0000000
0000000
0000000
0000000
0000000
0000000
0000000
0000000
0000000
0000000
0000000
ENDCHAR
STARTCHAR U+259D
ENCODING 9629
SWIDTH 500 0
DWIDTH 7 0
BBX 7 14 0 0
BITMAP
0000000
0000000
0000000
0000000
0000000
0000000
0000000
0000000
0000000
0000000
0000000
0000000
0000000
0000000
ENDCHAR
STARTCHAR U+259E
ENCODING 9630
SWIDTH 500 0
DWIDTH 7 0
BBX 7 14 0 0
BITMAP
0000078
0000078
0000078
0000000
0000000
0000000
0000000
0000000
0000000
0000000
0000000
0000000
0000000
0000000
ENDCHAR
STARTCHAR U+259F
ENCODING 9631
SWIDTH 500 0
DWIDTH 7 0
BBX 7 14 0 0
BITMAP
000007F
000007F
000007F
0000000
0000000
0000000
0000000
0000000
0000000
0000000
0000000
0000000
0000000
0000000
ENDCHAR
STARTCHAR U+2591
ENCODING 9617
SWIDTH 500 0
DWIDTH 7 0
BBX 7 14 0 0
BITMAP
0000029
0000054
0000009
0000000
0000000
0000000
0000000
0000000
0000000
0000000
0000000
0000000
0000000
0000000
ENDCHAR
STARTCHAR U+2592
ENCODING 9618
SWIDTH 500 0
DWIDTH 7 0
BBX 7 14 0 0
BITMAP
000005A
000002F
0000075
0000000
0000000
0000000
0000000
0000000
0000000
0000000
0000000
0000000
0000000
0000000
ENDCHAR
STARTCHAR U+2593
ENCODING 9619
SWIDTH 500 0
DWIDTH 7 0
BBX 7 14 0 0
BITMAP
000007B
000005F
000007E
0000000
0000000
0000000
0000000
0000000
0000000
0000000
0000000
0000000
0000000
0000000
ENDCHAR
STARTCHAR U+25CC
ENCODING 9676
SWIDTH 500 0
DWIDTH 7 0
BBX 7 14 0 0
BITMAP
0000000
0000000
0000000
0000000
0000000
0000000
0000000
0000000
0000000
0000000
0000000
0000000
0000000
0000000
ENDCHAR
STARTCHAR U+25CA
ENCODING 9674
SWIDTH 500 0
DWIDTH 7 0
BBX 7 14 0 0
BITMAP
0000008
0000000
0000000
0000000
0000000
0000000
0000000
0000000
0000000
0000000
0000000
0000000
0000000
0000000
ENDCHAR
STARTCHAR U+25A0
ENCODING 9632
SWIDTH 500 0
DWIDTH 7 0
BBX 7 14 0 0
BITMAP
0000000
0000000
0000000
0000000
0000000
0000000
0000000
0000000
0000000
0000000
0000000
0000000
0000000
0000000
ENDCHAR
STARTCHAR U+25A1
ENCODING 9633
SWIDTH 500 0
DWIDTH 7 0
BBX 7 14 0 0
BITMAP
0000000
0000000
0000000
0000000
0000000
0000000
0000000
0000000
0000000
0000000
0000000
0000000
0000000
0000000
ENDCHAR
STARTCHAR U+25AA
ENCODING 9642
SWIDTH 500 0
DWIDTH 7 0
BBX 7 14 0 0
BITMAP
0000000
0000000
0000000
0000000
0000000
0000000
0000000
0000000
0000000
0000000
0000000
0000000
0000000
0000000
ENDCHAR
STARTCHAR U+25AB
ENCODING 9643
SWIDTH 500 0
DWIDTH 7 0
BBX 7 14 0 0
BITMAP
0000000
0000000
0000000
0000000
0000000
0000000
0000000
0000000
0000000
0000000
0000000
0000000
0000000
0000000
ENDCHAR
STARTCHAR U+25B2
ENCODING 9650
SWIDTH 500 0
DWIDTH 7 0
BBX 7 14 0 0
BITMAP
0000000
0000000
0000000
0000000
0000000
0000000
0000000
0000000
0000000
0000000
0000000
0000000
0000000
0000000
ENDCHAR
STARTCHAR U+25BC
ENCODING 9660
SWIDTH 500 0
DWIDTH 7 0
BBX 7 14 0 0
BITMAP
0000000
0000000
0000000
0000000
0000000
0000000
0000000
0000000
0000000
0000000
0000000
0000000
0000000
0000000
ENDCHAR
STARTCHAR U+25B3
ENCODING 9651
SWIDTH 500 0
DWIDTH 7 0
BBX 7 14 0 0
BITMAP
0000000
0000000
0000000
0000000
0000000
0000000
0000000
0000000
0000000
0000000
0000000
0000000
0000000
0000000
ENDCHAR
STARTCHAR U+25B7
ENCODING 9655
SWIDTH 500 0
DWIDTH 7 0
BBX 7 14 0 0
BITMAP
0000000
0000000
0000000
0000000
0000000
0000000
0000000
0000000
0000000
0000000
0000000
0000000
0000000
0000000
ENDCHAR
STARTCHAR U+25BD
ENCODING 9661
SWIDTH 500 0
DWIDTH 7 0
BBX 7 14 0 0
BITMAP
0000000
0000000
0000000
0000000
0000000
0000000
0000000
0000000
0000000
0000000
0000000
0000000
0000000
0000000
ENDCHAR
STARTCHAR U+25C1
ENCODING 9665
SWIDTH 500 0
DWIDTH 7 0
BBX 7 14 0 0
BITMAP
0000000
0000000
0000000
0000000
0000000
0000000
0000000
0000000
0000000
0000000
0000000
0000000
0000000
0000000
ENDCHAR
STARTCHAR U+25BA
ENCODING 9658
SWIDTH 500 0
DWIDTH 7 0
BBX 7 14 0 0
BITMAP
0000000
0000000
0000000
0000000
0000000
0000000
0000000
0000000
0000000
0000000
0000000
0000000
0000000
0000000
ENDCHAR
STARTCHAR U+25C4
ENCODING 9668
SWIDTH 500 0
DWIDTH 7 0
BBX 7 14 0 0
BITMAP
0000000
0000000
0000000
0000000
0000000
0000000
0000000
0000000
0000000
0000000
0000000
0000000
0000000
0000000
ENDCHAR
STARTCHAR U+2566
ENCODING 9574
SWIDTH 500 0
DWIDTH 7 0
BBX 7 14 0 0
BITMAP
0000014
0000014
0000014
0000000
0000000
0000000
0000000
0000000
0000000
0000000
0000000
0000000
0000000
0000000
ENDCHAR
STARTCHAR U+2557
ENCODING 9559
SWIDTH 500 0
DWIDTH 7 0
BBX 7 14 0 0
BITMAP
0000014
0000014
0000014
0000000
0000000
0000000
0000000
0000000
0000000
0000000
0000000
0000000
0000000
0000000
ENDCHAR
STARTCHAR U+2554
ENCODING 9556
SWIDTH 500 0
DWIDTH 7 0
BBX 7 14 0 0
BITMAP
0000014
0000014
0000014
0000000
0000000
0000000
0000000
0000000
0000000
0000000
0000000
0000000
0000000
0000000
ENDCHAR
STARTCHAR U+2550
ENCODING 9552
SWIDTH 500 0
DWIDTH 7 0
BBX 7 14 0 0
BITMAP
0000000
0000000
0000000
0000000
0000000
0000000
0000000
0000000
0000000
0000000
0000000
0000000
0000000
0000000
ENDCHAR
STARTCHAR U+2569
ENCODING 9577
SWIDTH 500 0
DWIDTH 7 0
BBX 7 14 0 0
BITMAP
0000000
0000000
0000000
0000000
0000000
0000000
0000000
0000000
0000000
0000000
0000000
0000000
0000000
0000000
ENDCHAR
STARTCHAR U+255D
ENCODING 9565
SWIDTH 500 0
DWIDTH 7 0
BBX 7 14 0 0
BITMAP
0000000
0000000
0000000
0000000
0000000
0000000
0000000
0000000
0000000
0000000
0000000
0000000
0000000
0000000
ENDCHAR
STARTCHAR U+255A
ENCODING 9562
SWIDTH 500 0
DWIDTH 7 0
BBX 7 14 0 0
BITMAP
0000000
0000000
0000000
0000000
0000000
0000000
0000000
0000000
0000000
0000000
0000000
0000000
0000000
0000000
ENDCHAR
STARTCHAR U+2551
ENCODING 9553
SWIDTH 500 0
DWIDTH 7 0
BBX 7 14 0 0
BITMAP
0000014
0000014
0000014
0000000
0000000
0000000
0000000
0000000
0000000
0000000
0000000
0000000
0000000
0000000
ENDCHAR
STARTCHAR U+256C
ENCODING 9580
SWIDTH 500 0
DWIDTH 7 0
BBX 7 14 0 0
BITMAP
0000014
0000014
0000014
0000000
0000000
0000000
0000000
0000000
0000000
0000000
0000000
0000000
0000000
0000000
ENDCHAR
STARTCHAR U+2563
ENCODING 9571
SWIDTH 500 0
DWIDTH 7 0
BBX 7 14 0 0
BITMAP
0000014
0000014
0000014
0000000
0000000
0000000
0000000
0000000
0000000
0000000
0000000
0000000
0000000
0000000
ENDCHAR
STARTCHAR U+2560
ENCODING 9568
SWIDTH 500 0
DWIDTH 7 0
BBX 7 14 0 0
BITMAP
0000014
0000014
0000014
0000000
0000000
0000000
0000000
0000000
0000000
0000000
0000000
0000000
0000000
0000000
ENDCHAR
STARTCHAR U+2565
ENCODING 9573
SWIDTH 500 0
DWIDTH 7 0
BBX 7 14 0 0
BITMAP
0000014
0000014
0000014
0000000
0000000
0000000
0000000
0000000
0000000
0000000
0000000
0000000
0000000
0000000
ENDCHAR
STARTCHAR U+2556
ENCODING 9558
SWIDTH 500 0
DWIDTH 7 0
BBX 7 14 0 0
BITMAP
0000014
0000014
0000014
0000000
0000000
0000000
0000000
0000000
0000000
0000000
0000000
0000000
0000000
0000000
ENDCHAR
STARTCHAR U+2553
ENCODING 9555
SWIDTH 500 0
DWIDTH 7 0
BBX 7 14 0 0
BITMAP
0000014
0000014
0000014
0000000
0000000
0000000
0000000
0000000
0000000
0000000
0000000
0000000
0000000
0000000
ENDCHAR
STARTCHAR U+2530
ENCODING 9520
SWIDTH 500 0
DWIDTH 7 0
BBX 7 14 0 0
BITMAP
000001C
000001C
000001C
0000000
0000000
0000000
0000000
0000000
0000000
0000000
0000000
0000000
0000000
0000000
ENDCHAR
STARTCHAR U+2512
ENCODING 9490
SWIDTH 500 0
DWIDTH 7 0
BBX 7 14 0 0
BITMAP
000001C
000001C
000001C
0000000
0000000
0000000
0000000
0000000
0000000
0000000
0000000
0000000
0000000
0000000
ENDCHAR
STARTCHAR U+2527
ENCODING 9511
SWIDTH 500 0
DWIDTH 7 0
BBX 7 14 0 0
BITMAP
000001C
000001C
000001C
0000000
0000000
0000000
0000000
0000000
0000000
0000000
0000000
0000000
0000000
0000000
ENDCHAR
STARTCHAR U+250E
ENCODING 9486
SWIDTH 500 0
DWIDTH 7 0
BBX 7 14 0 0
BITMAP
000001C
000001C
000001C
0000000
0000000
0000000
0000000
0000000
0000000
0000000
0000000
0000000
0000000
0000000
ENDCHAR
STARTCHAR U+251F
ENCODING 9503
SWIDTH 500 0
DWIDTH 7 0
BBX 7 14 0 0
BITMAP
000001C
000001C
000001C
0000000
0000000
0000000
0000000
0000000
0000000
0000000
0000000
0000000
0000000
0000000
ENDCHAR
STARTCHAR U+2541
ENCODING 9537
SWIDTH 500 0
DWIDTH 7 0
BBX 7 14 0 0
BITMAP
000001C
000001C
000001C
0000000
0000000
0000000
0000000
0000000
0000000
0000000
0000000
0000000
0000000
0000000
ENDCHAR
STARTCHAR U+252F
ENCODING 9519
SWIDTH 500 0
DWIDTH 7 0
BBX 7 14 0 0
BITMAP
0000008
0000008
0000008
0000000
0000000
0000000
0000000
0000000
0000000
0000000
0000000
0000000
0000000
0000000
ENDCHAR
STARTCHAR U+2511
ENCODING 9489
SWIDTH 500 0
DWIDTH 7 0
BBX 7 14 0 0
BITMAP
0000008
0000008
0000008
0000000
0000000
0000000
0000000
0000000
0000000
0000000
0000000
0000000
0000000
0000000
ENDCHAR
STARTCHAR U+2529
ENCODING 9513
SWIDTH 500 0
DWIDTH 7 0
BBX 7 14 0 0
BITMAP
0000008
0000008
0000008
0000000
0000000
0000000
0000000
0000000
0000000
0000000
0000000
0000000
0000000
0000000
ENDCHAR
STARTCHAR U+250D
ENCODING 9485
SWIDTH 500 0
DWIDTH 7 0
BBX 7 14 0 0
BITMAP
0000008
0000008
0000008
0000000
0000000
0000000
0000000
0000000
0000000
0000000
0000000
0000000
0000000
0000000
ENDCHAR
STARTCHAR U+2521
ENCODING 9505
SWIDTH 500 0
DWIDTH 7 0
BBX 7 14 0 0
BITMAP
0000008
0000008
0000008
0000000
0000000
0000000
0000000
0000000
0000000
0000000
0000000
0000000
0000000
0000000
ENDCHAR
STARTCHAR U+2547
ENCODING 9543
SWIDTH 500 0
DWIDTH 7 0
BBX 7 14 0 0
BITMAP
0000008
0000008
0000008
0000000
0000000
0000000
0000000
0000000
0000000
0000000
0000000
0000000
0000000
0000000
ENDCHAR
STARTCHAR U+2564
ENCODING 9572
SWIDTH 500 0
DWIDTH 7 0
BBX 7 14 0 0
BITMAP
0000008
0000008
0000008
0000000
0000000
0000000
0000000
0000000
0000000
0000000
0000000
0000000
0000000
0000000
ENDCHAR
STARTCHAR U+2555
ENCODING 9557
SWIDTH 500 0
DWIDTH 7 0
BBX 7 14 0 0
BITMAP
0000008
0000008
0000008
0000000
0000000
0000000
0000000
0000000
0000000
0000000
0000000
0000000
0000000
0000000
ENDCHAR
STARTCHAR U+2552
ENCODING 9554
SWIDTH 500 0
DWIDTH 7 0
BBX 7 14 0 0
BITMAP
0000008
0000008
0000008
0000000
0000000
0000000
0000000
0000000
0000000
0000000
0000000
0000000
0000000
0000000
ENDCHAR
STARTCHAR U+254D
ENCODING 9549
SWIDTH 500 0
DWIDTH 7 0
BBX 7 14 0 0
BITMAP
0000000
0000000
0000000
0000000
0000000
0000000
0000000
0000000
0000000
0000000
0000000
0000000
0000000
0000000
ENDCHAR
STARTCHAR U+254F
ENCODING 9551
SWIDTH 500 0
DWIDTH 7 0
BBX 7 14 0 0
BITMAP
000001C
000001C
0000000
0000000
0000000
0000000
0000000
0000000
0000000
0000000
0000000
0000000
0000000
0000000
ENDCHAR
STARTCHAR U+257B
ENCODING 9595
SWIDTH 500 0
DWIDTH 7 0
BBX 7 14 0 0
BITMAP
000001C
000001C
000001C
0000000
0000000
0000000
0000000
0000000
0000000
0000000
0000000
0000000
0000000
0000000
ENDCHAR
STARTCHAR U+2533
ENCODING 9523
SWIDTH 500 0
DWIDTH 7 0
BBX 7 14 0 0
BITMAP
000001C
000001C
000001C
0000000
0000000
0000000
0000000
0000000
0000000
0000000
0000000
0000000
0000000
0000000
ENDCHAR
STARTCHAR U+2513
ENCODING 9491
SWIDTH 500 0
DWIDTH 7 0
BBX 7 14 0 0
BITMAP
000001C
000001C
000001C
0000000
0000000
0000000
0000000
0000000
0000000
0000000
0000000
0000000
0000000
0000000
ENDCHAR
STARTCHAR U+250F
ENCODING 9487
SWIDTH 500 0
DWIDTH 7 0
BBX 7 14 0 0
BITMAP
000001C
000001C
000001C
0000000
0000000
0000000
0000000
0000000
0000000
0000000
0000000
0000000
0000000
0000000
ENDCHAR
STARTCHAR U+2501
ENCODING 9473
SWIDTH 500 0
DWIDTH 7 0
BBX 7 14 0 0
BITMAP
0000000
0000000
0000000
0000000
0000000
0000000
0000000
0000000
0000000
0000000
0000000
0000000
0000000
0000000
ENDCHAR
STARTCHAR U+2578
ENCODING 9592
SWIDTH 500 0
DWIDTH 7 0
BBX 7 14 0 0
BITMAP
0000000
0000000
0000000
0000000
0000000
0000000
0000000
0000000
0000000
0000000
0000000
0000000
0000000
0000000
ENDCHAR
STARTCHAR U+257E
ENCODING 9598
SWIDTH 500 0
DWIDTH 7 0
BBX 7 14 0 0
BITMAP
0000000
0000000
0000000
0000000
0000000
0000000
0000000
0000000
0000000
0000000
0000000
0000000
0000000
0000000
ENDCHAR
STARTCHAR U+2509
ENCODING 9481
SWIDTH 500 0
DWIDTH 7 0
BBX 7 14 0 0
BITMAP
0000000
0000000
0000000
0000000
0000000
0000000
0000000
0000000
0000000
0000000
0000000
0000000
0000000
0000000
ENDCHAR
STARTCHAR U+250B
ENCODING 9483
SWIDTH 500 0
DWIDTH 7 0
BBX 7 14 0 0
BITMAP
000001C
000001C
0000000
0000000
0000000
0000000
0000000
0000000
0000000
0000000
0000000
0000000
0000000
0000000
ENDCHAR
STARTCHAR U+257A
ENCODING 9594
SWIDTH 500 0
DWIDTH 7 0
BBX 7 14 0 0
BITMAP
0000000
0000000
0000000
0000000
0000000
0000000
0000000
0000000
0000000
0000000
0000000
0000000
0000000
0000000
ENDCHAR
STARTCHAR U+2505
ENCODING 9477
SWIDTH 500 0
DWIDTH 7 0
BBX 7 14 0 0
BITMAP
0000000
0000000
0000000
0000000
0000000
0000000
0000000
0000000
0000000
0000000
0000000
0000000
0000000
0000000
ENDCHAR
STARTCHAR U+2507
ENCODING 9479
SWIDTH 500 0
DWIDTH 7 0
BBX 7 14 0 0
BITMAP
000001C
000001C
0000000
0000000
0000000
0000000
0000000
0000000
0000000
0000000
0000000
0000000
0000000
0000000
ENDCHAR
STARTCHAR U+2579
ENCODING 9593
SWIDTH 500 0
DWIDTH 7 0
BBX 7 14 0 0
BITMAP
0000000
0000000
0000000
0000000
0000000
0000000
0000000
0000000
0000000
0000000
0000000
0000000
0000000
0000000
ENDCHAR
STARTCHAR U+253B
ENCODING 9531
SWIDTH 500 0
DWIDTH 7 0
BBX 7 14 0 0
BITMAP
0000000
0000000
0000000
0000000
0000000
0000000
0000000
0000000
0000000
0000000
0000000
0000000
0000000
0000000
ENDCHAR
STARTCHAR U+251B
ENCODING 9499
SWIDTH 500 0
DWIDTH 7 0
BBX 7 14 0 0
BITMAP
0000000
0000000
0000000
0000000
0000000
0000000
0000000
0000000
0000000
0000000
0000000
0000000
0000000
0000000
ENDCHAR
STARTCHAR U+257F
ENCODING 9599
SWIDTH 500 0
DWIDTH 7 0
BBX 7 14 0 0
BITMAP
0000008
0000008
0000008
0000000
0000000
0000000
0000000
0000000
0000000
0000000
0000000
0000000
0000000
0000000
ENDCHAR
STARTCHAR U+2517
ENCODING 9495
SWIDTH 500 0
DWIDTH 7 0
BBX 7 14 0 0
BITMAP
0000000
0000000
0000000
0000000
0000000
0000000
0000000
0000000
0000000
0000000
0000000
0000000
0000000
0000000
ENDCHAR
STARTCHAR U+2503
ENCODING 9475
SWIDTH 500 0
DWIDTH 7 0
BBX 7 14 0 0
BITMAP
000001C
000001C
000001C
0000000
0000000
0000000
0000000
0000000
0000000
0000000
0000000
0000000
0000000
0000000
ENDCHAR
STARTCHAR U+254B
ENCODING 9547
SWIDTH 500 0
DWIDTH 7 0
BBX 7 14 0 0
BITMAP
000001C
000001C
000001C
0000000
0000000
0000000
0000000
0000000
0000000
0000000
0000000
0000000
0000000
0000000
ENDCHAR
STARTCHAR U+252B
ENCODING 9515
SWIDTH 500 0
DWIDTH 7 0
BBX 7 14 0 0
BITMAP
000001C
000001C
000001C
0000000
0000000
0000000
0000000
0000000
0000000
0000000
0000000
0000000
0000000
0000000
ENDCHAR
STARTCHAR U+2523
ENCODING 9507
SWIDTH 500 0
DWIDTH 7 0
BBX 7 14 0 0
BITMAP
000001C
000001C
000001C
0000000
0000000
0000000
0000000
0000000
0000000
0000000
0000000
0000000
0000000
0000000
ENDCHAR
STARTCHAR U+2545
ENCODING 9541
SWIDTH 500 0
DWIDTH 7 0
BBX 7 14 0 0
BITMAP
000001C
000001C
000001C
0000000
0000000
0000000
0000000
0000000
0000000
0000000
0000000
0000000
0000000
0000000
ENDCHAR
STARTCHAR U+252D
ENCODING 9517
SWIDTH 500 0
DWIDTH 7 0
BBX 7 14 0 0
BITMAP
0000008
0000008
0000008
0000000
0000000
0000000
0000000
0000000
0000000
0000000
0000000
0000000
0000000
0000000
ENDCHAR
STARTCHAR U+2535
ENCODING 9525
SWIDTH 500 0
DWIDTH 7 0
BBX 7 14 0 0
BITMAP
0000000
0000000
0000000
0000000
0000000
0000000
0000000
0000000
0000000
0000000
0000000
0000000
0000000
0000000
ENDCHAR
STARTCHAR U+253D
ENCODING 9533
SWIDTH 500 0
DWIDTH 7 0
BBX 7 14 0 0
BITMAP
0000008
0000008
0000008
0000000
0000000
0000000
0000000
0000000
0000000
0000000
0000000
0000000
0000000
0000000
ENDCHAR
STARTCHAR U+2532
ENCODING 9522
SWIDTH 500 0
DWIDTH 7 0
BBX 7 14 0 0
BITMAP
000001C
000001C
000001C
0000000
0000000
0000000
0000000
0000000
0000000
0000000
0000000
0000000
0000000
0000000
ENDCHAR
STARTCHAR U+253A
ENCODING 9530
SWIDTH 500 0
DWIDTH 7 0
BBX 7 14 0 0
BITMAP
0000000
0000000
0000000
0000000
0000000
0000000
0000000
0000000
0000000
0000000
0000000
0000000
0000000
0000000
ENDCHAR
STARTCHAR U+254A
ENCODING 9546
SWIDTH 500 0
DWIDTH 7 0
BBX 7 14 0 0
BITMAP
000001C
000001C
000001C
0000000
0000000
0000000
0000000
0000000
0000000
0000000
0000000
0000000
0000000
0000000
ENDCHAR
STARTCHAR U+2543
ENCODING 9539
SWIDTH 500 0
DWIDTH 7 0
BBX 7 14 0 0
BITMAP
0000008
0000008
0000008
0000000
0000000
0000000
0000000
0000000
0000000
0000000
0000000
0000000
0000000
0000000
ENDCHAR
STARTCHAR U+256E
ENCODING 9582
SWIDTH 500 0
DWIDTH 7 0
BBX 7 14 0 0
BITMAP
0000008
0000008
0000008
0000000
0000000
0000000
0000000
0000000
0000000
0000000
0000000
0000000
0000000
0000000
ENDCHAR
STARTCHAR U+256D
ENCODING 9581
SWIDTH 500 0
DWIDTH 7 0
BBX 7 14 0 0
BITMAP
0000008
0000008
0000008
0000000
0000000
0000000
0000000
0000000
0000000
0000000
0000000
0000000
0000000
0000000
ENDCHAR
STARTCHAR U+256F
ENCODING 9583
SWIDTH 500 0
DWIDTH 7 0
BBX 7 14 0 0
BITMAP
0000000
0000000
0000000
0000000
0000000
0000000
0000000
0000000
0000000
0000000
0000000
0000000
0000000
0000000
ENDCHAR
STARTCHAR U+2570
ENCODING 9584
SWIDTH 500 0
DWIDTH 7 0
BBX 7 14 0 0
BITMAP
0000000
0000000
0000000
0000000
0000000
0000000
0000000
0000000
0000000
0000000
0000000
0000000
0000000
0000000
ENDCHAR
STARTCHAR U+2573
ENCODING 9587
SWIDTH 500 0
DWIDTH 7 0
BBX 7 14 0 0
BITMAP
0000022
0000041
0000041
0000000
0000000
0000000
0000000
0000000
0000000
0000000
0000000
0000000
0000000
0000000
ENDCHAR
STARTCHAR U+2572
ENCODING 9586
SWIDTH 500 0
DWIDTH 7 0
BBX 7 14 0 0
BITMAP
0000002
0000001
0000001
0000000
0000000
0000000
0000000
0000000
0000000
0000000
0000000
0000000
0000000
0000000
ENDCHAR
STARTCHAR U+2571
ENCODING 9585
SWIDTH 500 0
DWIDTH 7 0
BBX 7 14 0 0
BITMAP
0000020
0000040
0000040
0000000
0000000
0000000
0000000
0000000
0000000
0000000
0000000
0000000
0000000
0000000
ENDCHAR
STARTCHAR U+254C
ENCODING 9548
SWIDTH 500 0
DWIDTH 7 0
BBX 7 14 0 0
BITMAP
0000000
0000000
0000000
0000000
0000000
0000000
0000000
0000000
0000000
0000000
0000000
0000000
0000000
0000000
ENDCHAR
STARTCHAR U+254E
ENCODING 9550
SWIDTH 500 0
DWIDTH 7 0
BBX 7 14 0 0
BITMAP
0000008
0000008
0000000
0000000
0000000
0000000
0000000
0000000
0000000
0000000
0000000
0000000
0000000
0000000
ENDCHAR
STARTCHAR U+2577
ENCODING 9591
SWIDTH 500 0
DWIDTH 7 0
BBX 7 14 0 0
BITMAP
0000008
0000008
0000008
0000000
0000000
0000000
0000000
0000000
0000000
0000000
0000000
0000000
0000000
0000000
ENDCHAR
STARTCHAR U+252C
ENCODING 9516
SWIDTH 500 0
DWIDTH 7 0
BBX 7 14 0 0
BITMAP
0000008
0000008
0000008
0000000
0000000
0000000
0000000
0000000
0000000
0000000
0000000
0000000
0000000
0000000
ENDCHAR
STARTCHAR U+2510
ENCODING 9488
SWIDTH 500 0
DWIDTH 7 0
BBX 7 14 0 0
BITMAP
0000008
0000008
0000008
0000000
0000000
0000000
0000000
0000000
0000000
0000000
0000000
0000000
0000000
0000000
ENDCHAR
STARTCHAR U+250C
ENCODING 9484
SWIDTH 500 0
DWIDTH 7 0
BBX 7 14 0 0
BITMAP
0000008
0000008
0000008
0000000
0000000
0000000
0000000
0000000
0000000
0000000
0000000
0000000
0000000
0000000
ENDCHAR
STARTCHAR U+2500
ENCODING 9472
SWIDTH 500 0
DWIDTH 7 0
BBX 7 14 0 0
BITMAP
0000000
0000000
0000000
0000000
0000000
0000000
0000000
0000000
0000000
0000000
0000000
0000000
0000000
0000000
ENDCHAR
STARTCHAR U+2574
ENCODING 9588
SWIDTH 500 0
DWIDTH 7 0
BBX 7 14 0 0
BITMAP
0000000
0000000
0000000
0000000
0000000
0000000
0000000
0000000
0000000
0000000
0000000
0000000
0000000
0000000
ENDCHAR
STARTCHAR U+257C
ENCODING 9596
SWIDTH 500 0
DWIDTH 7 0
BBX 7 14 0 0
BITMAP
0000000
0000000
0000000
0000000
0000000
0000000
0000000
0000000
0000000
0000000
0000000
0000000
0000000
0000000
ENDCHAR
STARTCHAR U+2508
ENCODING 9480
SWIDTH 500 0
DWIDTH 7 0
BBX 7 14 0 0
BITMAP
0000000
0000000
0000000
0000000
0000000
0000000
0000000
0000000
0000000
0000000
0000000
0000000
0000000
0000000
ENDCHAR
STARTCHAR U+250A
ENCODING 9482
SWIDTH 500 0
DWIDTH 7 0
BBX 7 14 0 0
BITMAP
0000008
0000008
0000000
0000000
0000000
0000000
0000000
0000000
0000000
0000000
0000000
0000000
0000000
0000000
ENDCHAR
STARTCHAR U+2576
ENCODING 9590
SWIDTH 500 0
DWIDTH 7 0
BBX 7 14 0 0
BITMAP
0000000
0000000
0000000
0000000
0000000
0000000
0000000
0000000
0000000
0000000
0000000
0000000
0000000
0000000
ENDCHAR
STARTCHAR U+2504
ENCODING 9476
SWIDTH 500 0
DWIDTH 7 0
BBX 7 14 0 0
BITMAP
0000000
0000000
0000000
0000000
0000000
0000000
0000000
0000000
0000000
0000000
0000000
0000000
0000000
0000000
ENDCHAR
STARTCHAR U+2506
ENCODING 9478
SWIDTH 500 0
DWIDTH 7 0
BBX 7 14 0 0
BITMAP
0000008
0000008
0000000
0000000
0000000
0000000
0000000
0000000
0000000
0000000
0000000
0000000
0000000
0000000
ENDCHAR
STARTCHAR U+2575
ENCODING 9589
SWIDTH 500 0
DWIDTH 7 0
BBX 7 14 0 0
BITMAP
0000000
0000000
0000000
0000000
0000000
0000000
0000000
0000000
0000000
0000000
0000000
0000000
0000000
0000000
ENDCHAR
STARTCHAR U+257D
ENCODING 9597
SWIDTH 500 0
DWIDTH 7 0
BBX 7 14 0 0
BITMAP
000001C
000001C
000001C
0000000
0000000
0000000
0000000
0000000
0000000
0000000
0000000
0000000
0000000
0000000
ENDCHAR
STARTCHAR U+2534
ENCODING 9524
SWIDTH 500 0
DWIDTH 7 0
BBX 7 14 0 0
BITMAP
0000000
0000000
0000000
0000000
0000000
0000000
0000000
0000000
0000000
0000000
0000000
0000000
0000000
0000000
ENDCHAR
STARTCHAR U+2518
ENCODING 9496
SWIDTH 500 0
DWIDTH 7 0
BBX 7 14 0 0
BITMAP
0000000
0000000
0000000
0000000
0000000
0000000
0000000
0000000
0000000
0000000
0000000
0000000
0000000
0000000
ENDCHAR
STARTCHAR U+2514
ENCODING 9492
SWIDTH 500 0
DWIDTH 7 0
BBX 7 14 0 0
BITMAP
0000000
0000000
0000000
0000000
0000000
0000000
0000000
0000000
0000000
0000000
0000000
0000000
0000000
0000000
ENDCHAR
STARTCHAR U+2502
ENCODING 9474
SWIDTH 500 0
DWIDTH 7 0
BBX 7 14 0 0
BITMAP
0000008
0000008
0000008
0000000
0000000
0000000
0000000
0000000
0000000
0000000
0000000
0000000
0000000
0000000
ENDCHAR
STARTCHAR U+253C
ENCODING 9532
SWIDTH 500 0
DWIDTH 7 0
BBX 7 14 0 0
BITMAP
0000008
0000008
0000008
0000000
0000000
0000000
0000000
0000000
0000000
0000000
0000000
0000000
0000000
0000000
ENDCHAR
STARTCHAR U+2524
ENCODING 9508
SWIDTH 500 0
DWIDTH 7 0
BBX 7 14 0 0
BITMAP
0000008
0000008
0000008
0000000
0000000
0000000
0000000
0000000
0000000
0000000
0000000
0000000
0000000
0000000
ENDCHAR
STARTCHAR U+251C
ENCODING 9500
SWIDTH 500 0
DWIDTH 7 0
BBX 7 14 0 0
BITMAP
0000008
0000008
0000008
0000000
0000000
0000000
0000000
0000000
0000000
0000000
0000000
0000000
0000000
0000000
ENDCHAR
STARTCHAR U+2546
ENCODING 9542
SWIDTH 500 0
DWIDTH 7 0
BBX 7 14 0 0
BITMAP
000001C
000001C
000001C
0000000
0000000
0000000
0000000
0000000
0000000
0000000
0000000
0000000
0000000
0000000
ENDCHAR
STARTCHAR U+252E
ENCODING 9518
SWIDTH 500 0
DWIDTH 7 0
BBX 7 14 0 0
BITMAP
0000008
0000008
0000008
0000000
0000000
0000000
0000000
0000000
0000000
0000000
0000000
0000000
0000000
0000000
ENDCHAR
STARTCHAR U+2536
ENCODING 9526
SWIDTH 500 0
DWIDTH 7 0
BBX 7 14 0 0
BITMAP
0000000
0000000
0000000
0000000
0000000
0000000
0000000
0000000
0000000
0000000
0000000
0000000
0000000
0000000
ENDCHAR
STARTCHAR U+253E
ENCODING 9534
SWIDTH 500 0
DWIDTH 7 0
BBX 7 14 0 0
BITMAP
0000008
0000008
0000008
0000000
0000000
0000000
0000000
0000000
0000000
0000000
0000000
0000000
0000000
0000000
ENDCHAR
STARTCHAR U+2531
ENCODING 9521
SWIDTH 500 0
DWIDTH 7 0
BBX 7 14 0 0
BITMAP
000001C
000001C
000001C
0000000
0000000
0000000
0000000
0000000
0000000
0000000
0000000
0000000
0000000
0000000
ENDCHAR
STARTCHAR U+2539
ENCODING 9529
SWIDTH 500 0
DWIDTH 7 0
BBX 7 14 0 0
BITMAP
0000000
0000000
0000000
0000000
0000000
0000000
0000000
0000000
0000000
0000000
0000000
0000000
0000000
0000000
ENDCHAR
STARTCHAR U+2549
ENCODING 9545
SWIDTH 500 0
DWIDTH 7 0
BBX 7 14 0 0
BITMAP
000001C
000001C
000001C
0000000
0000000
0000000
0000000
0000000
0000000
0000000
0000000
0000000
0000000
0000000
ENDCHAR
STARTCHAR U+2544
ENCODING 9540
SWIDTH 500 0
DWIDTH 7 0
BBX 7 14 0 0
BITMAP
0000008
0000008
0000008
0000000
0000000
0000000
0000000
0000000
0000000
0000000
0000000
0000000
0000000
0000000
ENDCHAR
STARTCHAR U+2568
ENCODING 9576
SWIDTH 500 0
DWIDTH 7 0
BBX 7 14 0 0
BITMAP
0000000
0000000
0000000
0000000
0000000
0000000
0000000
0000000
0000000
0000000
0000000
0000000
0000000
0000000
ENDCHAR
STARTCHAR U+255C
ENCODING 9564
SWIDTH 500 0
DWIDTH 7 0
BBX 7 14 0 0
BITMAP
0000000
0000000
0000000
0000000
0000000
0000000
0000000
0000000
0000000
0000000
0000000
0000000
0000000
0000000
ENDCHAR
STARTCHAR U+2559
ENCODING 9561
SWIDTH 500 0
DWIDTH 7 0
BBX 7 14 0 0
BITMAP
0000000
0000000
0000000
0000000
0000000
0000000
0000000
0000000
0000000
0000000
0000000
0000000
0000000
0000000
ENDCHAR
STARTCHAR U+2540
ENCODING 9536
SWIDTH 500 0
DWIDTH 7 0
BBX 7 14 0 0
BITMAP
0000008
0000008
0000008
0000000
0000000
0000000
0000000
0000000
0000000
0000000
0000000
0000000
0000000
0000000
ENDCHAR
STARTCHAR U+2538
ENCODING 9528
SWIDTH 500 0
DWIDTH 7 0
BBX 7 14 0 0
BITMAP
0000000
0000000
0000000
0000000
0000000
0000000
0000000
0000000
0000000
0000000
0000000
0000000
0000000
0000000
ENDCHAR
STARTCHAR U+2526
ENCODING 9510
SWIDTH 500 0
DWIDTH 7 0
BBX 7 14 0 0
BITMAP
0000008
0000008
0000008
0000000
0000000
0000000
0000000
0000000
0000000
0000000
0000000
0000000
0000000
0000000
ENDCHAR
STARTCHAR U+251A
ENCODING 9498
SWIDTH 500 0
DWIDTH 7 0
BBX 7 14 0 0
BITMAP
0000000
0000000
0000000
0000000
0000000
0000000
0000000
0000000
0000000
0000000
0000000
0000000
0000000
0000000
ENDCHAR
STARTCHAR U+251E
ENCODING 9502
SWIDTH 500 0
DWIDTH 7 0
BBX 7 14 0 0
BITMAP
0000008
0000008
0000008
0000000
0000000
0000000
0000000
0000000
0000000
0000000
0000000
0000000
0000000
0000000
ENDCHAR
STARTCHAR U+2516
ENCODING 9494
SWIDTH 500 0
DWIDTH 7 0
BBX 7 14 0 0
BITMAP
0000000
0000000
0000000
0000000
0000000
0000000
0000000
0000000
0000000
0000000
0000000
0000000
0000000
0000000
ENDCHAR
STARTCHAR U+2548
ENCODING 9544
SWIDTH 500 0
DWIDTH 7 0
BBX 7 14 0 0
BITMAP
000001C
000001C
000001C
0000000
0000000
0000000
0000000
0000000
0000000
0000000
0000000
0000000
0000000
0000000
ENDCHAR
STARTCHAR U+2537
ENCODING 9527
SWIDTH 500 0
DWIDTH 7 0
BBX 7 14 0 0
BITMAP
0000000
0000000
0000000
0000000
0000000
0000000
0000000
0000000
0000000
0000000
0000000
0000000
0000000
0000000
ENDCHAR
STARTCHAR U+252A
ENCODING 9514
SWIDTH 500 0
DWIDTH 7 0
BBX 7 14 0 0
BITMAP
000001C
000001C
000001C
0000000
0000000
0000000
0000000
0000000
0000000
0000000
0000000
0000000
0000000
0000000
ENDCHAR
STARTCHAR U+2519
ENCODING 9497
SWIDTH 500 0
DWIDTH 7 0
BBX 7 14 0 0
BITMAP
0000000
0000000
0000000
0000000
0000000
0000000
0000000
0000000
0000000
0000000
0000000
0000000
0000000
0000000
ENDCHAR
STARTCHAR U+2522
ENCODING 9506
SWIDTH 500 0
DWIDTH 7 0
BBX 7 14 0 0
BITMAP
000001C
000001C
000001C
0000000
0000000
0000000
0000000
0000000
0000000
0000000
0000000
0000000
0000000
0000000
ENDCHAR
STARTCHAR U+2515
ENCODING 9493
SWIDTH 500 0
DWIDTH 7 0
BBX 7 14 0 0
BITMAP
0000000
0000000
0000000
0000000
0000000
0000000
0000000
0000000
0000000
0000000
0000000
0000000
0000000
0000000
ENDCHAR
STARTCHAR U+2567
ENCODING 9575
SWIDTH 500 0
DWIDTH 7 0
BBX 7 14 0 0
BITMAP
0000000
0000000
0000000
0000000
0000000
0000000
0000000
0000000
0000000
0000000
0000000
0000000
0000000
0000000
ENDCHAR
STARTCHAR U+255B
ENCODING 9563
SWIDTH 500 0
DWIDTH 7 0
BBX 7 14 0 0
BITMAP
0000000
0000000
0000000
0000000
0000000
0000000
0000000
0000000
0000000
0000000
0000000
0000000
0000000
0000000
ENDCHAR
STARTCHAR U+2558
ENCODING 9560
SWIDTH 500 0
DWIDTH 7 0
BBX 7 14 0 0
BITMAP
0000000
0000000
0000000
0000000
0000000
0000000
0000000
0000000
0000000
0000000
0000000
0000000
0000000
0000000
ENDCHAR
STARTCHAR U+256B
ENCODING 9579
SWIDTH 500 0
DWIDTH 7 0
BBX 7 14 0 0
BITMAP
0000014
0000014
0000014
0000000
0000000
0000000
0000000
0000000
0000000
0000000
0000000
0000000
0000000
0000000
ENDCHAR
STARTCHAR U+2562
ENCODING 9570
SWIDTH 500 0
DWIDTH 7 0
BBX 7 14 0 0
BITMAP
0000014
0000014
0000014
0000000
0000000
0000000
0000000
0000000
0000000
0000000
0000000
0000000
0000000
0000000
ENDCHAR
STARTCHAR U+255F
ENCODING 9567
SWIDTH 500 0
DWIDTH 7 0
BBX 7 14 0 0
BITMAP
0000014
0000014
0000014
0000000
0000000
0000000
0000000
0000000
0000000
0000000
0000000
0000000
0000000
0000000
ENDCHAR
STARTCHAR U+2542
ENCODING 9538
SWIDTH 500 0
DWIDTH 7 0
BBX 7 14 0 0
BITMAP
000001C
000001C
000001C
0000000
0000000
0000000
0000000
0000000
0000000
0000000
0000000
0000000
0000000
0000000
ENDCHAR
STARTCHAR U+2528
ENCODING 9512
SWIDTH 500 0
DWIDTH 7 0
BBX 7 14 0 0
BITMAP
000001C
000001C
000001C
0000000
0000000
0000000
0000000
0000000
0000000
0000000
0000000
0000000
0000000
0000000
ENDCHAR
STARTCHAR U+2520
ENCODING 9504
SWIDTH 500 0
DWIDTH 7 0
BBX 7 14 0 0
BITMAP
000001C
000001C
000001C
0000000
0000000
0000000
0000000
0000000
0000000
0000000
0000000
0000000
0000000
0000000
ENDCHAR
STARTCHAR U+253F
ENCODING 9535
SWIDTH 500 0
DWIDTH 7 0
BBX 7 14 0 0
BITMAP
0000008
0000008
0000008
0000000
0000000
0000000
0000000
0000000
0000000
0000000
0000000
0000000
0000000
0000000
ENDCHAR
STARTCHAR U+2525
ENCODING 9509
SWIDTH 500 0
DWIDTH 7 0
BBX 7 14 0 0
BITMAP
0000008
0000008
0000008
0000000
0000000
0000000
0000000
0000000
0000000
0000000
0000000
0000000
0000000
0000000
ENDCHAR
STARTCHAR U+251D
ENCODING 9501
SWIDTH 500 0
DWIDTH 7 0
BBX 7 14 0 0
BITMAP
0000008
0000008
0000008
0000000
0000000
0000000
0000000
0000000
0000000
0000000
0000000
0000000
0000000
0000000
ENDCHAR
STARTCHAR U+256A
ENCODING 9578
SWIDTH 500 0
DWIDTH 7 0
BBX 7 14 0 0
BITMAP
0000008
0000008
0000008
0000000
0000000
0000000
0000000
0000000
0000000
0000000
0000000
0000000
0000000
0000000
ENDCHAR
STARTCHAR U+2561
ENCODING 9569
SWIDTH 500 0
DWIDTH 7 0
BBX 7 14 0 0
BITMAP
0000008
0000008
0000008
0000000
0000000
0000000
0000000
0000000
0000000
0000000
0000000
0000000
0000000
0000000
ENDCHAR
STARTCHAR U+255E
ENCODING 9566
SWIDTH 500 0
DWIDTH 7 0
BBX 7 14 0 0
BITMAP
0000008
0000008
0000008
0000000
0000000
0000000
0000000
0000000
0000000
0000000
0000000
0000000
0000000
0000000
ENDCHAR
STARTCHAR U+1FB82
ENCODING 129922
SWIDTH 500 0
DWIDTH 7 0
BBX 7 14 0 0
BITMAP
0000000
0000000
0000000
0000000
0000000
0000000
0000000
0000000
0000000
0000000
0000000
0000000
0000000
0000000
ENDCHAR
STARTCHAR U+1FB83
ENCODING 129923
SWIDTH 500 0
DWIDTH 7 0
BBX 7 14 0 0
BITMAP
0000000
0000000
0000000
0000000
0000000
0000000
0000000
0000000
0000000
0000000
0000000
0000000
0000000
0000000
ENDCHAR
STARTCHAR U+1FB84
ENCODING 129924
SWIDTH 500 0
DWIDTH 7 0
BBX 7 14 0 0
BITMAP
0000000
0000000
0000000
0000000
0000000
0000000
0000000
0000000
0000000
0000000
0000000
0000000
0000000
0000000
ENDCHAR
STARTCHAR U+1FB85
ENCODING 129925
SWIDTH 500 0
DWIDTH 7 0
BBX 7 14 0 0
BITMAP
0000000
0000000
0000000
0000000
0000000
0000000
0000000
0000000
0000000
0000000
0000000
0000000
0000000
0000000
ENDCHAR
STARTCHAR U+1FB86
ENCODING 129926
SWIDTH 500 0
DWIDTH 7 0
BBX 7 14 0 0
BITMAP
000007F
0000000
0000000
0000000
0000000
0000000
0000000
0000000
0000000
0000000
0000000
0000000
0000000
0000000
ENDCHAR
STARTCHAR U+1FB87
ENCODING 129927
SWIDTH 500 0
DWIDTH 7 0
BBX 7 14 0 0
BITMAP
0000003
0000003
0000003
0000000
0000000
0000000
0000000
0000000
0000000
0000000
0000000
0000000
0000000
0000000
ENDCHAR
STARTCHAR U+1FB88
ENCODING 129928
SWIDTH 500 0
DWIDTH 7 0
BBX 7 14 0 0
BITMAP
0000007
0000007
0000007
0000000
0000000
0000000
0000000
0000000
0000000
0000000
0000000
0000000
0000000
0000000
ENDCHAR
STARTCHAR U+1FB89
ENCODING 129929
SWIDTH 500 0
DWIDTH 7 0
BBX 7 14 0 0
BITMAP
000001F
000001F
000001F
0000000
0000000
0000000
0000000
0000000
0000000
0000000
0000000
0000000
0000000
0000000
ENDCHAR
STARTCHAR U+1FB8A
ENCODING 129930
SWIDTH 500 0
DWIDTH 7 0
BBX 7 14 0 0
BITMAP
000003F
000003F
000003F
0000000
0000000
0000000
0000000
0000000
0000000
0000000
0000000
0000000
0000000
0000000
ENDCHAR
STARTCHAR U+1FB8B
ENCODING 129931
SWIDTH 500 0
DWIDTH 7 0
BBX 7 14 0 0
BITMAP
000003F
000003F
000003F
0000000
0000000
0000000
0000000
0000000
0000000
0000000
0000000
0000000
0000000
0000000
ENDCHAR
ENDFONT