STARTFONT 2.1
COMMENT
COMMENT Converted from OpenType font "DepartureMono-Regular.otf" by "otf2bdf 3.0".
COMMENT
FONT -FreeType-Departure Mono-Medium-R-Normal--15-110-96-96-M-74-ISO10646-1
SIZE 11 96 96
FONTBOUNDINGBOX 9 19 0 -4
STARTPROPERTIES 19
FOUNDRY "FreeType"
FAMILY_NAME "Departure Mono"
WEIGHT_NAME "Medium"
SLANT "R"
SETWIDTH_NAME "Normal"
ADD_STYLE_NAME ""
PIXEL_SIZE 15
POINT_SIZE 110
RESOLUTION_X 96
RESOLUTION_Y 96
SPACING "M"
AVERAGE_WIDTH 74
CHARSET_REGISTRY "ISO10646"
CHARSET_ENCODING "1"
FONT_ASCENT 15
FONT_DESCENT 4
COPYRIGHT "Copyright 20222024 Helena Zhang"
_OTF_FONTFILE "DepartureMono-Regular.otf"
_OTF_PSNAME "DepartureMono-Regular"
ENDPROPERTIES
CHARS 1069
STARTCHAR 0020
ENCODING 32
SWIDTH 613 0
DWIDTH 9 0
BBX 0 0 0 0
BITMAP
ENDCHAR
STARTCHAR 0021
ENCODING 33
SWIDTH 613 0
DWIDTH 9 0
BBX 1 11 4 0
BITMAP
80
80
80
80
80
80
80
80
00
00
80
ENDCHAR
STARTCHAR 0022
ENCODING 34
SWIDTH 613 0
DWIDTH 9 0
BBX 4 4 3 7
BITMAP
B0
B0
B0
B0
ENDCHAR
STARTCHAR 0023
ENCODING 35
SWIDTH 613 0
DWIDTH 9 0
BBX 9 11 0 0
BITMAP
0900
0900
0900
7F80
1600
1600
1600
FF00
6800
6800
6800
ENDCHAR
STARTCHAR 0024
ENCODING 36
SWIDTH 613 0
DWIDTH 9 0
BBX 7 13 1 -1
BITMAP
10
3C
3C
D2
D0
3C
3C
12
12
D2
D2
3C
10
ENDCHAR
STARTCHAR 0025
ENCODING 37
SWIDTH 613 0
DWIDTH 9 0
BBX 8 11 1 0
BITMAP
21
21
D1
22
0C
0C
10
22
CD
CD
C2
ENDCHAR
STARTCHAR 0026
ENCODING 38
SWIDTH 613 0
DWIDTH 9 0
BBX 8 11 1 0
BITMAP
30
30
CC
C0
21
21
CE
CC
CC
CC
30
ENDCHAR
STARTCHAR 0027
ENCODING 39
SWIDTH 613 0
DWIDTH 9 0
BBX 1 4 4 7
BITMAP
80
80
80
80
ENDCHAR
STARTCHAR 0028
ENCODING 40
SWIDTH 613 0
DWIDTH 9 0
BBX 4 13 3 -1
BITMAP
30
40
40
80
80
80
80
80
80
80
80
40
30
ENDCHAR
STARTCHAR 0029
ENCODING 41
SWIDTH 613 0
DWIDTH 9 0
BBX 4 13 3 -1
BITMAP
80
40
40
30
30
30
30
30
30
30
30
40
80
ENDCHAR
STARTCHAR 002A
ENCODING 42
SWIDTH 613 0
DWIDTH 9 0
BBX 7 7 1 4
BITMAP
10
10
D2
3C
D2
D2
10
ENDCHAR
STARTCHAR 002B
ENCODING 43
SWIDTH 613 0
DWIDTH 9 0
BBX 7 7 1 1
BITMAP
10
10
10
FE
10
10
10
ENDCHAR
STARTCHAR 002C
ENCODING 44
SWIDTH 613 0
DWIDTH 9 0
BBX 2 4 3 -1
BITMAP
40
40
40
80
ENDCHAR
STARTCHAR 002D
ENCODING 45
SWIDTH 613 0
DWIDTH 9 0
BBX 4 1 3 4
BITMAP
F0
ENDCHAR
STARTCHAR 002E
ENCODING 46
SWIDTH 613 0
DWIDTH 9 0
BBX 1 3 4 0
BITMAP
80
80
80
ENDCHAR
STARTCHAR 002F
ENCODING 47
SWIDTH 613 0
DWIDTH 9 0
BBX 7 13 1 -1
BITMAP
02
02
02
0C
0C
10
10
10
20
20
20
C0
C0
ENDCHAR
STARTCHAR 0030
ENCODING 48
SWIDTH 613 0
DWIDTH 9 0
BBX 7 11 1 0
BITMAP
3C
3C
C2
CE
D2
D2
E2
C2
C2
C2
3C
ENDCHAR
STARTCHAR 0031
ENCODING 49
SWIDTH 613 0
DWIDTH 9 0
BBX 7 11 1 0
BITMAP
10
10
F0
10
10
10
10
10
10
10
FE
ENDCHAR
STARTCHAR 0032
ENCODING 50
SWIDTH 613 0
DWIDTH 9 0
BBX 7 11 1 0
BITMAP
3C
3C
C2
02
0C
0C
10
20
C0
C0
FE
ENDCHAR
STARTCHAR 0033
ENCODING 51
SWIDTH 613 0
DWIDTH 9 0
BBX 7 11 1 0
BITMAP
3C
3C
C2
02
1C
1C
02
02
C2
C2
3C
ENDCHAR
STARTCHAR 0034
ENCODING 52
SWIDTH 613 0
DWIDTH 9 0
BBX 7 11 1 0
BITMAP
0E
0E
12
22
C2
C2
C2
FE
02
02
02
ENDCHAR
STARTCHAR 0035
ENCODING 53
SWIDTH 613 0
DWIDTH 9 0
BBX 7 11 1 0
BITMAP
FE
FE
C0
C0
FC
FC
02
02
C2
C2
3C
ENDCHAR
STARTCHAR 0036
ENCODING 54
SWIDTH 613 0
DWIDTH 9 0
BBX 7 11 1 0
BITMAP
3C
3C
C2
C0
FC
FC
C2
C2
C2
C2
3C
ENDCHAR
STARTCHAR 0037
ENCODING 55
SWIDTH 613 0
DWIDTH 9 0
BBX 7 11 1 0
BITMAP
FE
FE
02
02
0C
0C
10
20
20
20
20
ENDCHAR
STARTCHAR 0038
ENCODING 56
SWIDTH 613 0
DWIDTH 9 0
BBX 7 11 1 0
BITMAP
3C
3C
C2
C2
3C
3C
C2
C2
C2
C2
3C
ENDCHAR
STARTCHAR 0039
ENCODING 57
SWIDTH 613 0
DWIDTH 9 0
BBX 7 11 1 0
BITMAP
3C
3C
C2
C2
C2
C2
3E
02
C2
C2
3C
ENDCHAR
STARTCHAR 003A
ENCODING 58
SWIDTH 613 0
DWIDTH 9 0
BBX 1 8 4 0
BITMAP
80
80
80
00
00
80
80
80
ENDCHAR
STARTCHAR 003B
ENCODING 59
SWIDTH 613 0
DWIDTH 9 0
BBX 2 9 3 -1
BITMAP
40
40
40
00
00
40
40
40
80
ENDCHAR
STARTCHAR 003C
ENCODING 60
SWIDTH 613 0
DWIDTH 9 0
BBX 6 9 1 0
BITMAP
0C
10
20
20
C0
20
10
10
0C
ENDCHAR
STARTCHAR 003D
ENCODING 61
SWIDTH 613 0
DWIDTH 9 0
BBX 7 4 1 3
BITMAP
FE
FE
00
FE
ENDCHAR
STARTCHAR 003E
ENCODING 62
SWIDTH 613 0
DWIDTH 9 0
BBX 5 9 3 0
BITMAP
80
40
30
30
08
30
40
40
80
ENDCHAR
STARTCHAR 003F
ENCODING 63
SWIDTH 613 0
DWIDTH 9 0
BBX 7 11 1 0
BITMAP
3C
3C
C2
02
0C
0C
10
10
00
00
10
ENDCHAR
STARTCHAR 0040
ENCODING 64
SWIDTH 613 0
DWIDTH 9 0
BBX 7 11 1 0
BITMAP
3C
3C
C2
02
32
32
D2
D2
D2
D2
2C
ENDCHAR
STARTCHAR 0041
ENCODING 65
SWIDTH 613 0
DWIDTH 9 0
BBX 7 11 1 0
BITMAP
10
10
2C
C2
C2
C2
FE
C2
C2
C2
C2
ENDCHAR
STARTCHAR 0042
ENCODING 66
SWIDTH 613 0
DWIDTH 9 0
BBX 7 11 1 0
BITMAP
FC
FC
C2
C2
FC
FC
C2
C2
C2
C2
FC
ENDCHAR
STARTCHAR 0043
ENCODING 67
SWIDTH 613 0
DWIDTH 9 0
BBX 7 11 1 0
BITMAP
3C
3C
C2
C0
C0
C0
C0
C0
C2
C2
3C
ENDCHAR
STARTCHAR 0044
ENCODING 68
SWIDTH 613 0
DWIDTH 9 0
BBX 7 11 1 0
BITMAP
FC
FC
C2
C2
C2
C2
C2
C2
C2
C2
FC
ENDCHAR
STARTCHAR 0045
ENCODING 69
SWIDTH 613 0
DWIDTH 9 0
BBX 7 11 1 0
BITMAP
FE
FE
C0
C0
FC
FC
C0
C0
C0
C0
FE
ENDCHAR
STARTCHAR 0046
ENCODING 70
SWIDTH 613 0
DWIDTH 9 0
BBX 7 11 1 0
BITMAP
FE
FE
C0
C0
FC
FC
C0
C0
C0
C0
C0
ENDCHAR
STARTCHAR 0047
ENCODING 71
SWIDTH 613 0
DWIDTH 9 0
BBX 7 11 1 0
BITMAP
3C
3C
C2
C0
C0
C0
CE
C2
C2
C2
3C
ENDCHAR
STARTCHAR 0048
ENCODING 72
SWIDTH 613 0
DWIDTH 9 0
BBX 7 11 1 0
BITMAP
C2
C2
C2
C2
FE
FE
C2
C2
C2
C2
C2
ENDCHAR
STARTCHAR 0049
ENCODING 73
SWIDTH 613 0
DWIDTH 9 0
BBX 7 11 1 0
BITMAP
FE
FE
10
10
10
10
10
10
10
10
FE
ENDCHAR
STARTCHAR 004A
ENCODING 74
SWIDTH 613 0
DWIDTH 9 0
BBX 7 11 1 0
BITMAP
1E
1E
02
02
02
02
02
02
C2
C2
3C
ENDCHAR
STARTCHAR 004B
ENCODING 75
SWIDTH 613 0
DWIDTH 9 0
BBX 7 11 1 0
BITMAP
C2
C2
CC
D0
F0
F0
CC
CC
C2
C2
C2
ENDCHAR
STARTCHAR 004C
ENCODING 76
SWIDTH 613 0
DWIDTH 9 0
BBX 7 11 1 0
BITMAP
C0
C0
C0
C0
C0
C0
C0
C0
C0
C0
FE
ENDCHAR
STARTCHAR 004D
ENCODING 77
SWIDTH 613 0
DWIDTH 9 0
BBX 7 11 1 0
BITMAP
C2
C2
C2
EE
D2
D2
D2
C2
C2
C2
C2
ENDCHAR
STARTCHAR 004E
ENCODING 78
SWIDTH 613 0
DWIDTH 9 0
BBX 7 11 1 0
BITMAP
C2
C2
C2
E2
D2
D2
CE
C2
C2
C2
C2
ENDCHAR
STARTCHAR 004F
ENCODING 79
SWIDTH 613 0
DWIDTH 9 0
BBX 7 11 1 0
BITMAP
3C
3C
C2
C2
C2
C2
C2
C2
C2
C2
3C
ENDCHAR
STARTCHAR 0050
ENCODING 80
SWIDTH 613 0
DWIDTH 9 0
BBX 7 11 1 0
BITMAP
FC
FC
C2
C2
C2
C2
FC
C0
C0
C0
C0
ENDCHAR
STARTCHAR 0051
ENCODING 81
SWIDTH 613 0
DWIDTH 9 0
BBX 7 12 1 -1
BITMAP
3C
3C
C2
C2
C2
C2
C2
C2
C2
C2
3C
0E
ENDCHAR
STARTCHAR 0052
ENCODING 82
SWIDTH 613 0
DWIDTH 9 0
BBX 7 11 1 0
BITMAP
FC
FC
C2
C2
C2
C2
FC
CC
C2
C2
C2
ENDCHAR
STARTCHAR 0053
ENCODING 83
SWIDTH 613 0
DWIDTH 9 0
BBX 7 11 1 0
BITMAP
3C
3C
C2
C0
3C
3C
02
02
C2
C2
3C
ENDCHAR
STARTCHAR 0054
ENCODING 84
SWIDTH 613 0
DWIDTH 9 0
BBX 7 11 1 0
BITMAP
FE
FE
10
10
10
10
10
10
10
10
10
ENDCHAR
STARTCHAR 0055
ENCODING 85
SWIDTH 613 0
DWIDTH 9 0
BBX 7 11 1 0
BITMAP
C2
C2
C2
C2
C2
C2
C2
C2
C2
C2
3C
ENDCHAR
STARTCHAR 0056
ENCODING 86
SWIDTH 613 0
DWIDTH 9 0
BBX 7 11 1 0
BITMAP
C2
C2
C2
C2
C2
C2
C2
2C
2C
2C
10
ENDCHAR
STARTCHAR 0057
ENCODING 87
SWIDTH 613 0
DWIDTH 9 0
BBX 7 11 1 0
BITMAP
C2
C2
C2
C2
D2
D2
D2
2C
2C
2C
2C
ENDCHAR
STARTCHAR 0058
ENCODING 88
SWIDTH 613 0
DWIDTH 9 0
BBX 7 11 1 0
BITMAP
C2
C2
C2
2C
10
10
2C
C2
C2
C2
C2
ENDCHAR
STARTCHAR 0059
ENCODING 89
SWIDTH 613 0
DWIDTH 9 0
BBX 7 11 1 0
BITMAP
C2
C2
C2
C2
2C
2C
10
10
10
10
10
ENDCHAR
STARTCHAR 005A
ENCODING 90
SWIDTH 613 0
DWIDTH 9 0
BBX 7 11 1 0
BITMAP
FE
FE
02
0C
10
10
20
C0
C0
C0
FE
ENDCHAR
STARTCHAR 005B
ENCODING 91
SWIDTH 613 0
DWIDTH 9 0
BBX 4 13 3 -1
BITMAP
F0
80
80
80
80
80
80
80
80
80
80
80
F0
ENDCHAR
STARTCHAR 005C
ENCODING 92
SWIDTH 613 0
DWIDTH 9 0
BBX 7 13 1 -1
BITMAP
C0
C0
C0
20
20
10
10
10
0C
0C
0C
02
02
ENDCHAR
STARTCHAR 005D
ENCODING 93
SWIDTH 613 0
DWIDTH 9 0
BBX 4 13 3 -1
BITMAP
F0
30
30
30
30
30
30
30
30
30
30
30
F0
ENDCHAR
STARTCHAR 005E
ENCODING 94
SWIDTH 613 0
DWIDTH 9 0
BBX 4 3 3 8
BITMAP
40
40
B0
ENDCHAR
STARTCHAR 005F
ENCODING 95
SWIDTH 613 0
DWIDTH 9 0
BBX 7 1 1 0
BITMAP
FE
ENDCHAR
STARTCHAR 0060
ENCODING 96
SWIDTH 613 0
DWIDTH 9 0
BBX 2 3 3 9
BITMAP
80
40
40
ENDCHAR
STARTCHAR 0061
ENCODING 97
SWIDTH 613 0
DWIDTH 9 0
BBX 7 8 1 0
BITMAP
3C
02
02
3E
C2
CE
CE
32
ENDCHAR
STARTCHAR 0062
ENCODING 98
SWIDTH 613 0
DWIDTH 9 0
BBX 7 11 1 0
BITMAP
C0
C0
C0
DC
E2
E2
C2
C2
E2
E2
DC
ENDCHAR
STARTCHAR 0063
ENCODING 99
SWIDTH 613 0
DWIDTH 9 0
BBX 7 8 1 0
BITMAP
3C
C2
C2
C0
C0
C2
C2
3C
ENDCHAR
STARTCHAR 0064
ENCODING 100
SWIDTH 613 0
DWIDTH 9 0
BBX 7 11 1 0
BITMAP
02
02
02
32
CE
CE
C2
C2
CE
CE
32
ENDCHAR
STARTCHAR 0065
ENCODING 101
SWIDTH 613 0
DWIDTH 9 0
BBX 7 8 1 0
BITMAP
3C
C2
C2
FE
C0
C2
C2
3C
ENDCHAR
STARTCHAR 0066
ENCODING 102
SWIDTH 613 0
DWIDTH 9 0
BBX 7 11 1 0
BITMAP
1E
1E
20
FE
20
20
20
20
20
20
FC
ENDCHAR
STARTCHAR 0067
ENCODING 103
SWIDTH 613 0
DWIDTH 9 0
BBX 7 11 1 -3
BITMAP
32
CE
CE
C2
C2
CE
CE
32
02
3C
3C
ENDCHAR
STARTCHAR 0068
ENCODING 104
SWIDTH 613 0
DWIDTH 9 0
BBX 7 11 1 0
BITMAP
C0
C0
C0
DC
E2
E2
C2
C2
C2
C2
C2
ENDCHAR
STARTCHAR 0069
ENCODING 105
SWIDTH 613 0
DWIDTH 9 0
BBX 7 11 1 0
BITMAP
10
10
00
F0
10
10
10
10
10
10
FE
ENDCHAR
STARTCHAR 006A
ENCODING 106
SWIDTH 613 0
DWIDTH 9 0
BBX 6 14 1 -3
BITMAP
0C
0C
00
3C
0C
0C
0C
0C
0C
0C
0C
CC
30
30
ENDCHAR
STARTCHAR 006B
ENCODING 107
SWIDTH 613 0
DWIDTH 9 0
BBX 7 11 1 0
BITMAP
C0
C0
C0
C2
CC
CC
D0
F0
CC
CC
C2
ENDCHAR
STARTCHAR 006C
ENCODING 108
SWIDTH 613 0
DWIDTH 9 0
BBX 7 11 1 0
BITMAP
F0
F0
10
10
10
10
10
10
10
10
FE
ENDCHAR
STARTCHAR 006D
ENCODING 109
SWIDTH 613 0
DWIDTH 9 0
BBX 7 8 1 0
BITMAP
EC
D2
D2
D2
D2
D2
D2
D2
ENDCHAR
STARTCHAR 006E
ENCODING 110
SWIDTH 613 0
DWIDTH 9 0
BBX 7 8 1 0
BITMAP
DC
E2
E2
C2
C2
C2
C2
C2
ENDCHAR
STARTCHAR 006F
ENCODING 111
SWIDTH 613 0
DWIDTH 9 0
BBX 7 8 1 0
BITMAP
3C
C2
C2
C2
C2
C2
C2
3C
ENDCHAR
STARTCHAR 0070
ENCODING 112
SWIDTH 613 0
DWIDTH 9 0
BBX 7 11 1 -3
BITMAP
DC
E2
E2
C2
C2
E2
E2
DC
C0
C0
C0
ENDCHAR
STARTCHAR 0071
ENCODING 113
SWIDTH 613 0
DWIDTH 9 0
BBX 7 11 1 -3
BITMAP
32
CE
CE
C2
C2
CE
CE
32
02
02
02
ENDCHAR
STARTCHAR 0072
ENCODING 114
SWIDTH 613 0
DWIDTH 9 0
BBX 7 8 1 0
BITMAP
EE
30
30
20
20
20
20
FC
ENDCHAR
STARTCHAR 0073
ENCODING 115
SWIDTH 613 0
DWIDTH 9 0
BBX 7 8 1 0
BITMAP
3C
C2
C2
3C
02
C2
C2
3C
ENDCHAR
STARTCHAR 0074
ENCODING 116
SWIDTH 613 0
DWIDTH 9 0
BBX 7 11 1 0
BITMAP
20
20
20
FE
20
20
20
20
22
22
1C
ENDCHAR
STARTCHAR 0075
ENCODING 117
SWIDTH 613 0
DWIDTH 9 0
BBX 7 8 1 0
BITMAP
C2
C2
C2
C2
C2
CE
CE
32
ENDCHAR
STARTCHAR 0076
ENCODING 118
SWIDTH 613 0
DWIDTH 9 0
BBX 7 8 1 0
BITMAP
C2
C2
C2
C2
2C
2C
2C
10
ENDCHAR
STARTCHAR 0077
ENCODING 119
SWIDTH 613 0
DWIDTH 9 0
BBX 7 8 1 0
BITMAP
D2
D2
D2
D2
D2
D2
D2
2E
ENDCHAR
STARTCHAR 0078
ENCODING 120
SWIDTH 613 0
DWIDTH 9 0
BBX 7 8 1 0
BITMAP
C2
2C
2C
10
2C
C2
C2
C2
ENDCHAR
STARTCHAR 0079
ENCODING 121
SWIDTH 613 0
DWIDTH 9 0
BBX 7 11 1 -3
BITMAP
C2
C2
C2
C2
2C
2C
2C
10
10
E0
E0
ENDCHAR
STARTCHAR 007A
ENCODING 122
SWIDTH 613 0
DWIDTH 9 0
BBX 7 8 1 0
BITMAP
FE
0C
0C
10
20
C0
C0
FE
ENDCHAR
STARTCHAR 007B
ENCODING 123
SWIDTH 613 0
DWIDTH 9 0
BBX 7 13 0 -1
BITMAP
0E
10
10
10
10
E0
E0
10
10
10
10
10
0E
ENDCHAR
STARTCHAR 007C
ENCODING 124
SWIDTH 613 0
DWIDTH 9 0
BBX 1 13 4 -1
BITMAP
80
80
80
80
80
80
80
80
80
80
80
80
80
ENDCHAR
STARTCHAR 007D
ENCODING 125
SWIDTH 613 0
DWIDTH 9 0
BBX 6 13 3 -1
BITMAP
C0
30
30
30
30
0C
0C
30
30
30
30
30
C0
ENDCHAR
STARTCHAR 007E
ENCODING 126
SWIDTH 613 0
DWIDTH 9 0
BBX 7 4 1 3
BITMAP
20
20
D2
0C
ENDCHAR
STARTCHAR 00A0
ENCODING 160
SWIDTH 613 0
DWIDTH 9 0
BBX 0 0 0 0
BITMAP
ENDCHAR
STARTCHAR 00A1
ENCODING 161
SWIDTH 613 0
DWIDTH 9 0
BBX 1 11 4 -3
BITMAP
80
00
00
80
80
80
80
80
80
80
80
ENDCHAR
STARTCHAR 00A2
ENCODING 162
SWIDTH 613 0
DWIDTH 9 0
BBX 7 9 1 0
BITMAP
10
3C
D2
D2
D0
D2
3C
3C
10
ENDCHAR
STARTCHAR 00A3
ENCODING 163
SWIDTH 613 0
DWIDTH 9 0
BBX 7 11 1 0
BITMAP
1C
1C
22
20
20
20
FC
20
20
20
FE
ENDCHAR
STARTCHAR 00A4
ENCODING 164
SWIDTH 613 0
DWIDTH 9 0
BBX 7 8 1 0
BITMAP
D2
2C
2C
C2
C2
2C
2C
D2
ENDCHAR
STARTCHAR 00A5
ENCODING 165
SWIDTH 613 0
DWIDTH 9 0
BBX 7 11 1 0
BITMAP
C2
C2
C2
2C
10
10
FE
10
FE
FE
10
ENDCHAR
STARTCHAR 00A6
ENCODING 166
SWIDTH 613 0
DWIDTH 9 0
BBX 1 13 4 -1
BITMAP
80
80
80
80
80
00
00
00
80
80
80
80
80
ENDCHAR
STARTCHAR 00A7
ENCODING 167
SWIDTH 613 0
DWIDTH 9 0
BBX 7 12 1 -1
BITMAP
3C
3C
C2
E0
3C
3C
C2
3C
0E
0E
C2
3C
ENDCHAR
STARTCHAR 00A8
ENCODING 168
SWIDTH 613 0
DWIDTH 9 0
BBX 4 2 3 9
BITMAP
B0
B0
ENDCHAR
STARTCHAR 00A9
ENCODING 169
SWIDTH 613 0
DWIDTH 9 0
BBX 7 16 1 -3
BITMAP
3C
C2
00
00
10
2C
20
20
20
2C
10
10
00
C2
3C
3C
ENDCHAR
STARTCHAR 00AA
ENCODING 170
SWIDTH 613 0
DWIDTH 9 0
BBX 7 7 1 4
BITMAP
3E
3E
C2
C2
CE
CE
32
ENDCHAR
STARTCHAR 00AB
ENCODING 171
SWIDTH 613 0
DWIDTH 9 0
BBX 8 7 0 1
BITMAP
11
66
66
88
66
11
11
ENDCHAR
STARTCHAR 00AC
ENCODING 172
SWIDTH 613 0
DWIDTH 9 0
BBX 7 4 1 1
BITMAP
FE
02
02
02
ENDCHAR
STARTCHAR 00AD
ENCODING 173
SWIDTH 613 0
DWIDTH 9 0
BBX 4 1 3 4
BITMAP
F0
ENDCHAR
STARTCHAR 00AE
ENCODING 174
SWIDTH 613 0
DWIDTH 9 0
BBX 7 16 1 -3
BITMAP
3C
C2
00
00
30
2C
2C
2C
30
2C
2C
2C
00
C2
3C
3C
ENDCHAR
STARTCHAR 00AF
ENCODING 175
SWIDTH 613 0
DWIDTH 9 0
BBX 4 2 3 9
BITMAP
F0
F0
ENDCHAR
STARTCHAR 00B0
ENCODING 176
SWIDTH 613 0
DWIDTH 9 0
BBX 4 4 3 7
BITMAP
40
40
B0
40
ENDCHAR
STARTCHAR 00B1
ENCODING 177
SWIDTH 613 0
DWIDTH 9 0
BBX 7 9 1 0
BITMAP
10
10
FE
FE
10
10
00
00
FE
ENDCHAR
STARTCHAR 00B2
ENCODING 178
SWIDTH 613 0
DWIDTH 9 0
BBX 7 8 1 4
BITMAP
3C
C2
C2
0C
10
20
20
FE
ENDCHAR
STARTCHAR 00B3
ENCODING 179
SWIDTH 613 0
DWIDTH 9 0
BBX 7 8 1 4
BITMAP
3C
C2
C2
1C
02
C2
C2
3C
ENDCHAR
STARTCHAR 00B4
ENCODING 180
SWIDTH 613 0
DWIDTH 9 0
BBX 3 3 4 9
BITMAP
60
80
80
ENDCHAR
STARTCHAR 00B5
ENCODING 181
SWIDTH 613 0
DWIDTH 9 0
BBX 7 11 1 -3
BITMAP
C2
C2
C2
C2
C2
CE
CE
F2
C0
C0
C0
ENDCHAR
STARTCHAR 00B6
ENCODING 182
SWIDTH 613 0
DWIDTH 9 0
BBX 7 11 1 0
BITMAP
3E
3E
F2
F2
F2
F2
32
02
02
02
02
ENDCHAR
STARTCHAR 00B7
ENCODING 183
SWIDTH 613 0
DWIDTH 9 0
BBX 1 3 4 4
BITMAP
80
80
80
ENDCHAR
STARTCHAR 00B8
ENCODING 184
SWIDTH 613 0
DWIDTH 9 0
BBX 3 4 4 -4
BITMAP
80
60
60
80
ENDCHAR
STARTCHAR 00B9
ENCODING 185
SWIDTH 613 0
DWIDTH 9 0
BBX 4 8 3 4
BITMAP
40
C0
C0
40
40
40
40
F0
ENDCHAR
STARTCHAR 00BA
ENCODING 186
SWIDTH 613 0
DWIDTH 9 0
BBX 7 7 1 4
BITMAP
3C
3C
C2
C2
C2
C2
3C
ENDCHAR
STARTCHAR 00BB
ENCODING 187
SWIDTH 613 0
DWIDTH 9 0
BBX 8 7 1 1
BITMAP
CC
22
22
11
22
CC
CC
ENDCHAR
STARTCHAR 00BC
ENCODING 188
SWIDTH 613 0
DWIDTH 9 0
BBX 9 17 0 -4
BITMAP
6000
E000
6000
6000
6000
F000
0180
0180
1E00
E000
0180
0180
0680
0880
0F80
0F80
0080
ENDCHAR
STARTCHAR 00BD
ENCODING 189
SWIDTH 613 0
DWIDTH 9 0
BBX 9 17 0 -4
BITMAP
6000
E000
6000
6000
6000
F000
0180
0180
1E00
E000
0700
0700
0880
0100
0600
0600
0F80
ENDCHAR
STARTCHAR 00BE
ENCODING 190
SWIDTH 613 0
DWIDTH 9 0
BBX 9 17 0 -4
BITMAP
7000
8800
1000
1000
8800
7000
0180
0180
1E00
E000
0180
0180
0680
0880
0F80
0F80
0080
ENDCHAR
STARTCHAR 00BF
ENCODING 191
SWIDTH 613 0
DWIDTH 9 0
BBX 7 11 1 -3
BITMAP
10
00
00
10
10
20
20
C0
C2
3C
3C
ENDCHAR
STARTCHAR 00C0
ENCODING 192
SWIDTH 613 0
DWIDTH 9 0
BBX 7 15 1 0
BITMAP
20
20
10
00
10
10
2C
C2
C2
C2
FE
C2
C2
C2
C2
ENDCHAR
STARTCHAR 00C1
ENCODING 193
SWIDTH 613 0
DWIDTH 9 0
BBX 7 15 1 0
BITMAP
0C
0C
10
00
10
10
2C
C2
C2
C2
FE
C2
C2
C2
C2
ENDCHAR
STARTCHAR 00C2
ENCODING 194
SWIDTH 613 0
DWIDTH 9 0
BBX 7 15 1 0
BITMAP
10
10
2C
00
10
10
2C
C2
C2
C2
FE
C2
C2
C2
C2
ENDCHAR
STARTCHAR 00C3
ENCODING 195
SWIDTH 613 0
DWIDTH 9 0
BBX 7 15 1 0
BITMAP
12
12
2C
00
10
10
2C
C2
C2
C2
FE
C2
C2
C2
C2
ENDCHAR
STARTCHAR 00C4
ENCODING 196
SWIDTH 613 0
DWIDTH 9 0
BBX 7 13 1 0
BITMAP
2C
00
10
10
2C
C2
C2
C2
FE
C2
C2
C2
C2
ENDCHAR
STARTCHAR 00C5
ENCODING 197
SWIDTH 613 0
DWIDTH 9 0
BBX 7 15 1 0
BITMAP
10
10
2C
10
10
10
2C
C2
C2
C2
FE
C2
C2
C2
C2
ENDCHAR
STARTCHAR 00C6
ENCODING 198
SWIDTH 613 0
DWIDTH 9 0
BBX 9 11 0 0
BITMAP
1F80
1F80
6800
8800
8F00
8F00
F800
8800
8800
8800
8F80
ENDCHAR
STARTCHAR 00C7
ENCODING 199
SWIDTH 613 0
DWIDTH 9 0
BBX 7 15 1 -4
BITMAP
3C
3C
C2
C0
C0
C0
C0
C0
C2
C2
3C
10
0C
0C
10
ENDCHAR
STARTCHAR 00C8
ENCODING 200
SWIDTH 613 0
DWIDTH 9 0
BBX 7 15 1 0
BITMAP
20
20
10
00
FE
FE
C0
C0
FC
FC
C0
C0
C0
C0
FE
ENDCHAR
STARTCHAR 00C9
ENCODING 201
SWIDTH 613 0
DWIDTH 9 0
BBX 7 15 1 0
BITMAP
0C
0C
10
00
FE
FE
C0
C0
FC
FC
C0
C0
C0
C0
FE
ENDCHAR
STARTCHAR 00CA
ENCODING 202
SWIDTH 613 0
DWIDTH 9 0
BBX 7 15 1 0
BITMAP
10
10
2C
00
FE
FE
C0
C0
FC
FC
C0
C0
C0
C0
FE
ENDCHAR
STARTCHAR 00CB
ENCODING 203
SWIDTH 613 0
DWIDTH 9 0
BBX 7 13 1 0
BITMAP
2C
00
FE
FE
C0
C0
FC
FC
C0
C0
C0
C0
FE
ENDCHAR
STARTCHAR 00CC
ENCODING 204
SWIDTH 613 0
DWIDTH 9 0
BBX 7 15 1 0
BITMAP
20
20
10
00
FE
FE
10
10
10
10
10
10
10
10
FE
ENDCHAR
STARTCHAR 00CD
ENCODING 205
SWIDTH 613 0
DWIDTH 9 0
BBX 7 15 1 0
BITMAP
0C
0C
10
00
FE
FE
10
10
10
10
10
10
10
10
FE
ENDCHAR
STARTCHAR 00CE
ENCODING 206
SWIDTH 613 0
DWIDTH 9 0
BBX 7 15 1 0
BITMAP
10
10
2C
00
FE
FE
10
10
10
10
10
10
10
10
FE
ENDCHAR
STARTCHAR 00CF
ENCODING 207
SWIDTH 613 0
DWIDTH 9 0
BBX 7 13 1 0
BITMAP
2C
00
FE
FE
10
10
10
10
10
10
10
10
FE
ENDCHAR
STARTCHAR 00D0
ENCODING 208
SWIDTH 613 0
DWIDTH 9 0
BBX 8 11 0 0
BITMAP
7E
7E
61
61
F9
F9
61
61
61
61
7E
ENDCHAR
STARTCHAR 00D1
ENCODING 209
SWIDTH 613 0
DWIDTH 9 0
BBX 7 15 1 0
BITMAP
12
12
2C
00
C2
C2
C2
E2
D2
D2
CE
C2
C2
C2
C2
ENDCHAR
STARTCHAR 00D2
ENCODING 210
SWIDTH 613 0
DWIDTH 9 0
BBX 7 15 1 0
BITMAP
20
20
10
00
3C
3C
C2
C2
C2
C2
C2
C2
C2
C2
3C
ENDCHAR
STARTCHAR 00D3
ENCODING 211
SWIDTH 613 0
DWIDTH 9 0
BBX 7 15 1 0
BITMAP
0C
0C
10
00
3C
3C
C2
C2
C2
C2
C2
C2
C2
C2
3C
ENDCHAR
STARTCHAR 00D4
ENCODING 212
SWIDTH 613 0
DWIDTH 9 0
BBX 7 15 1 0
BITMAP
10
10
2C
00
3C
3C
C2
C2
C2
C2
C2
C2
C2
C2
3C
ENDCHAR
STARTCHAR 00D5
ENCODING 213
SWIDTH 613 0
DWIDTH 9 0
BBX 7 15 1 0
BITMAP
12
12
2C
00
3C
3C
C2
C2
C2
C2
C2
C2
C2
C2
3C
ENDCHAR
STARTCHAR 00D6
ENCODING 214
SWIDTH 613 0
DWIDTH 9 0
BBX 7 13 1 0
BITMAP
2C
00
3C
3C
C2
C2
C2
C2
C2
C2
C2
C2
3C
ENDCHAR
STARTCHAR 00D7
ENCODING 215
SWIDTH 613 0
DWIDTH 9 0
BBX 7 7 1 1
BITMAP
C2
2C
2C
10
2C
C2
C2
ENDCHAR
STARTCHAR 00D8
ENCODING 216
SWIDTH 613 0
DWIDTH 9 0
BBX 9 11 0 0
BITMAP
1E80
1E80
6100
6700
6900
6900
7100
6100
E100
E100
1E00
ENDCHAR
STARTCHAR 00D9
ENCODING 217
SWIDTH 613 0
DWIDTH 9 0
BBX 7 15 1 0
BITMAP
20
20
10
00
C2
C2
C2
C2
C2
C2
C2
C2
C2
C2
3C
ENDCHAR
STARTCHAR 00DA
ENCODING 218
SWIDTH 613 0
DWIDTH 9 0
BBX 7 15 1 0
BITMAP
0C
0C
10
00
C2
C2
C2
C2
C2
C2
C2
C2
C2
C2
3C
ENDCHAR
STARTCHAR 00DB
ENCODING 219
SWIDTH 613 0
DWIDTH 9 0
BBX 7 15 1 0
BITMAP
10
10
2C
00
C2
C2
C2
C2
C2
C2
C2
C2
C2
C2
3C
ENDCHAR
STARTCHAR 00DC
ENCODING 220
SWIDTH 613 0
DWIDTH 9 0
BBX 7 13 1 0
BITMAP
2C
00
C2
C2
C2
C2
C2
C2
C2
C2
C2
C2
3C
ENDCHAR
STARTCHAR 00DD
ENCODING 221
SWIDTH 613 0
DWIDTH 9 0
BBX 7 15 1 0
BITMAP
0C
0C
10
00
C2
C2
C2
C2
2C
2C
10
10
10
10
10
ENDCHAR
STARTCHAR 00DE
ENCODING 222
SWIDTH 613 0
DWIDTH 9 0
BBX 7 11 1 0
BITMAP
C0
C0
FC
C2
C2
C2
C2
FC
C0
C0
C0
ENDCHAR
STARTCHAR 00DF
ENCODING 223
SWIDTH 613 0
DWIDTH 9 0
BBX 7 14 1 -3
BITMAP
30
30
CC
CC
CC
CC
C2
C2
C2
C2
DC
C0
C0
C0
ENDCHAR
STARTCHAR 00E0
ENCODING 224
SWIDTH 613 0
DWIDTH 9 0
BBX 7 12 1 0
BITMAP
20
10
10
00
3C
02
02
3E
C2
CE
CE
32
ENDCHAR
STARTCHAR 00E1
ENCODING 225
SWIDTH 613 0
DWIDTH 9 0
BBX 7 12 1 0
BITMAP
0C
10
10
00
3C
02
02
3E
C2
CE
CE
32
ENDCHAR
STARTCHAR 00E2
ENCODING 226
SWIDTH 613 0
DWIDTH 9 0
BBX 7 12 1 0
BITMAP
10
2C
2C
00
3C
02
02
3E
C2
CE
CE
32
ENDCHAR
STARTCHAR 00E3
ENCODING 227
SWIDTH 613 0
DWIDTH 9 0
BBX 7 12 1 0
BITMAP
12
2C
2C
00
3C
02
02
3E
C2
CE
CE
32
ENDCHAR
STARTCHAR 00E4
ENCODING 228
SWIDTH 613 0
DWIDTH 9 0
BBX 7 11 1 0
BITMAP
2C
2C
00
3C
02
02
3E
C2
CE
CE
32
ENDCHAR
STARTCHAR 00E5
ENCODING 229
SWIDTH 613 0
DWIDTH 9 0
BBX 7 13 1 0
BITMAP
10
2C
10
10
00
3C
02
02
3E
C2
CE
CE
32
ENDCHAR
STARTCHAR 00E6
ENCODING 230
SWIDTH 613 0
DWIDTH 9 0
BBX 9 8 0 0
BITMAP
7700
0880
0880
7F80
8800
8880
8880
7700
ENDCHAR
STARTCHAR 00E7
ENCODING 231
SWIDTH 613 0
DWIDTH 9 0
BBX 7 12 1 -4
BITMAP
3C
C2
C2
C0
C0
C2
C2
3C
10
0C
0C
10
ENDCHAR
STARTCHAR 00E8
ENCODING 232
SWIDTH 613 0
DWIDTH 9 0
BBX 7 12 1 0
BITMAP
20
10
10
00
3C
C2
C2
FE
C0
C2
C2
3C
ENDCHAR
STARTCHAR 00E9
ENCODING 233
SWIDTH 613 0
DWIDTH 9 0
BBX 7 12 1 0
BITMAP
0C
10
10
00
3C
C2
C2
FE
C0
C2
C2
3C
ENDCHAR
STARTCHAR 00EA
ENCODING 234
SWIDTH 613 0
DWIDTH 9 0
BBX 7 12 1 0
BITMAP
10
2C
2C
00
3C
C2
C2
FE
C0
C2
C2
3C
ENDCHAR
STARTCHAR 00EB
ENCODING 235
SWIDTH 613 0
DWIDTH 9 0
BBX 7 11 1 0
BITMAP
2C
2C
00
3C
C2
C2
FE
C0
C2
C2
3C
ENDCHAR
STARTCHAR 00EC
ENCODING 236
SWIDTH 613 0
DWIDTH 9 0
BBX 7 12 1 0
BITMAP
20
10
10
00
F0
10
10
10
10
10
10
FE
ENDCHAR
STARTCHAR 00ED
ENCODING 237
SWIDTH 613 0
DWIDTH 9 0
BBX 7 12 1 0
BITMAP
0C
10
10
00
F0
10
10
10
10
10
10
FE
ENDCHAR
STARTCHAR 00EE
ENCODING 238
SWIDTH 613 0
DWIDTH 9 0
BBX 7 12 1 0
BITMAP
10
2C
2C
00
F0
10
10
10
10
10
10
FE
ENDCHAR
STARTCHAR 00EF
ENCODING 239
SWIDTH 613 0
DWIDTH 9 0
BBX 7 11 1 0
BITMAP
2C
2C
00
F0
10
10
10
10
10
10
FE
ENDCHAR
STARTCHAR 00F0
ENCODING 240
SWIDTH 613 0
DWIDTH 9 0
BBX 7 11 1 0
BITMAP
32
32
0C
32
CE
CE
C2
C2
C2
C2
3C
ENDCHAR
STARTCHAR 00F1
ENCODING 241
SWIDTH 613 0
DWIDTH 9 0
BBX 7 12 1 0
BITMAP
12
2C
2C
00
DC
E2
E2
C2
C2
C2
C2
C2
ENDCHAR
STARTCHAR 00F2
ENCODING 242
SWIDTH 613 0
DWIDTH 9 0
BBX 7 12 1 0
BITMAP
20
10
10
00
3C
C2
C2
C2
C2
C2
C2
3C
ENDCHAR
STARTCHAR 00F3
ENCODING 243
SWIDTH 613 0
DWIDTH 9 0
BBX 7 12 1 0
BITMAP
0C
10
10
00
3C
C2
C2
C2
C2
C2
C2
3C
ENDCHAR
STARTCHAR 00F4
ENCODING 244
SWIDTH 613 0
DWIDTH 9 0
BBX 7 12 1 0
BITMAP
10
2C
2C
00
3C
C2
C2
C2
C2
C2
C2
3C
ENDCHAR
STARTCHAR 00F5
ENCODING 245
SWIDTH 613 0
DWIDTH 9 0
BBX 7 12 1 0
BITMAP
12
2C
2C
00
3C
C2
C2
C2
C2
C2
C2
3C
ENDCHAR
STARTCHAR 00F6
ENCODING 246
SWIDTH 613 0
DWIDTH 9 0
BBX 7 11 1 0
BITMAP
2C
2C
00
3C
C2
C2
C2
C2
C2
C2
3C
ENDCHAR
STARTCHAR 00F7
ENCODING 247
SWIDTH 613 0
DWIDTH 9 0
BBX 7 7 1 1
BITMAP
10
00
00
FE
00
10
10
ENDCHAR
STARTCHAR 00F8
ENCODING 248
SWIDTH 613 0
DWIDTH 9 0
BBX 9 9 0 -1
BITMAP
1E80
6100
6100
6700
6900
7100
7100
7E00
8000
ENDCHAR
STARTCHAR 00F9
ENCODING 249
SWIDTH 613 0
DWIDTH 9 0
BBX 7 12 1 0
BITMAP
20
10
10
00
C2
C2
C2
C2
C2
CE
CE
32
ENDCHAR
STARTCHAR 00FA
ENCODING 250
SWIDTH 613 0
DWIDTH 9 0
BBX 7 12 1 0
BITMAP
0C
10
10
00
C2
C2
C2
C2
C2
CE
CE
32
ENDCHAR
STARTCHAR 00FB
ENCODING 251
SWIDTH 613 0
DWIDTH 9 0
BBX 7 12 1 0
BITMAP
10
2C
2C
00
C2
C2
C2
C2
C2
CE
CE
32
ENDCHAR
STARTCHAR 00FC
ENCODING 252
SWIDTH 613 0
DWIDTH 9 0
BBX 7 11 1 0
BITMAP
2C
2C
00
C2
C2
C2
C2
C2
CE
CE
32
ENDCHAR
STARTCHAR 00FD
ENCODING 253
SWIDTH 613 0
DWIDTH 9 0
BBX 7 15 1 -3
BITMAP
0C
10
10
00
C2
C2
C2
C2
2C
2C
2C
10
10
E0
E0
ENDCHAR
STARTCHAR 00FE
ENCODING 254
SWIDTH 613 0
DWIDTH 9 0
BBX 7 14 1 -3
BITMAP
C0
C0
C0
DC
E2
E2
C2
C2
E2
E2
DC
C0
C0
C0
ENDCHAR
STARTCHAR 00FF
ENCODING 255
SWIDTH 613 0
DWIDTH 9 0
BBX 7 14 1 -3
BITMAP
2C
2C
00
C2
C2
C2
C2
2C
2C
2C
10
10
E0
E0
ENDCHAR
STARTCHAR 0100
ENCODING 256
SWIDTH 613 0
DWIDTH 9 0
BBX 7 13 1 0
BITMAP
3C
00
10
10
2C
C2
C2
C2
FE
C2
C2
C2
C2
ENDCHAR
STARTCHAR 0101
ENCODING 257
SWIDTH 613 0
DWIDTH 9 0
BBX 7 11 1 0
BITMAP
3C
3C
00
3C
02
02
3E
C2
CE
CE
32
ENDCHAR
STARTCHAR 0102
ENCODING 258
SWIDTH 613 0
DWIDTH 9 0
BBX 7 15 1 0
BITMAP
C2
C2
3C
00
10
10
2C
C2
C2
C2
FE
C2
C2
C2
C2
ENDCHAR
STARTCHAR 0103
ENCODING 259
SWIDTH 613 0
DWIDTH 9 0
BBX 7 12 1 0
BITMAP
C2
3C
3C
00
3C
02
02
3E
C2
CE
CE
32
ENDCHAR
STARTCHAR 0104
ENCODING 260
SWIDTH 613 0
DWIDTH 9 0
BBX 7 15 1 -4
BITMAP
10
10
2C
C2
C2
C2
FE
C2
C2
C2
C2
02
0C
0C
02
ENDCHAR
STARTCHAR 0105
ENCODING 261
SWIDTH 613 0
DWIDTH 9 0
BBX 7 12 1 -4
BITMAP
3C
02
02
3E
C2
CE
CE
32
02
0C
0C
02
ENDCHAR
STARTCHAR 0106
ENCODING 262
SWIDTH 613 0
DWIDTH 9 0
BBX 7 15 1 0
BITMAP
0C
0C
10
00
3C
3C
C2
C0
C0
C0
C0
C0
C2
C2
3C
ENDCHAR
STARTCHAR 0107
ENCODING 263
SWIDTH 613 0
DWIDTH 9 0
BBX 7 12 1 0
BITMAP
0C
10
10
00
3C
C2
C2
C0
C0
C2
C2
3C
ENDCHAR
STARTCHAR 0108
ENCODING 264
SWIDTH 613 0
DWIDTH 9 0
BBX 7 15 1 0
BITMAP
10
10
2C
00
3C
3C
C2
C0
C0
C0
C0
C0
C2
C2
3C
ENDCHAR
STARTCHAR 0109
ENCODING 265
SWIDTH 613 0
DWIDTH 9 0
BBX 7 12 1 0
BITMAP
10
2C
2C
00
3C
C2
C2
C0
C0
C2
C2
3C
ENDCHAR
STARTCHAR 010A
ENCODING 266
SWIDTH 613 0
DWIDTH 9 0
BBX 7 13 1 0
BITMAP
10
00
3C
3C
C2
C0
C0
C0
C0
C0
C2
C2
3C
ENDCHAR
STARTCHAR 010B
ENCODING 267
SWIDTH 613 0
DWIDTH 9 0
BBX 7 11 1 0
BITMAP
10
10
00
3C
C2
C2
C0
C0
C2
C2
3C
ENDCHAR
STARTCHAR 010C
ENCODING 268
SWIDTH 613 0
DWIDTH 9 0
BBX 7 15 1 0
BITMAP
2C
2C
10
00
3C
3C
C2
C0
C0
C0
C0
C0
C2
C2
3C
ENDCHAR
STARTCHAR 010D
ENCODING 269
SWIDTH 613 0
DWIDTH 9 0
BBX 7 12 1 0
BITMAP
2C
10
10
00
3C
C2
C2
C0
C0
C2
C2
3C
ENDCHAR
STARTCHAR 010E
ENCODING 270
SWIDTH 613 0
DWIDTH 9 0
BBX 7 15 1 0
BITMAP
2C
2C
10
00
FC
FC
C2
C2
C2
C2
C2
C2
C2
C2
FC
ENDCHAR
STARTCHAR 010F
ENCODING 271
SWIDTH 613 0
DWIDTH 9 0
BBX 9 11 0 0
BITMAP
0680
0680
0700
7600
8E00
8E00
8600
8600
8E00
8E00
7600
ENDCHAR
STARTCHAR 0110
ENCODING 272
SWIDTH 613 0
DWIDTH 9 0
BBX 8 11 0 0
BITMAP
7E
7E
61
61
F9
F9
61
61
61
61
7E
ENDCHAR
STARTCHAR 0111
ENCODING 273
SWIDTH 613 0
DWIDTH 9 0
BBX 8 11 1 0
BITMAP
1F
1F
02
32
CE
CE
C2
C2
CE
CE
32
ENDCHAR
STARTCHAR 0112
ENCODING 274
SWIDTH 613 0
DWIDTH 9 0
BBX 7 13 1 0
BITMAP
3C
00
FE
FE
C0
C0
FC
FC
C0
C0
C0
C0
FE
ENDCHAR
STARTCHAR 0113
ENCODING 275
SWIDTH 613 0
DWIDTH 9 0
BBX 7 11 1 0
BITMAP
3C
3C
00
3C
C2
C2
FE
C0
C2
C2
3C
ENDCHAR
STARTCHAR 0114
ENCODING 276
SWIDTH 613 0
DWIDTH 9 0
BBX 7 15 1 0
BITMAP
C2
C2
3C
00
FE
FE
C0
C0
FC
FC
C0
C0
C0
C0
FE
ENDCHAR
STARTCHAR 0115
ENCODING 277
SWIDTH 613 0
DWIDTH 9 0
BBX 7 12 1 0
BITMAP
C2
3C
3C
00
3C
C2
C2
FE
C0
C2
C2
3C
ENDCHAR
STARTCHAR 0116
ENCODING 278
SWIDTH 613 0
DWIDTH 9 0
BBX 7 13 1 0
BITMAP
10
00
FE
FE
C0
C0
FC
FC
C0
C0
C0
C0
FE
ENDCHAR
STARTCHAR 0117
ENCODING 279
SWIDTH 613 0
DWIDTH 9 0
BBX 7 11 1 0
BITMAP
10
10
00
3C
C2
C2
FE
C0
C2
C2
3C
ENDCHAR
STARTCHAR 0118
ENCODING 280
SWIDTH 613 0
DWIDTH 9 0
BBX 7 15 1 -4
BITMAP
FE
FE
C0
C0
FC
FC
C0
C0
C0
C0
FE
02
0C
0C
02
ENDCHAR
STARTCHAR 0119
ENCODING 281
SWIDTH 613 0
DWIDTH 9 0
BBX 7 12 1 -4
BITMAP
3C
C2
C2
FE
C0
C2
C2
3C
10
20
20
10
ENDCHAR
STARTCHAR 011A
ENCODING 282
SWIDTH 613 0
DWIDTH 9 0
BBX 7 15 1 0
BITMAP
2C
2C
10
00
FE
FE
C0
C0
FC
FC
C0
C0
C0
C0
FE
ENDCHAR
STARTCHAR 011B
ENCODING 283
SWIDTH 613 0
DWIDTH 9 0
BBX 7 12 1 0
BITMAP
2C
10
10
00
3C
C2
C2
FE
C0
C2
C2
3C
ENDCHAR
STARTCHAR 011C
ENCODING 284
SWIDTH 613 0
DWIDTH 9 0
BBX 7 15 1 0
BITMAP
10
10
2C
00
3C
3C
C2
C0
C0
C0
CE
C2
C2
C2
3C
ENDCHAR
STARTCHAR 011D
ENCODING 285
SWIDTH 613 0
DWIDTH 9 0
BBX 7 15 1 -3
BITMAP
10
2C
2C
00
32
CE
CE
C2
C2
CE
CE
32
02
3C
3C
ENDCHAR
STARTCHAR 011E
ENCODING 286
SWIDTH 613 0
DWIDTH 9 0
BBX 7 15 1 0
BITMAP
C2
C2
3C
00
3C
3C
C2
C0
C0
C0
CE
C2
C2
C2
3C
ENDCHAR
STARTCHAR 011F
ENCODING 287
SWIDTH 613 0
DWIDTH 9 0
BBX 7 15 1 -3
BITMAP
C2
3C
3C
00
32
CE
CE
C2
C2
CE
CE
32
02
3C
3C
ENDCHAR
STARTCHAR 0120
ENCODING 288
SWIDTH 613 0
DWIDTH 9 0
BBX 7 13 1 0
BITMAP
10
00
3C
3C
C2
C0
C0
C0
CE
C2
C2
C2
3C
ENDCHAR
STARTCHAR 0121
ENCODING 289
SWIDTH 613 0
DWIDTH 9 0
BBX 7 14 1 -3
BITMAP
10
10
00
32
CE
CE
C2
C2
CE
CE
32
02
3C
3C
ENDCHAR
STARTCHAR 0122
ENCODING 290
SWIDTH 613 0
DWIDTH 9 0
BBX 7 15 1 -4
BITMAP
3C
3C
C2
C0
C0
C0
CE
C2
C2
C2
3C
00
10
10
20
ENDCHAR
STARTCHAR 0123
ENCODING 291
SWIDTH 613 0
DWIDTH 9 0
BBX 7 15 1 -3
BITMAP
0C
10
10
00
32
CE
CE
C2
C2
CE
CE
32
02
3C
3C
ENDCHAR
STARTCHAR 0124
ENCODING 292
SWIDTH 613 0
DWIDTH 9 0
BBX 7 15 1 0
BITMAP
10
10
2C
00
C2
C2
C2
C2
FE
FE
C2
C2
C2
C2
C2
ENDCHAR
STARTCHAR 0125
ENCODING 293
SWIDTH 613 0
DWIDTH 9 0
BBX 8 15 0 0
BITMAP
60
60
90
00
60
60
60
6E
71
71
61
61
61
61
61
ENDCHAR
STARTCHAR 0126
ENCODING 294
SWIDTH 613 0
DWIDTH 9 0
BBX 9 11 0 0
BITMAP
6100
6100
FF80
6100
7F00
7F00
6100
6100
6100
6100
6100
ENDCHAR
STARTCHAR 0127
ENCODING 295
SWIDTH 613 0
DWIDTH 9 0
BBX 8 11 0 0
BITMAP
F8
F8
60
6E
71
71
61
61
61
61
61
ENDCHAR
STARTCHAR 0128
ENCODING 296
SWIDTH 613 0
DWIDTH 9 0
BBX 7 15 1 0
BITMAP
12
12
2C
00
FE
FE
10
10
10
10
10
10
10
10
FE
ENDCHAR
STARTCHAR 0129
ENCODING 297
SWIDTH 613 0
DWIDTH 9 0
BBX 7 12 1 0
BITMAP
2C
D0
D0
00
F0
10
10
10
10
10
10
FE
ENDCHAR
STARTCHAR 012A
ENCODING 298
SWIDTH 613 0
DWIDTH 9 0
BBX 7 13 1 0
BITMAP
3C
00
FE
FE
10
10
10
10
10
10
10
10
FE
ENDCHAR
STARTCHAR 012B
ENCODING 299
SWIDTH 613 0
DWIDTH 9 0
BBX 7 11 1 0
BITMAP
3C
3C
00
F0
10
10
10
10
10
10
FE
ENDCHAR
STARTCHAR 012C
ENCODING 300
SWIDTH 613 0
DWIDTH 9 0
BBX 7 15 1 0
BITMAP
C2
C2
3C
00
FE
FE
10
10
10
10
10
10
10
10
FE
ENDCHAR
STARTCHAR 012D
ENCODING 301
SWIDTH 613 0
DWIDTH 9 0
BBX 7 12 1 0
BITMAP
C2
3C
3C
00
F0
10
10
10
10
10
10
FE
ENDCHAR
STARTCHAR 012E
ENCODING 302
SWIDTH 613 0
DWIDTH 9 0
BBX 7 15 1 -4
BITMAP
FE
FE
10
10
10
10
10
10
10
10
FE
10
20
20
10
ENDCHAR
STARTCHAR 012F
ENCODING 303
SWIDTH 613 0
DWIDTH 9 0
BBX 7 12 1 -4
BITMAP
F0
10
10
10
10
10
10
FE
10
20
20
10
ENDCHAR
STARTCHAR 0130
ENCODING 304
SWIDTH 613 0
DWIDTH 9 0
BBX 7 13 1 0
BITMAP
10
00
FE
FE
10
10
10
10
10
10
10
10
FE
ENDCHAR
STARTCHAR 0131
ENCODING 305
SWIDTH 613 0
DWIDTH 9 0
BBX 7 8 1 0
BITMAP
F0
10
10
10
10
10
10
FE
ENDCHAR
STARTCHAR 0132
ENCODING 306
SWIDTH 613 0
DWIDTH 9 0
BBX 7 11 1 0
BITMAP
CE
CE
C2
C2
C2
C2
02
02
C2
C2
3C
ENDCHAR
STARTCHAR 0133
ENCODING 307
SWIDTH 613 0
DWIDTH 9 0
BBX 7 14 1 -3
BITMAP
C2
C2
00
C2
C2
C2
C2
C2
CE
CE
32
02
1C
1C
ENDCHAR
STARTCHAR 0134
ENCODING 308
SWIDTH 613 0
DWIDTH 9 0
BBX 7 15 1 0
BITMAP
0C
0C
12
00
1E
1E
02
02
02
02
02
02
C2
C2
3C
ENDCHAR
STARTCHAR 0135
ENCODING 309
SWIDTH 613 0
DWIDTH 9 0
BBX 6 15 1 -3
BITMAP
10
2C
2C
00
3C
0C
0C
0C
0C
0C
0C
0C
CC
30
30
ENDCHAR
STARTCHAR 0136
ENCODING 310
SWIDTH 613 0
DWIDTH 9 0
BBX 7 15 1 -4
BITMAP
C2
C2
CC
D0
F0
F0
CC
CC
C2
C2
C2
00
10
10
20
ENDCHAR
STARTCHAR 0137
ENCODING 311
SWIDTH 613 0
DWIDTH 9 0
BBX 7 15 1 -4
BITMAP
C0
C0
C0
C2
CC
CC
D0
F0
CC
CC
C2
00
10
10
20
ENDCHAR
STARTCHAR 0138
ENCODING 312
SWIDTH 613 0
DWIDTH 9 0
BBX 7 8 1 0
BITMAP
C2
CC
CC
D0
F0
CC
CC
C2
ENDCHAR
STARTCHAR 0139
ENCODING 313
SWIDTH 613 0
DWIDTH 9 0
BBX 7 15 1 0
BITMAP
20
20
C0
00
C0
C0
C0
C0
C0
C0
C0
C0
C0
C0
FE
ENDCHAR
STARTCHAR 013A
ENCODING 314
SWIDTH 613 0
DWIDTH 9 0
BBX 7 15 1 0
BITMAP
0C
0C
10
00
F0
F0
10
10
10
10
10
10
10
10
FE
ENDCHAR
STARTCHAR 013B
ENCODING 315
SWIDTH 613 0
DWIDTH 9 0
BBX 7 15 1 -4
BITMAP
C0
C0
C0
C0
C0
C0
C0
C0
C0
C0
FE
00
10
10
20
ENDCHAR
STARTCHAR 013C
ENCODING 316
SWIDTH 613 0
DWIDTH 9 0
BBX 7 15 1 -4
BITMAP
F0
F0
10
10
10
10
10
10
10
10
FE
00
10
10
20
ENDCHAR
STARTCHAR 013D
ENCODING 317
SWIDTH 613 0
DWIDTH 9 0
BBX 7 11 1 0
BITMAP
CC
CC
D0
C0
C0
C0
C0
C0
C0
C0
FE
ENDCHAR
STARTCHAR 013E
ENCODING 318
SWIDTH 613 0
DWIDTH 9 0
BBX 8 11 1 0
BITMAP
F1
F1
12
10
10
10
10
10
10
10
FE
ENDCHAR
STARTCHAR 013F
ENCODING 319
SWIDTH 613 0
DWIDTH 9 0
BBX 7 11 1 0
BITMAP
C0
C0
C0
C0
CC
CC
CC
C0
C0
C0
FE
ENDCHAR
STARTCHAR 0140
ENCODING 320
SWIDTH 613 0
DWIDTH 9 0
BBX 7 11 1 0
BITMAP
F0
F0
10
10
12
12
12
10
10
10
FE
ENDCHAR
STARTCHAR 0141
ENCODING 321
SWIDTH 613 0
DWIDTH 9 0
BBX 8 11 0 0
BITMAP
60
60
66
68
70
70
60
E0
60
60
7F
ENDCHAR
STARTCHAR 0142
ENCODING 322
SWIDTH 613 0
DWIDTH 9 0
BBX 7 11 1 0
BITMAP
F0
F0
12
1C
10
10
30
D0
10
10
FE
ENDCHAR
STARTCHAR 0143
ENCODING 323
SWIDTH 613 0
DWIDTH 9 0
BBX 7 15 1 0
BITMAP
0C
0C
10
00
C2
C2
C2
E2
D2
D2
CE
C2
C2
C2
C2
ENDCHAR
STARTCHAR 0144
ENCODING 324
SWIDTH 613 0
DWIDTH 9 0
BBX 7 12 1 0
BITMAP
0C
10
10
00
DC
E2
E2
C2
C2
C2
C2
C2
ENDCHAR
STARTCHAR 0145
ENCODING 325
SWIDTH 613 0
DWIDTH 9 0
BBX 7 15 1 -4
BITMAP
C2
C2
C2
E2
D2
D2
CE
C2
C2
C2
C2
00
10
10
20
ENDCHAR
STARTCHAR 0146
ENCODING 326
SWIDTH 613 0
DWIDTH 9 0
BBX 7 12 1 -4
BITMAP
DC
E2
E2
C2
C2
C2
C2
C2
00
10
10
20
ENDCHAR
STARTCHAR 0147
ENCODING 327
SWIDTH 613 0
DWIDTH 9 0
BBX 7 15 1 0
BITMAP
2C
2C
10
00
C2
C2
C2
E2
D2
D2
CE
C2
C2
C2
C2
ENDCHAR
STARTCHAR 0148
ENCODING 328
SWIDTH 613 0
DWIDTH 9 0
BBX 7 12 1 0
BITMAP
2C
10
10
00
DC
E2
E2
C2
C2
C2
C2
C2
ENDCHAR
STARTCHAR 014A
ENCODING 330
SWIDTH 613 0
DWIDTH 9 0
BBX 7 14 1 -3
BITMAP
C2
C2
C2
E2
D2
D2
CE
C2
C2
C2
C2
02
0C
0C
ENDCHAR
STARTCHAR 014B
ENCODING 331
SWIDTH 613 0
DWIDTH 9 0
BBX 7 11 1 -3
BITMAP
DC
E2
E2
C2
C2
C2
C2
C2
02
0C
0C
ENDCHAR
STARTCHAR 014C
ENCODING 332
SWIDTH 613 0
DWIDTH 9 0
BBX 7 13 1 0
BITMAP
3C
00
3C
3C
C2
C2
C2
C2
C2
C2
C2
C2
3C
ENDCHAR
STARTCHAR 014D
ENCODING 333
SWIDTH 613 0
DWIDTH 9 0
BBX 7 11 1 0
BITMAP
3C
3C
00
3C
C2
C2
C2
C2
C2
C2
3C
ENDCHAR
STARTCHAR 014E
ENCODING 334
SWIDTH 613 0
DWIDTH 9 0
BBX 7 15 1 0
BITMAP
C2
C2
3C
00
3C
3C
C2
C2
C2
C2
C2
C2
C2
C2
3C
ENDCHAR
STARTCHAR 014F
ENCODING 335
SWIDTH 613 0
DWIDTH 9 0
BBX 7 12 1 0
BITMAP
C2
3C
3C
00
3C
C2
C2
C2
C2
C2
C2
3C
ENDCHAR
STARTCHAR 0150
ENCODING 336
SWIDTH 613 0
DWIDTH 9 0
BBX 7 15 1 0
BITMAP
2C
2C
2C
00
3C
3C
C2
C2
C2
C2
C2
C2
C2
C2
3C
ENDCHAR
STARTCHAR 0151
ENCODING 337
SWIDTH 613 0
DWIDTH 9 0
BBX 7 12 1 0
BITMAP
2C
2C
2C
00
3C
C2
C2
C2
C2
C2
C2
3C
ENDCHAR
STARTCHAR 0152
ENCODING 338
SWIDTH 613 0
DWIDTH 9 0
BBX 9 11 0 0
BITMAP
7F80
7F80
8800
8800
8F00
8F00
8800
8800
8800
8800
7F80
ENDCHAR
STARTCHAR 0153
ENCODING 339
SWIDTH 613 0
DWIDTH 9 0
BBX 9 8 0 0
BITMAP
7700
8880
8880
8F80
8800
8880
8880
7700
ENDCHAR
STARTCHAR 0154
ENCODING 340
SWIDTH 613 0
DWIDTH 9 0
BBX 7 15 1 0
BITMAP
0C
0C
10
00
FC
FC
C2
C2
C2
C2
FC
CC
C2
C2
C2
ENDCHAR
STARTCHAR 0155
ENCODING 341
SWIDTH 613 0
DWIDTH 9 0
BBX 7 12 1 0
BITMAP
0C
10
10
00
EE
30
30
20
20
20
20
FC
ENDCHAR
STARTCHAR 0156
ENCODING 342
SWIDTH 613 0
DWIDTH 9 0
BBX 7 15 1 -4
BITMAP
FC
FC
C2
C2
C2
C2
FC
CC
C2
C2
C2
00
10
10
20
ENDCHAR
STARTCHAR 0157
ENCODING 343
SWIDTH 613 0
DWIDTH 9 0
BBX 7 12 1 -4
BITMAP
EE
30
30
20
20
20
20
FC
00
20
20
C0
ENDCHAR
STARTCHAR 0158
ENCODING 344
SWIDTH 613 0
DWIDTH 9 0
BBX 7 15 1 0
BITMAP
2C
2C
10
00
FC
FC
C2
C2
C2
C2
FC
CC
C2
C2
C2
ENDCHAR
STARTCHAR 0159
ENCODING 345
SWIDTH 613 0
DWIDTH 9 0
BBX 7 12 1 0
BITMAP
2C
10
10
00
EE
30
30
20
20
20
20
FC
ENDCHAR
STARTCHAR 015A
ENCODING 346
SWIDTH 613 0
DWIDTH 9 0
BBX 7 15 1 0
BITMAP
0C
0C
10
00
3C
3C
C2
C0
3C
3C
02
02
C2
C2
3C
ENDCHAR
STARTCHAR 015B
ENCODING 347
SWIDTH 613 0
DWIDTH 9 0
BBX 7 12 1 0
BITMAP
0C
10
10
00
3C
C2
C2
3C
02
C2
C2
3C
ENDCHAR
STARTCHAR 015C
ENCODING 348
SWIDTH 613 0
DWIDTH 9 0
BBX 7 15 1 0
BITMAP
10
10
2C
00
3C
3C
C2
C0
3C
3C
02
02
C2
C2
3C
ENDCHAR
STARTCHAR 015D
ENCODING 349
SWIDTH 613 0
DWIDTH 9 0
BBX 7 12 1 0
BITMAP
10
2C
2C
00
3C
C2
C2
3C
02
C2
C2
3C
ENDCHAR
STARTCHAR 015E
ENCODING 350
SWIDTH 613 0
DWIDTH 9 0
BBX 7 15 1 -4
BITMAP
3C
3C
C2
C0
3C
3C
02
02
C2
C2
3C
10
0C
0C
10
ENDCHAR
STARTCHAR 015F
ENCODING 351
SWIDTH 613 0
DWIDTH 9 0
BBX 7 12 1 -4
BITMAP
3C
C2
C2
3C
02
C2
C2
3C
10
0C
0C
10
ENDCHAR
STARTCHAR 0160
ENCODING 352
SWIDTH 613 0
DWIDTH 9 0
BBX 7 15 1 0
BITMAP
2C
2C
10
00
3C
3C
C2
C0
3C
3C
02
02
C2
C2
3C
ENDCHAR
STARTCHAR 0161
ENCODING 353
SWIDTH 613 0
DWIDTH 9 0
BBX 7 12 1 0
BITMAP
2C
10
10
00
3C
C2
C2
3C
02
C2
C2
3C
ENDCHAR
STARTCHAR 0162
ENCODING 354
SWIDTH 613 0
DWIDTH 9 0
BBX 7 15 1 -4
BITMAP
FE
FE
10
10
10
10
10
10
10
10
10
10
0C
0C
10
ENDCHAR
STARTCHAR 0163
ENCODING 355
SWIDTH 613 0
DWIDTH 9 0
BBX 7 15 1 -4
BITMAP
20
20
20
FE
20
20
20
20
22
22
1C
10
0C
0C
10
ENDCHAR
STARTCHAR 0164
ENCODING 356
SWIDTH 613 0
DWIDTH 9 0
BBX 7 15 1 0
BITMAP
2C
2C
10
00
FE
FE
10
10
10
10
10
10
10
10
10
ENDCHAR
STARTCHAR 0165
ENCODING 357
SWIDTH 613 0
DWIDTH 9 0
BBX 7 12 1 0
BITMAP
02
2C
2C
20
FE
20
20
20
20
22
22
1C
ENDCHAR
STARTCHAR 0166
ENCODING 358
SWIDTH 613 0
DWIDTH 9 0
BBX 7 11 1 0
BITMAP
FE
FE
10
10
3C
3C
10
10
10
10
10
ENDCHAR
STARTCHAR 0167
ENCODING 359
SWIDTH 613 0
DWIDTH 9 0
BBX 7 11 1 0
BITMAP
20
20
20
FE
20
20
FE
20
22
22
1C
ENDCHAR
STARTCHAR 0168
ENCODING 360
SWIDTH 613 0
DWIDTH 9 0
BBX 7 15 1 0
BITMAP
12
12
2C
00
C2
C2
C2
C2
C2
C2
C2
C2
C2
C2
3C
ENDCHAR
STARTCHAR 0169
ENCODING 361
SWIDTH 613 0
DWIDTH 9 0
BBX 7 12 1 0
BITMAP
12
2C
2C
00
C2
C2
C2
C2
C2
CE
CE
32
ENDCHAR
STARTCHAR 016A
ENCODING 362
SWIDTH 613 0
DWIDTH 9 0
BBX 7 13 1 0
BITMAP
3C
00
C2
C2
C2
C2
C2
C2
C2
C2
C2
C2
3C
ENDCHAR
STARTCHAR 016B
ENCODING 363
SWIDTH 613 0
DWIDTH 9 0
BBX 7 11 1 0
BITMAP
3C
3C
00
C2
C2
C2
C2
C2
CE
CE
32
ENDCHAR
STARTCHAR 016C
ENCODING 364
SWIDTH 613 0
DWIDTH 9 0
BBX 7 15 1 0
BITMAP
C2
C2
3C
00
C2
C2
C2
C2
C2
C2
C2
C2
C2
C2
3C
ENDCHAR
STARTCHAR 016D
ENCODING 365
SWIDTH 613 0
DWIDTH 9 0
BBX 7 12 1 0
BITMAP
C2
3C
3C
00
C2
C2
C2
C2
C2
CE
CE
32
ENDCHAR
STARTCHAR 016E
ENCODING 366
SWIDTH 613 0
DWIDTH 9 0
BBX 7 15 1 0
BITMAP
10
10
2C
10
C2
C2
C2
C2
C2
C2
C2
C2
C2
C2
3C
ENDCHAR
STARTCHAR 016F
ENCODING 367
SWIDTH 613 0
DWIDTH 9 0
BBX 7 13 1 0
BITMAP
10
2C
10
10
00
C2
C2
C2
C2
C2
CE
CE
32
ENDCHAR
STARTCHAR 0170
ENCODING 368
SWIDTH 613 0
DWIDTH 9 0
BBX 7 15 1 0
BITMAP
2C
2C
2C
00
C2
C2
C2
C2
C2
C2
C2
C2
C2
C2
3C
ENDCHAR
STARTCHAR 0171
ENCODING 369
SWIDTH 613 0
DWIDTH 9 0
BBX 7 12 1 0
BITMAP
2C
2C
2C
00
C2
C2
C2
C2
C2
CE
CE
32
ENDCHAR
STARTCHAR 0172
ENCODING 370
SWIDTH 613 0
DWIDTH 9 0
BBX 7 15 1 -4
BITMAP
C2
C2
C2
C2
C2
C2
C2
C2
C2
C2
3C
10
20
20
10
ENDCHAR
STARTCHAR 0173
ENCODING 371
SWIDTH 613 0
DWIDTH 9 0
BBX 7 12 1 -4
BITMAP
C2
C2
C2
C2
C2
CE
CE
32
02
0C
0C
02
ENDCHAR
STARTCHAR 0174
ENCODING 372
SWIDTH 613 0
DWIDTH 9 0
BBX 7 15 1 0
BITMAP
10
10
2C
00
C2
C2
C2
C2
D2
D2
D2
2C
2C
2C
2C
ENDCHAR
STARTCHAR 0175
ENCODING 373
SWIDTH 613 0
DWIDTH 9 0
BBX 7 12 1 0
BITMAP
10
2C
2C
00
D2
D2
D2
D2
D2
D2
D2
2E
ENDCHAR
STARTCHAR 0176
ENCODING 374
SWIDTH 613 0
DWIDTH 9 0
BBX 7 15 1 0
BITMAP
10
10
2C
00
C2
C2
C2
C2
2C
2C
10
10
10
10
10
ENDCHAR
STARTCHAR 0177
ENCODING 375
SWIDTH 613 0
DWIDTH 9 0
BBX 7 15 1 -3
BITMAP
10
2C
2C
00
C2
C2
C2
C2
2C
2C
2C
10
10
E0
E0
ENDCHAR
STARTCHAR 0178
ENCODING 376
SWIDTH 613 0
DWIDTH 9 0
BBX 7 13 1 0
BITMAP
2C
00
C2
C2
C2
C2
2C
2C
10
10
10
10
10
ENDCHAR
STARTCHAR 0179
ENCODING 377
SWIDTH 613 0
DWIDTH 9 0
BBX 7 15 1 0
BITMAP
0C
0C
10
00
FE
FE
02
0C
10
10
20
C0
C0
C0
FE
ENDCHAR
STARTCHAR 017A
ENCODING 378
SWIDTH 613 0
DWIDTH 9 0
BBX 7 12 1 0
BITMAP
0C
10
10
00
FE
0C
0C
10
20
C0
C0
FE
ENDCHAR
STARTCHAR 017B
ENCODING 379
SWIDTH 613 0
DWIDTH 9 0
BBX 7 13 1 0
BITMAP
10
00
FE
FE
02
0C
10
10
20
C0
C0
C0
FE
ENDCHAR
STARTCHAR 017C
ENCODING 380
SWIDTH 613 0
DWIDTH 9 0
BBX 7 11 1 0
BITMAP
10
10
00
FE
0C
0C
10
20
C0
C0
FE
ENDCHAR
STARTCHAR 017D
ENCODING 381
SWIDTH 613 0
DWIDTH 9 0
BBX 7 15 1 0
BITMAP
2C
2C
10
00
FE
FE
02
0C
10
10
20
C0
C0
C0
FE
ENDCHAR
STARTCHAR 017E
ENCODING 382
SWIDTH 613 0
DWIDTH 9 0
BBX 7 12 1 0
BITMAP
2C
10
10
00
FE
0C
0C
10
20
C0
C0
FE
ENDCHAR
STARTCHAR 017F
ENCODING 383
SWIDTH 613 0
DWIDTH 9 0
BBX 7 11 1 0
BITMAP
0E
0E
10
10
10
10
10
10
10
10
FE
ENDCHAR
STARTCHAR 0181
ENCODING 385
SWIDTH 613 0
DWIDTH 9 0
BBX 8 11 0 0
BITMAP
FE
FE
61
61
7E
7E
61
61
61
61
7E
ENDCHAR
STARTCHAR 0186
ENCODING 390
SWIDTH 613 0
DWIDTH 9 0
BBX 7 11 1 0
BITMAP
3C
3C
C2
02
02
02
02
02
C2
C2
3C
ENDCHAR
STARTCHAR 0189
ENCODING 393
SWIDTH 613 0
DWIDTH 9 0
BBX 8 11 0 0
BITMAP
7E
7E
61
61
F9
F9
61
61
61
61
7E
ENDCHAR
STARTCHAR 018A
ENCODING 394
SWIDTH 613 0
DWIDTH 9 0
BBX 8 11 0 0
BITMAP
FE
FE
61
61
61
61
61
61
61
61
7E
ENDCHAR
STARTCHAR 018E
ENCODING 398
SWIDTH 613 0
DWIDTH 9 0
BBX 7 11 1 0
BITMAP
FE
FE
02
02
3E
3E
02
02
02
02
FE
ENDCHAR
STARTCHAR 018F
ENCODING 399
SWIDTH 613 0
DWIDTH 9 0
BBX 7 11 1 0
BITMAP
3C
3C
C2
02
02
02
FE
C2
C2
C2
3C
ENDCHAR
STARTCHAR 0190
ENCODING 400
SWIDTH 613 0
DWIDTH 9 0
BBX 7 11 1 0
BITMAP
3C
3C
C2
C0
30
30
C0
C0
C2
C2
3C
ENDCHAR
STARTCHAR 0191
ENCODING 401
SWIDTH 613 0
DWIDTH 9 0
BBX 8 14 0 -3
BITMAP
7F
7F
60
60
7E
7E
60
60
60
60
60
60
80
80
ENDCHAR
STARTCHAR 0192
ENCODING 402
SWIDTH 613 0
DWIDTH 9 0
BBX 8 12 1 -1
BITMAP
0F
0F
10
3F
10
10
10
10
10
10
10
E0
ENDCHAR
STARTCHAR 0193
ENCODING 403
SWIDTH 613 0
DWIDTH 9 0
BBX 8 13 1 0
BITMAP
01
02
3E
3E
C2
C0
C0
C0
CE
C2
C2
C2
3C
ENDCHAR
STARTCHAR 0194
ENCODING 404
SWIDTH 613 0
DWIDTH 9 0
BBX 7 15 1 -4
BITMAP
C2
C2
C2
C2
C2
C2
C2
2C
2C
2C
10
10
2C
2C
10
ENDCHAR
STARTCHAR 0197
ENCODING 407
SWIDTH 613 0
DWIDTH 9 0
BBX 7 11 1 0
BITMAP
FE
FE
10
10
3C
3C
10
10
10
10
FE
ENDCHAR
STARTCHAR 0198
ENCODING 408
SWIDTH 613 0
DWIDTH 9 0
BBX 8 11 1 0
BITMAP
C3
C3
CC
D0
F0
F0
CC
CC
C2
C2
C2
ENDCHAR
STARTCHAR 0199
ENCODING 409
SWIDTH 613 0
DWIDTH 9 0
BBX 7 11 1 0
BITMAP
30
30
C0
C2
CC
CC
D0
F0
CC
CC
C2
ENDCHAR
STARTCHAR 019D
ENCODING 413
SWIDTH 613 0
DWIDTH 9 0
BBX 8 14 0 -3
BITMAP
61
61
61
71
69
69
67
61
61
61
61
60
80
80
ENDCHAR
STARTCHAR 01AF
ENCODING 431
SWIDTH 613 0
DWIDTH 9 0
BBX 8 13 1 0
BITMAP
01
01
C2
C2
C2
C2
C2
C2
C2
C2
C2
C2
3C
ENDCHAR
STARTCHAR 01B0
ENCODING 432
SWIDTH 613 0
DWIDTH 9 0
BBX 8 9 1 0
BITMAP
01
C2
C2
C2
C2
C2
CE
CE
32
ENDCHAR
STARTCHAR 01B2
ENCODING 434
SWIDTH 613 0
DWIDTH 9 0
BBX 7 11 1 0
BITMAP
CC
CC
C2
C2
C2
C2
C2
C2
C2
C2
3C
ENDCHAR
STARTCHAR 01B3
ENCODING 435
SWIDTH 613 0
DWIDTH 9 0
BBX 8 11 1 0
BITMAP
C1
C1
C2
C2
2C
2C
10
10
10
10
10
ENDCHAR
STARTCHAR 01B4
ENCODING 436
SWIDTH 613 0
DWIDTH 9 0
BBX 8 11 1 -3
BITMAP
C1
C2
C2
C2
2C
2C
2C
10
10
E0
E0
ENDCHAR
STARTCHAR 01C0
ENCODING 448
SWIDTH 613 0
DWIDTH 9 0
BBX 1 13 4 -1
BITMAP
80
80
80
80
80
80
80
80
80
80
80
80
80
ENDCHAR
STARTCHAR 01C1
ENCODING 449
SWIDTH 613 0
DWIDTH 9 0
BBX 4 13 3 -1
BITMAP
B0
B0
B0
B0
B0
B0
B0
B0
B0
B0
B0
B0
B0
ENDCHAR
STARTCHAR 01C2
ENCODING 450
SWIDTH 613 0
DWIDTH 9 0
BBX 7 13 1 -1
BITMAP
10
10
10
10
FE
10
10
10
FE
10
10
10
10
ENDCHAR
STARTCHAR 01C3
ENCODING 451
SWIDTH 613 0
DWIDTH 9 0
BBX 1 11 4 0
BITMAP
80
80
80
80
80
80
80
80
00
00
80
ENDCHAR
STARTCHAR 01CD
ENCODING 461
SWIDTH 613 0
DWIDTH 9 0
BBX 7 15 1 0
BITMAP
2C
2C
10
00
10
10
2C
C2
C2
C2
FE
C2
C2
C2
C2
ENDCHAR
STARTCHAR 01CE
ENCODING 462
SWIDTH 613 0
DWIDTH 9 0
BBX 7 12 1 0
BITMAP
2C
10
10
00
3C
02
02
3E
C2
CE
CE
32
ENDCHAR
STARTCHAR 01CF
ENCODING 463
SWIDTH 613 0
DWIDTH 9 0
BBX 7 15 1 0
BITMAP
2C
2C
10
00
FE
FE
10
10
10
10
10
10
10
10
FE
ENDCHAR
STARTCHAR 01D0
ENCODING 464
SWIDTH 613 0
DWIDTH 9 0
BBX 7 12 1 0
BITMAP
2C
10
10
00
F0
10
10
10
10
10
10
FE
ENDCHAR
STARTCHAR 01D1
ENCODING 465
SWIDTH 613 0
DWIDTH 9 0
BBX 7 15 1 0
BITMAP
2C
2C
10
00
3C
3C
C2
C2
C2
C2
C2
C2
C2
C2
3C
ENDCHAR
STARTCHAR 01D2
ENCODING 466
SWIDTH 613 0
DWIDTH 9 0
BBX 7 12 1 0
BITMAP
2C
10
10
00
3C
C2
C2
C2
C2
C2
C2
3C
ENDCHAR
STARTCHAR 01D3
ENCODING 467
SWIDTH 613 0
DWIDTH 9 0
BBX 7 15 1 0
BITMAP
2C
2C
10
00
C2
C2
C2
C2
C2
C2
C2
C2
C2
C2
3C
ENDCHAR
STARTCHAR 01D4
ENCODING 468
SWIDTH 613 0
DWIDTH 9 0
BBX 7 12 1 0
BITMAP
2C
10
10
00
C2
C2
C2
C2
C2
CE
CE
32
ENDCHAR
STARTCHAR 01DD
ENCODING 477
SWIDTH 613 0
DWIDTH 9 0
BBX 7 8 1 0
BITMAP
3C
C2
C2
02
FE
C2
C2
3C
ENDCHAR
STARTCHAR 01E6
ENCODING 486
SWIDTH 613 0
DWIDTH 9 0
BBX 7 15 1 0
BITMAP
2C
2C
10
00
3C
3C
C2
C0
C0
C0
CE
C2
C2
C2
3C
ENDCHAR
STARTCHAR 01E7
ENCODING 487
SWIDTH 613 0
DWIDTH 9 0
BBX 7 15 1 -3
BITMAP
2C
10
10
00
32
CE
CE
C2
C2
CE
CE
32
02
3C
3C
ENDCHAR
STARTCHAR 01EA
ENCODING 490
SWIDTH 613 0
DWIDTH 9 0
BBX 7 15 1 -4
BITMAP
3C
3C
C2
C2
C2
C2
C2
C2
C2
C2
3C
10
20
20
10
ENDCHAR
STARTCHAR 01EB
ENCODING 491
SWIDTH 613 0
DWIDTH 9 0
BBX 7 12 1 -4
BITMAP
3C
C2
C2
C2
C2
C2
C2
3C
10
20
20
10
ENDCHAR
STARTCHAR 01F8
ENCODING 504
SWIDTH 613 0
DWIDTH 9 0
BBX 7 15 1 0
BITMAP
20
20
10
00
C2
C2
C2
E2
D2
D2
CE
C2
C2
C2
C2
ENDCHAR
STARTCHAR 01F9
ENCODING 505
SWIDTH 613 0
DWIDTH 9 0
BBX 7 12 1 0
BITMAP
20
10
10
00
DC
E2
E2
C2
C2
C2
C2
C2
ENDCHAR
STARTCHAR 01FA
ENCODING 506
SWIDTH 613 0
DWIDTH 9 0
BBX 7 15 1 0
BITMAP
1E
1E
2C
10
10
10
2C
C2
C2
C2
FE
C2
C2
C2
C2
ENDCHAR
STARTCHAR 01FB
ENCODING 507
SWIDTH 613 0
DWIDTH 9 0
BBX 7 13 1 0
BITMAP
1E
2C
10
10
00
3C
02
02
3E
C2
CE
CE
32
ENDCHAR
STARTCHAR 01FC
ENCODING 508
SWIDTH 613 0
DWIDTH 9 0
BBX 9 15 0 0
BITMAP
0600
0600
0800
0000
1F80
1F80
6800
8800
8F00
8F00
F800
8800
8800
8800
8F80
ENDCHAR
STARTCHAR 01FD
ENCODING 509
SWIDTH 613 0
DWIDTH 9 0
BBX 9 12 0 0
BITMAP
0600
0800
0800
0000
7700
0880
0880
7F80
8800
8880
8880
7700
ENDCHAR
STARTCHAR 01FE
ENCODING 510
SWIDTH 613 0
DWIDTH 9 0
BBX 9 15 0 0
BITMAP
0600
0600
0800
0000
1E80
1E80
6100
6700
6900
6900
7100
6100
E100
E100
1E00
ENDCHAR
STARTCHAR 01FF
ENCODING 511
SWIDTH 613 0
DWIDTH 9 0
BBX 9 13 0 -1
BITMAP
0600
0800
0800
0000
1E80
6100
6100
6700
6900
7100
7100
7E00
8000
ENDCHAR
STARTCHAR 0218
ENCODING 536
SWIDTH 613 0
DWIDTH 9 0
BBX 7 15 1 -4
BITMAP
3C
3C
C2
C0
3C
3C
02
02
C2
C2
3C
00
10
10
20
ENDCHAR
STARTCHAR 0219
ENCODING 537
SWIDTH 613 0
DWIDTH 9 0
BBX 7 12 1 -4
BITMAP
3C
C2
C2
3C
02
C2
C2
3C
00
10
10
20
ENDCHAR
STARTCHAR 021A
ENCODING 538
SWIDTH 613 0
DWIDTH 9 0
BBX 7 15 1 -4
BITMAP
FE
FE
10
10
10
10
10
10
10
10
10
00
10
10
20
ENDCHAR
STARTCHAR 021B
ENCODING 539
SWIDTH 613 0
DWIDTH 9 0
BBX 7 15 1 -4
BITMAP
20
20
20
FE
20
20
20
20
22
22
1C
00
10
10
20
ENDCHAR
STARTCHAR 021E
ENCODING 542
SWIDTH 613 0
DWIDTH 9 0
BBX 7 15 1 0
BITMAP
2C
2C
10
00
C2
C2
C2
C2
FE
FE
C2
C2
C2
C2
C2
ENDCHAR
STARTCHAR 021F
ENCODING 543
SWIDTH 613 0
DWIDTH 9 0
BBX 8 15 0 0
BITMAP
90
90
60
00
60
60
60
6E
71
71
61
61
61
61
61
ENDCHAR
STARTCHAR 0232
ENCODING 562
SWIDTH 613 0
DWIDTH 9 0
BBX 7 13 1 0
BITMAP
3C
00
C2
C2
C2
C2
2C
2C
10
10
10
10
10
ENDCHAR
STARTCHAR 0233
ENCODING 563
SWIDTH 613 0
DWIDTH 9 0
BBX 7 14 1 -3
BITMAP
3C
3C
00
C2
C2
C2
C2
2C
2C
2C
10
10
E0
E0
ENDCHAR
STARTCHAR 0237
ENCODING 567
SWIDTH 613 0
DWIDTH 9 0
BBX 6 11 1 -3
BITMAP
3C
0C
0C
0C
0C
0C
0C
0C
CC
30
30
ENDCHAR
STARTCHAR 0244
ENCODING 580
SWIDTH 613 0
DWIDTH 9 0
BBX 9 11 0 0
BITMAP
6100
6100
6100
6100
FF80
FF80
6100
6100
6100
6100
1E00
ENDCHAR
STARTCHAR 0253
ENCODING 595
SWIDTH 613 0
DWIDTH 9 0
BBX 7 11 1 0
BITMAP
30
30
C0
DC
E2
E2
C2
C2
E2
E2
DC
ENDCHAR
STARTCHAR 0254
ENCODING 596
SWIDTH 613 0
DWIDTH 9 0
BBX 7 8 1 0
BITMAP
3C
C2
C2
02
02
C2
C2
3C
ENDCHAR
STARTCHAR 0256
ENCODING 598
SWIDTH 613 0
DWIDTH 9 0
BBX 8 14 1 -3
BITMAP
02
02
02
32
CE
CE
C2
C2
CE
CE
32
02
01
01
ENDCHAR
STARTCHAR 0257
ENCODING 599
SWIDTH 613 0
DWIDTH 9 0
BBX 8 11 1 0
BITMAP
01
01
02
32
CE
CE
C2
C2
CE
CE
32
ENDCHAR
STARTCHAR 0259
ENCODING 601
SWIDTH 613 0
DWIDTH 9 0
BBX 7 8 1 0
BITMAP
3C
C2
C2
02
FE
C2
C2
3C
ENDCHAR
STARTCHAR 025B
ENCODING 603
SWIDTH 613 0
DWIDTH 9 0
BBX 7 8 1 0
BITMAP
3C
C2
C2
30
C0
C2
C2
3C
ENDCHAR
STARTCHAR 0260
ENCODING 608
SWIDTH 613 0
DWIDTH 9 0
BBX 8 14 1 -3
BITMAP
01
01
02
32
CE
CE
C2
C2
CE
CE
32
02
3C
3C
ENDCHAR
STARTCHAR 0263
ENCODING 611
SWIDTH 613 0
DWIDTH 9 0
BBX 7 12 1 -4
BITMAP
C2
C2
C2
C2
2C
2C
2C
10
10
2C
2C
10
ENDCHAR
STARTCHAR 0268
ENCODING 616
SWIDTH 613 0
DWIDTH 9 0
BBX 7 11 1 0
BITMAP
10
10
00
F0
10
10
FE
10
10
10
FE
ENDCHAR
STARTCHAR 0272
ENCODING 626
SWIDTH 613 0
DWIDTH 9 0
BBX 8 11 0 -3
BITMAP
6E
71
71
61
61
61
61
61
60
80
80
ENDCHAR
STARTCHAR 027C
ENCODING 636
SWIDTH 613 0
DWIDTH 9 0
BBX 7 11 1 -3
BITMAP
EE
30
30
20
20
20
20
20
20
FC
FC
ENDCHAR
STARTCHAR 0289
ENCODING 649
SWIDTH 613 0
DWIDTH 9 0
BBX 9 8 0 0
BITMAP
6100
6100
6100
FF80
6100
6700
6700
1900
ENDCHAR
STARTCHAR 028B
ENCODING 651
SWIDTH 613 0
DWIDTH 9 0
BBX 7 8 1 0
BITMAP
CC
C2
C2
C2
C2
C2
C2
3C
ENDCHAR
STARTCHAR 0294
ENCODING 660
SWIDTH 613 0
DWIDTH 9 0
BBX 7 11 1 0
BITMAP
3C
3C
C2
02
0C
0C
10
10
10
10
10
ENDCHAR
STARTCHAR 02BB
ENCODING 699
SWIDTH 613 0
DWIDTH 9 0
BBX 3 4 4 7
BITMAP
60
60
80
80
ENDCHAR
STARTCHAR 02BC
ENCODING 700
SWIDTH 613 0
DWIDTH 9 0
BBX 2 4 3 7
BITMAP
40
40
40
80
ENDCHAR
STARTCHAR 02C6
ENCODING 710
SWIDTH 613 0
DWIDTH 9 0
BBX 4 3 3 9
BITMAP
40
B0
B0
ENDCHAR
STARTCHAR 02C7
ENCODING 711
SWIDTH 613 0
DWIDTH 9 0
BBX 4 3 3 9
BITMAP
B0
40
40
ENDCHAR
STARTCHAR 02D8
ENCODING 728
SWIDTH 613 0
DWIDTH 9 0
BBX 7 3 1 9
BITMAP
C2
3C
3C
ENDCHAR
STARTCHAR 02D9
ENCODING 729
SWIDTH 613 0
DWIDTH 9 0
BBX 1 2 4 9
BITMAP
80
80
ENDCHAR
STARTCHAR 02DA
ENCODING 730
SWIDTH 613 0
DWIDTH 9 0
BBX 4 4 3 9
BITMAP
40
B0
40
40
ENDCHAR
STARTCHAR 02DB
ENCODING 731
SWIDTH 613 0
DWIDTH 9 0
BBX 2 4 3 -4
BITMAP
40
80
80
40
ENDCHAR
STARTCHAR 02DC
ENCODING 732
SWIDTH 613 0
DWIDTH 9 0
BBX 5 3 3 9
BITMAP
48
B0
B0
ENDCHAR
STARTCHAR 02DD
ENCODING 733
SWIDTH 613 0
DWIDTH 9 0
BBX 4 3 3 9
BITMAP
B0
B0
B0
ENDCHAR
STARTCHAR 0300
ENCODING 768
SWIDTH 613 0
DWIDTH 9 0
BBX 2 3 3 9
BITMAP
80
40
40
ENDCHAR
STARTCHAR 0301
ENCODING 769
SWIDTH 613 0
DWIDTH 9 0
BBX 3 3 4 9
BITMAP
60
80
80
ENDCHAR
STARTCHAR 0302
ENCODING 770
SWIDTH 613 0
DWIDTH 9 0
BBX 4 3 3 9
BITMAP
40
B0
B0
ENDCHAR
STARTCHAR 0303
ENCODING 771
SWIDTH 613 0
DWIDTH 9 0
BBX 5 3 3 9
BITMAP
48
B0
B0
ENDCHAR
STARTCHAR 0304
ENCODING 772
SWIDTH 613 0
DWIDTH 9 0
BBX 4 2 3 9
BITMAP
F0
F0
ENDCHAR
STARTCHAR 0306
ENCODING 774
SWIDTH 613 0
DWIDTH 9 0
BBX 7 3 1 9
BITMAP
C2
3C
3C
ENDCHAR
STARTCHAR 0307
ENCODING 775
SWIDTH 613 0
DWIDTH 9 0
BBX 1 2 4 9
BITMAP
80
80
ENDCHAR
STARTCHAR 0308
ENCODING 776
SWIDTH 613 0
DWIDTH 9 0
BBX 4 2 3 9
BITMAP
B0
B0
ENDCHAR
STARTCHAR 030A
ENCODING 778
SWIDTH 613 0
DWIDTH 9 0
BBX 4 4 3 9
BITMAP
40
B0
40
40
ENDCHAR
STARTCHAR 030B
ENCODING 779
SWIDTH 613 0
DWIDTH 9 0
BBX 4 3 3 9
BITMAP
B0
B0
B0
ENDCHAR
STARTCHAR 030C
ENCODING 780
SWIDTH 613 0
DWIDTH 9 0
BBX 4 3 3 9
BITMAP
B0
40
40
ENDCHAR
STARTCHAR 0312
ENCODING 786
SWIDTH 613 0
DWIDTH 9 0
BBX 3 3 4 9
BITMAP
60
80
80
ENDCHAR
STARTCHAR 0323
ENCODING 803
SWIDTH 613 0
DWIDTH 9 0
BBX 1 2 4 -3
BITMAP
80
80
ENDCHAR
STARTCHAR 0326
ENCODING 806
SWIDTH 613 0
DWIDTH 9 0
BBX 2 3 3 -4
BITMAP
40
40
80
ENDCHAR
STARTCHAR 0327
ENCODING 807
SWIDTH 613 0
DWIDTH 9 0
BBX 3 4 4 -4
BITMAP
80
60
60
80
ENDCHAR
STARTCHAR 0328
ENCODING 808
SWIDTH 613 0
DWIDTH 9 0
BBX 2 4 3 -4
BITMAP
40
80
80
40
ENDCHAR
STARTCHAR 032E
ENCODING 814
SWIDTH 613 0
DWIDTH 9 0
BBX 7 3 1 -4
BITMAP
C2
C2
3C
ENDCHAR
STARTCHAR 037A
ENCODING 890
SWIDTH 613 0
DWIDTH 9 0
BBX 4 4 4 -4
BITMAP
80
80
80
70
ENDCHAR
STARTCHAR 0384
ENCODING 900
SWIDTH 613 0
DWIDTH 9 0
BBX 3 3 4 9
BITMAP
60
80
80
ENDCHAR
STARTCHAR 0385
ENCODING 901
SWIDTH 613 0
DWIDTH 9 0
BBX 7 4 1 9
BITMAP
0C
10
C2
C2
ENDCHAR
STARTCHAR 0386
ENCODING 902
SWIDTH 613 0
DWIDTH 9 0
BBX 7 13 1 0
BITMAP
20
C0
10
10
2C
C2
C2
C2
FE
C2
C2
C2
C2
ENDCHAR
STARTCHAR 0388
ENCODING 904
SWIDTH 613 0
DWIDTH 9 0
BBX 8 13 0 0
BITMAP
60
80
7F
7F
60
60
7E
7E
60
60
60
60
7F
ENDCHAR
STARTCHAR 0389
ENCODING 905
SWIDTH 613 0
DWIDTH 9 0
BBX 8 13 0 0
BITMAP
60
80
61
61
61
61
7F
7F
61
61
61
61
61
ENDCHAR
STARTCHAR 038A
ENCODING 906
SWIDTH 613 0
DWIDTH 9 0
BBX 8 13 0 0
BITMAP
60
80
7F
7F
08
08
08
08
08
08
08
08
7F
ENDCHAR
STARTCHAR 038C
ENCODING 908
SWIDTH 613 0
DWIDTH 9 0
BBX 8 13 0 0
BITMAP
60
80
1E
1E
61
61
61
61
61
61
61
61
1E
ENDCHAR
STARTCHAR 038E
ENCODING 910
SWIDTH 613 0
DWIDTH 9 0
BBX 8 13 0 0
BITMAP
60
80
61
61
61
61
16
16
08
08
08
08
08
ENDCHAR
STARTCHAR 038F
ENCODING 911
SWIDTH 613 0
DWIDTH 9 0
BBX 8 13 0 0
BITMAP
60
80
1E
1E
61
61
61
61
61
61
16
16
77
ENDCHAR
STARTCHAR 0390
ENCODING 912
SWIDTH 613 0
DWIDTH 9 0
BBX 7 13 1 0
BITMAP
0C
10
C2
C2
00
F0
10
10
10
10
10
10
0E
ENDCHAR
STARTCHAR 0391
ENCODING 913
SWIDTH 613 0
DWIDTH 9 0
BBX 7 11 1 0
BITMAP
10
10
2C
C2
C2
C2
FE
C2
C2
C2
C2
ENDCHAR
STARTCHAR 0392
ENCODING 914
SWIDTH 613 0
DWIDTH 9 0
BBX 7 11 1 0
BITMAP
FC
FC
C2
C2
FC
FC
C2
C2
C2
C2
FC
ENDCHAR
STARTCHAR 0393
ENCODING 915
SWIDTH 613 0
DWIDTH 9 0
BBX 7 11 1 0
BITMAP
FE
FE
C2
C0
C0
C0
C0
C0
C0
C0
C0
ENDCHAR
STARTCHAR 0394
ENCODING 916
SWIDTH 613 0
DWIDTH 9 0
BBX 7 11 1 0
BITMAP
10
10
10
2C
2C
2C
2C
C2
C2
C2
FE
ENDCHAR
STARTCHAR 0395
ENCODING 917
SWIDTH 613 0
DWIDTH 9 0
BBX 7 11 1 0
BITMAP
FE
FE
C0
C0
FC
FC
C0
C0
C0
C0
FE
ENDCHAR
STARTCHAR 0396
ENCODING 918
SWIDTH 613 0
DWIDTH 9 0
BBX 7 11 1 0
BITMAP
FE
FE
02
0C
10
10
20
C0
C0
C0
FE
ENDCHAR
STARTCHAR 0397
ENCODING 919
SWIDTH 613 0
DWIDTH 9 0
BBX 7 11 1 0
BITMAP
C2
C2
C2
C2
FE
FE
C2
C2
C2
C2
C2
ENDCHAR
STARTCHAR 0398
ENCODING 920
SWIDTH 613 0
DWIDTH 9 0
BBX 7 11 1 0
BITMAP
3C
3C
C2
C2
FE
FE
C2
C2
C2
C2
3C
ENDCHAR
STARTCHAR 0399
ENCODING 921
SWIDTH 613 0
DWIDTH 9 0
BBX 7 11 1 0
BITMAP
FE
FE
10
10
10
10
10
10
10
10
FE
ENDCHAR
STARTCHAR 039A
ENCODING 922
SWIDTH 613 0
DWIDTH 9 0
BBX 7 11 1 0
BITMAP
C2
C2
CC
D0
F0
F0
CC
CC
C2
C2
C2
ENDCHAR
STARTCHAR 039B
ENCODING 923
SWIDTH 613 0
DWIDTH 9 0
BBX 7 11 1 0
BITMAP
10
10
10
2C
2C
2C
C2
C2
C2
C2
C2
ENDCHAR
STARTCHAR 039C
ENCODING 924
SWIDTH 613 0
DWIDTH 9 0
BBX 7 11 1 0
BITMAP
C2
C2
C2
EE
D2
D2
D2
C2
C2
C2
C2
ENDCHAR
STARTCHAR 039D
ENCODING 925
SWIDTH 613 0
DWIDTH 9 0
BBX 7 11 1 0
BITMAP
C2
C2
C2
E2
D2
D2
CE
C2
C2
C2
C2
ENDCHAR
STARTCHAR 039E
ENCODING 926
SWIDTH 613 0
DWIDTH 9 0
BBX 7 11 1 0
BITMAP
FE
FE
00
00
3C
3C
00
00
00
00
FE
ENDCHAR
STARTCHAR 039F
ENCODING 927
SWIDTH 613 0
DWIDTH 9 0
BBX 7 11 1 0
BITMAP
3C
3C
C2
C2
C2
C2
C2
C2
C2
C2
3C
ENDCHAR
STARTCHAR 03A0
ENCODING 928
SWIDTH 613 0
DWIDTH 9 0
BBX 7 11 1 0
BITMAP
FE
FE
C2
C2
C2
C2
C2
C2
C2
C2
C2
ENDCHAR
STARTCHAR 03A1
ENCODING 929
SWIDTH 613 0
DWIDTH 9 0
BBX 7 11 1 0
BITMAP
FC
FC
C2
C2
C2
C2
FC
C0
C0
C0
C0
ENDCHAR
STARTCHAR 03A3
ENCODING 931
SWIDTH 613 0
DWIDTH 9 0
BBX 7 11 1 0
BITMAP
FE
FE
C2
20
10
10
20
C0
C2
C2
FE
ENDCHAR
STARTCHAR 03A4
ENCODING 932
SWIDTH 613 0
DWIDTH 9 0
BBX 7 11 1 0
BITMAP
FE
FE
10
10
10
10
10
10
10
10
10
ENDCHAR
STARTCHAR 03A5
ENCODING 933
SWIDTH 613 0
DWIDTH 9 0
BBX 7 11 1 0
BITMAP
C2
C2
C2
C2
2C
2C
10
10
10
10
10
ENDCHAR
STARTCHAR 03A6
ENCODING 934
SWIDTH 613 0
DWIDTH 9 0
BBX 7 11 1 0
BITMAP
10
10
3C
D2
D2
D2
D2
D2
3C
3C
10
ENDCHAR
STARTCHAR 03A7
ENCODING 935
SWIDTH 613 0
DWIDTH 9 0
BBX 7 11 1 0
BITMAP
C2
C2
C2
2C
10
10
2C
C2
C2
C2
C2
ENDCHAR
STARTCHAR 03A8
ENCODING 936
SWIDTH 613 0
DWIDTH 9 0
BBX 7 11 1 0
BITMAP
D2
D2
D2
D2
D2
D2
D2
3C
10
10
10
ENDCHAR
STARTCHAR 03A9
ENCODING 937
SWIDTH 613 0
DWIDTH 9 0
BBX 7 11 1 0
BITMAP
3C
3C
C2
C2
C2
C2
C2
C2
2C
2C
EE
ENDCHAR
STARTCHAR 03AA
ENCODING 938
SWIDTH 613 0
DWIDTH 9 0
BBX 7 13 1 0
BITMAP
2C
00
FE
FE
10
10
10
10
10
10
10
10
FE
ENDCHAR
STARTCHAR 03AB
ENCODING 939
SWIDTH 613 0
DWIDTH 9 0
BBX 7 13 1 0
BITMAP
2C
00
C2
C2
C2
C2
2C
2C
10
10
10
10
10
ENDCHAR
STARTCHAR 03AC
ENCODING 940
SWIDTH 613 0
DWIDTH 9 0
BBX 7 12 1 0
BITMAP
0C
10
10
00
32
CE
CE
CC
CC
CE
CE
32
ENDCHAR
STARTCHAR 03AD
ENCODING 941
SWIDTH 613 0
DWIDTH 9 0
BBX 7 12 1 0
BITMAP
0C
10
10
00
3C
C2
C2
30
C0
C2
C2
3C
ENDCHAR
STARTCHAR 03AE
ENCODING 942
SWIDTH 613 0
DWIDTH 9 0
BBX 7 15 1 -3
BITMAP
0C
10
10
00
DC
E2
E2
C2
C2
C2
C2
C2
02
02
02
ENDCHAR
STARTCHAR 03AF
ENCODING 943
SWIDTH 613 0
DWIDTH 9 0
BBX 7 12 1 0
BITMAP
0C
10
10
00
F0
10
10
10
10
10
10
0E
ENDCHAR
STARTCHAR 03B0
ENCODING 944
SWIDTH 613 0
DWIDTH 9 0
BBX 7 13 1 0
BITMAP
0C
10
C2
C2
00
CC
C2
C2
C2
C2
C2
C2
3C
ENDCHAR
STARTCHAR 03B1
ENCODING 945
SWIDTH 613 0
DWIDTH 9 0
BBX 7 8 1 0
BITMAP
32
CE
CE
CC
CC
CE
CE
32
ENDCHAR
STARTCHAR 03B2
ENCODING 946
SWIDTH 613 0
DWIDTH 9 0
BBX 7 14 1 -3
BITMAP
3C
3C
C2
C2
DC
DC
C2
C2
E2
E2
DC
C0
C0
C0
ENDCHAR
STARTCHAR 03B3
ENCODING 947
SWIDTH 613 0
DWIDTH 9 0
BBX 7 11 1 -3
BITMAP
C2
C2
C2
C2
2C
2C
2C
10
10
10
10
ENDCHAR
STARTCHAR 03B4
ENCODING 948
SWIDTH 613 0
DWIDTH 9 0
BBX 7 11 1 0
BITMAP
FE
FE
20
10
2C
2C
C2
C2
C2
C2
3C
ENDCHAR
STARTCHAR 03B5
ENCODING 949
SWIDTH 613 0
DWIDTH 9 0
BBX 7 8 1 0
BITMAP
3C
C2
C2
30
C0
C2
C2
3C
ENDCHAR
STARTCHAR 03B6
ENCODING 950
SWIDTH 613 0
DWIDTH 9 0
BBX 7 14 1 -3
BITMAP
3E
3E
0C
10
20
20
20
C0
C0
C0
3C
02
0C
0C
ENDCHAR
STARTCHAR 03B7
ENCODING 951
SWIDTH 613 0
DWIDTH 9 0
BBX 7 11 1 -3
BITMAP
DC
E2
E2
C2
C2
C2
C2
C2
02
02
02
ENDCHAR
STARTCHAR 03B8
ENCODING 952
SWIDTH 613 0
DWIDTH 9 0
BBX 7 11 1 0
BITMAP
3C
3C
C2
C2
FE
FE
C2
C2
C2
C2
3C
ENDCHAR
STARTCHAR 03B9
ENCODING 953
SWIDTH 613 0
DWIDTH 9 0
BBX 7 8 1 0
BITMAP
F0
10
10
10
10
10
10
0E
ENDCHAR
STARTCHAR 03BA
ENCODING 954
SWIDTH 613 0
DWIDTH 9 0
BBX 7 8 1 0
BITMAP
C2
CC
CC
D0
F0
CC
CC
C2
ENDCHAR
STARTCHAR 03BB
ENCODING 955
SWIDTH 613 0
DWIDTH 9 0
BBX 7 11 1 0
BITMAP
E0
E0
10
10
2C
2C
2C
C2
C2
C2
C2
ENDCHAR
STARTCHAR 03BC
ENCODING 956
SWIDTH 613 0
DWIDTH 9 0
BBX 7 11 1 -3
BITMAP
C2
C2
C2
C2
C2
CE
CE
F2
C0
C0
C0
ENDCHAR
STARTCHAR 03BD
ENCODING 957
SWIDTH 613 0
DWIDTH 9 0
BBX 7 8 1 0
BITMAP
C2
C2
C2
C2
2C
2C
2C
10
ENDCHAR
STARTCHAR 03BE
ENCODING 958
SWIDTH 613 0
DWIDTH 9 0
BBX 7 14 1 -3
BITMAP
3C
3C
C2
C0
30
30
C0
C0
C0
C0
3C
02
0C
0C
ENDCHAR
STARTCHAR 03BF
ENCODING 959
SWIDTH 613 0
DWIDTH 9 0
BBX 7 8 1 0
BITMAP
3C
C2
C2
C2
C2
C2
C2
3C
ENDCHAR
STARTCHAR 03C0
ENCODING 960
SWIDTH 613 0
DWIDTH 9 0
BBX 8 8 0 0
BITMAP
FF
66
66
66
66
66
66
61
ENDCHAR
STARTCHAR 03C1
ENCODING 961
SWIDTH 613 0
DWIDTH 9 0
BBX 7 11 1 -3
BITMAP
3C
C2
C2
C2
C2
E2
E2
DC
C0
C0
C0
ENDCHAR
STARTCHAR 03C2
ENCODING 962
SWIDTH 613 0
DWIDTH 9 0
BBX 7 11 1 -3
BITMAP
3C
C2
C2
C0
C0
C0
C0
3C
02
0C
0C
ENDCHAR
STARTCHAR 03C3
ENCODING 963
SWIDTH 613 0
DWIDTH 9 0
BBX 8 8 1 0
BITMAP
3F
C2
C2
C2
C2
C2
C2
3C
ENDCHAR
STARTCHAR 03C4
ENCODING 964
SWIDTH 613 0
DWIDTH 9 0
BBX 7 8 1 0
BITMAP
FE
10
10
10
10
10
10
0C
ENDCHAR
STARTCHAR 03C5
ENCODING 965
SWIDTH 613 0
DWIDTH 9 0
BBX 7 8 1 0
BITMAP
CC
C2
C2
C2
C2
C2
C2
3C
ENDCHAR
STARTCHAR 03C6
ENCODING 966
SWIDTH 613 0
DWIDTH 9 0
BBX 7 11 1 -3
BITMAP
1C
D2
D2
D2
D2
D2
D2
3C
10
10
10
ENDCHAR
STARTCHAR 03C7
ENCODING 967
SWIDTH 613 0
DWIDTH 9 0
BBX 7 11 1 -3
BITMAP
C2
C2
C2
2C
10
2C
2C
C2
C2
C2
C2
ENDCHAR
STARTCHAR 03C8
ENCODING 968
SWIDTH 613 0
DWIDTH 9 0
BBX 7 11 1 -3
BITMAP
D2
D2
D2
D2
D2
D2
D2
3C
10
10
10
ENDCHAR
STARTCHAR 03C9
ENCODING 969
SWIDTH 613 0
DWIDTH 9 0
BBX 7 8 1 0
BITMAP
2C
C2
C2
D2
D2
D2
D2
2C
ENDCHAR
STARTCHAR 03CA
ENCODING 970
SWIDTH 613 0
DWIDTH 9 0
BBX 7 11 1 0
BITMAP
2C
2C
00
F0
10
10
10
10
10
10
0E
ENDCHAR
STARTCHAR 03CB
ENCODING 971
SWIDTH 613 0
DWIDTH 9 0
BBX 7 11 1 0
BITMAP
2C
2C
00
CC
C2
C2
C2
C2
C2
C2
3C
ENDCHAR
STARTCHAR 03CC
ENCODING 972
SWIDTH 613 0
DWIDTH 9 0
BBX 7 12 1 0
BITMAP
0C
10
10
00
3C
C2
C2
C2
C2
C2
C2
3C
ENDCHAR
STARTCHAR 03CD
ENCODING 973
SWIDTH 613 0
DWIDTH 9 0
BBX 7 12 1 0
BITMAP
0C
10
10
00
CC
C2
C2
C2
C2
C2
C2
3C
ENDCHAR
STARTCHAR 03CE
ENCODING 974
SWIDTH 613 0
DWIDTH 9 0
BBX 7 12 1 0
BITMAP
0C
10
10
00
2C
C2
C2
D2
D2
D2
D2
2C
ENDCHAR
STARTCHAR 0400
ENCODING 1024
SWIDTH 613 0
DWIDTH 9 0
BBX 7 15 1 0
BITMAP
20
20
10
00
FE
FE
C0
C0
FC
FC
C0
C0
C0
C0
FE
ENDCHAR
STARTCHAR 0401
ENCODING 1025
SWIDTH 613 0
DWIDTH 9 0
BBX 7 13 1 0
BITMAP
2C
00
FE
FE
C0
C0
FC
FC
C0
C0
C0
C0
FE
ENDCHAR
STARTCHAR 0402
ENCODING 1026
SWIDTH 613 0
DWIDTH 9 0
BBX 8 11 0 0
BITMAP
F8
F8
60
60
6E
6E
71
61
61
61
6E
ENDCHAR
STARTCHAR 0403
ENCODING 1027
SWIDTH 613 0
DWIDTH 9 0
BBX 7 15 1 0
BITMAP
0C
0C
10
00
FE
FE
22
20
20
20
20
20
20
20
F0
ENDCHAR
STARTCHAR 0404
ENCODING 1028
SWIDTH 613 0
DWIDTH 9 0
BBX 7 11 1 0
BITMAP
3C
3C
C2
C0
F0
F0
C0
C0
C2
C2
3C
ENDCHAR
STARTCHAR 0405
ENCODING 1029
SWIDTH 613 0
DWIDTH 9 0
BBX 7 11 1 0
BITMAP
3C
3C
C2
C0
3C
3C
02
02
C2
C2
3C
ENDCHAR
STARTCHAR 0406
ENCODING 1030
SWIDTH 613 0
DWIDTH 9 0
BBX 7 11 1 0
BITMAP
FE
FE
10
10
10
10
10
10
10
10
FE
ENDCHAR
STARTCHAR 0407
ENCODING 1031
SWIDTH 613 0
DWIDTH 9 0
BBX 7 13 1 0
BITMAP
2C
00
FE
FE
10
10
10
10
10
10
10
10
FE
ENDCHAR
STARTCHAR 0408
ENCODING 1032
SWIDTH 613 0
DWIDTH 9 0
BBX 7 11 1 0
BITMAP
1E
1E
02
02
02
02
02
02
C2
C2
3C
ENDCHAR
STARTCHAR 0409
ENCODING 1033
SWIDTH 613 0
DWIDTH 9 0
BBX 9 11 0 0
BITMAP
7800
7800
6800
6800
6F00
6F00
6880
8880
8880
8880
8F00
ENDCHAR
STARTCHAR 040A
ENCODING 1034
SWIDTH 613 0
DWIDTH 9 0
BBX 9 11 0 0
BITMAP
8800
8800
8800
8800
FF00
FF00
8880
8880
8880
8880
8F00
ENDCHAR
STARTCHAR 040B
ENCODING 1035
SWIDTH 613 0
DWIDTH 9 0
BBX 8 11 0 0
BITMAP
F8
F8
60
60
6E
6E
71
61
61
61
61
ENDCHAR
STARTCHAR 040C
ENCODING 1036
SWIDTH 613 0
DWIDTH 9 0
BBX 7 15 1 0
BITMAP
0C
0C
10
00
C2
C2
CC
CC
F0
F0
CC
CC
C2
C2
C2
ENDCHAR
STARTCHAR 040D
ENCODING 1037
SWIDTH 613 0
DWIDTH 9 0
BBX 7 15 1 0
BITMAP
20
20
10
00
C2
C2
C2
CE
D2
D2
E2
C2
C2
C2
C2
ENDCHAR
STARTCHAR 040E
ENCODING 1038
SWIDTH 613 0
DWIDTH 9 0
BBX 7 15 1 0
BITMAP
C2
C2
3C
00
C2
C2
C2
C2
2C
2C
2C
10
10
10
E0
ENDCHAR
STARTCHAR 040F
ENCODING 1039
SWIDTH 613 0
DWIDTH 9 0
BBX 7 14 1 -3
BITMAP
C2
C2
C2
C2
C2
C2
C2
C2
C2
C2
FE
10
10
10
ENDCHAR
STARTCHAR 0410
ENCODING 1040
SWIDTH 613 0
DWIDTH 9 0
BBX 7 11 1 0
BITMAP
10
10
2C
C2
C2
C2
FE
C2
C2
C2
C2
ENDCHAR
STARTCHAR 0411
ENCODING 1041
SWIDTH 613 0
DWIDTH 9 0
BBX 7 11 1 0
BITMAP
FC
FC
C0
C0
FC
FC
C2
C2
C2
C2
FC
ENDCHAR
STARTCHAR 0412
ENCODING 1042
SWIDTH 613 0
DWIDTH 9 0
BBX 7 11 1 0
BITMAP
FC
FC
C2
C2
FC
FC
C2
C2
C2
C2
FC
ENDCHAR
STARTCHAR 0413
ENCODING 1043
SWIDTH 613 0
DWIDTH 9 0
BBX 7 11 1 0
BITMAP
FE
FE
22
20
20
20
20
20
20
20
F0
ENDCHAR
STARTCHAR 0414
ENCODING 1044
SWIDTH 613 0
DWIDTH 9 0
BBX 9 14 0 -3
BITMAP
1F00
1F00
1100
1100
1100
1100
1100
6100
6100
6100
FF80
8080
8080
8080
ENDCHAR
STARTCHAR 0415
ENCODING 1045
SWIDTH 613 0
DWIDTH 9 0
BBX 7 11 1 0
BITMAP
FE
FE
C0
C0
FC
FC
C0
C0
C0
C0
FE
ENDCHAR
STARTCHAR 0416
ENCODING 1046
SWIDTH 613 0
DWIDTH 9 0
BBX 9 11 0 0
BITMAP
8880
8880
6900
6900
1E00
1E00
6900
6900
6900
6900
8880
ENDCHAR
STARTCHAR 0417
ENCODING 1047
SWIDTH 613 0
DWIDTH 9 0
BBX 7 11 1 0
BITMAP
3C
3C
C2
02
1C
1C
02
02
C2
C2
3C
ENDCHAR
STARTCHAR 0418
ENCODING 1048
SWIDTH 613 0
DWIDTH 9 0
BBX 7 11 1 0
BITMAP
C2
C2
C2
CE
D2
D2
E2
C2
C2
C2
C2
ENDCHAR
STARTCHAR 0419
ENCODING 1049
SWIDTH 613 0
DWIDTH 9 0
BBX 7 15 1 0
BITMAP
C2
C2
3C
00
C2
C2
C2
CE
D2
D2
E2
C2
C2
C2
C2
ENDCHAR
STARTCHAR 041A
ENCODING 1050
SWIDTH 613 0
DWIDTH 9 0
BBX 7 11 1 0
BITMAP
C2
C2
CC
CC
F0
F0
CC
CC
C2
C2
C2
ENDCHAR
STARTCHAR 041B
ENCODING 1051
SWIDTH 613 0
DWIDTH 9 0
BBX 7 11 1 0
BITMAP
3E
3E
22
22
22
22
22
C2
C2
C2
C2
ENDCHAR
STARTCHAR 041C
ENCODING 1052
SWIDTH 613 0
DWIDTH 9 0
BBX 7 11 1 0
BITMAP
C2
C2
C2
EE
D2
D2
D2
C2
C2
C2
C2
ENDCHAR
STARTCHAR 041D
ENCODING 1053
SWIDTH 613 0
DWIDTH 9 0
BBX 7 11 1 0
BITMAP
C2
C2
C2
C2
FE
FE
C2
C2
C2
C2
C2
ENDCHAR
STARTCHAR 041E
ENCODING 1054
SWIDTH 613 0
DWIDTH 9 0
BBX 7 11 1 0
BITMAP
3C
3C
C2
C2
C2
C2
C2
C2
C2
C2
3C
ENDCHAR
STARTCHAR 041F
ENCODING 1055
SWIDTH 613 0
DWIDTH 9 0
BBX 7 11 1 0
BITMAP
FE
FE
C2
C2
C2
C2
C2
C2
C2
C2
C2
ENDCHAR
STARTCHAR 0420
ENCODING 1056
SWIDTH 613 0
DWIDTH 9 0
BBX 7 11 1 0
BITMAP
FC
FC
C2
C2
C2
C2
FC
C0
C0
C0
C0
ENDCHAR
STARTCHAR 0421
ENCODING 1057
SWIDTH 613 0
DWIDTH 9 0
BBX 7 11 1 0
BITMAP
3C
3C
C2
C0
C0
C0
C0
C0
C2
C2
3C
ENDCHAR
STARTCHAR 0422
ENCODING 1058
SWIDTH 613 0
DWIDTH 9 0
BBX 7 11 1 0
BITMAP
FE
FE
10
10
10
10
10
10
10
10
10
ENDCHAR
STARTCHAR 0423
ENCODING 1059
SWIDTH 613 0
DWIDTH 9 0
BBX 7 11 1 0
BITMAP
C2
C2
C2
C2
2C
2C
2C
10
10
10
E0
ENDCHAR
STARTCHAR 0424
ENCODING 1060
SWIDTH 613 0
DWIDTH 9 0
BBX 7 11 1 0
BITMAP
10
10
3C
D2
D2
D2
D2
D2
3C
3C
10
ENDCHAR
STARTCHAR 0425
ENCODING 1061
SWIDTH 613 0
DWIDTH 9 0
BBX 7 11 1 0
BITMAP
C2
C2
C2
2C
10
10
2C
C2
C2
C2
C2
ENDCHAR
STARTCHAR 0426
ENCODING 1062
SWIDTH 613 0
DWIDTH 9 0
BBX 8 14 1 -3
BITMAP
C2
C2
C2
C2
C2
C2
C2
C2
C2
C2
FF
01
01
01
ENDCHAR
STARTCHAR 0427
ENCODING 1063
SWIDTH 613 0
DWIDTH 9 0
BBX 7 11 1 0
BITMAP
C2
C2
C2
C2
CE
CE
32
02
02
02
02
ENDCHAR
STARTCHAR 0428
ENCODING 1064
SWIDTH 613 0
DWIDTH 9 0
BBX 7 11 1 0
BITMAP
D2
D2
D2
D2
D2
D2
D2
D2
D2
D2
FE
ENDCHAR
STARTCHAR 0429
ENCODING 1065
SWIDTH 613 0
DWIDTH 9 0
BBX 8 14 1 -3
BITMAP
D2
D2
D2
D2
D2
D2
D2
D2
D2
D2
FF
01
01
01
ENDCHAR
STARTCHAR 042A
ENCODING 1066
SWIDTH 613 0
DWIDTH 9 0
BBX 8 11 0 0
BITMAP
E0
E0
60
60
7E
7E
61
61
61
61
7E
ENDCHAR
STARTCHAR 042B
ENCODING 1067
SWIDTH 613 0
DWIDTH 9 0
BBX 7 11 1 0
BITMAP
C2
C2
C2
C2
E2
E2
D2
D2
D2
D2
E2
ENDCHAR
STARTCHAR 042C
ENCODING 1068
SWIDTH 613 0
DWIDTH 9 0
BBX 7 11 1 0
BITMAP
C0
C0
C0
C0
FC
FC
C2
C2
C2
C2
FC
ENDCHAR
STARTCHAR 042D
ENCODING 1069
SWIDTH 613 0
DWIDTH 9 0
BBX 7 11 1 0
BITMAP
3C
3C
C2
02
1E
1E
02
02
C2
C2
3C
ENDCHAR
STARTCHAR 042E
ENCODING 1070
SWIDTH 613 0
DWIDTH 9 0
BBX 8 11 1 0
BITMAP
CE
CE
D1
D1
F1
F1
D1
D1
D1
D1
CE
ENDCHAR
STARTCHAR 042F
ENCODING 1071
SWIDTH 613 0
DWIDTH 9 0
BBX 7 11 1 0
BITMAP
3E
3E
C2
C2
C2
C2
3E
22
C2
C2
C2
ENDCHAR
STARTCHAR 0430
ENCODING 1072
SWIDTH 613 0
DWIDTH 9 0
BBX 7 8 1 0
BITMAP
3C
02
02
3E
C2
CE
CE
32
ENDCHAR
STARTCHAR 0431
ENCODING 1073
SWIDTH 613 0
DWIDTH 9 0
BBX 7 11 1 0
BITMAP
02
02
3C
C0
FC
FC
C2
C2
C2
C2
3C
ENDCHAR
STARTCHAR 0432
ENCODING 1074
SWIDTH 613 0
DWIDTH 9 0
BBX 7 8 1 0
BITMAP
FC
C2
C2
FC
C2
C2
C2
FC
ENDCHAR
STARTCHAR 0433
ENCODING 1075
SWIDTH 613 0
DWIDTH 9 0
BBX 7 8 1 0
BITMAP
FE
22
22
20
20
20
20
F0
ENDCHAR
STARTCHAR 0434
ENCODING 1076
SWIDTH 613 0
DWIDTH 9 0
BBX 9 11 0 -3
BITMAP
1F00
1100
1100
1100
1100
6100
6100
FF80
8080
8080
8080
ENDCHAR
STARTCHAR 0435
ENCODING 1077
SWIDTH 613 0
DWIDTH 9 0
BBX 7 8 1 0
BITMAP
3C
C2
C2
FE
C0
C2
C2
3C
ENDCHAR
STARTCHAR 0436
ENCODING 1078
SWIDTH 613 0
DWIDTH 9 0
BBX 9 8 0 0
BITMAP
8880
6900
6900
1E00
6900
6900
6900
8880
ENDCHAR
STARTCHAR 0437
ENCODING 1079
SWIDTH 613 0
DWIDTH 9 0
BBX 7 8 1 0
BITMAP
3C
C2
C2
1C
02
C2
C2
3C
ENDCHAR
STARTCHAR 0438
ENCODING 1080
SWIDTH 613 0
DWIDTH 9 0
BBX 7 8 1 0
BITMAP
C2
CE
CE
D2
E2
C2
C2
C2
ENDCHAR
STARTCHAR 0439
ENCODING 1081
SWIDTH 613 0
DWIDTH 9 0
BBX 7 12 1 0
BITMAP
C2
3C
3C
00
C2
CE
CE
D2
E2
C2
C2
C2
ENDCHAR
STARTCHAR 043A
ENCODING 1082
SWIDTH 613 0
DWIDTH 9 0
BBX 7 8 1 0
BITMAP
C2
CC
CC
D0
F0
CC
CC
C2
ENDCHAR
STARTCHAR 043B
ENCODING 1083
SWIDTH 613 0
DWIDTH 9 0
BBX 7 8 1 0
BITMAP
3E
22
22
22
22
C2
C2
C2
ENDCHAR
STARTCHAR 043C
ENCODING 1084
SWIDTH 613 0
DWIDTH 9 0
BBX 7 8 1 0
BITMAP
C2
EE
EE
D2
D2
C2
C2
C2
ENDCHAR
STARTCHAR 043D
ENCODING 1085
SWIDTH 613 0
DWIDTH 9 0
BBX 7 8 1 0
BITMAP
C2
C2
C2
FE
C2
C2
C2
C2
ENDCHAR
STARTCHAR 043E
ENCODING 1086
SWIDTH 613 0
DWIDTH 9 0
BBX 7 8 1 0
BITMAP
3C
C2
C2
C2
C2
C2
C2
3C
ENDCHAR
STARTCHAR 043F
ENCODING 1087
SWIDTH 613 0
DWIDTH 9 0
BBX 7 8 1 0
BITMAP
FE
C2
C2
C2
C2
C2
C2
C2
ENDCHAR
STARTCHAR 0440
ENCODING 1088
SWIDTH 613 0
DWIDTH 9 0
BBX 7 11 1 -3
BITMAP
DC
E2
E2
C2
C2
E2
E2
DC
C0
C0
C0
ENDCHAR
STARTCHAR 0441
ENCODING 1089
SWIDTH 613 0
DWIDTH 9 0
BBX 7 8 1 0
BITMAP
3C
C2
C2
C0
C0
C2
C2
3C
ENDCHAR
STARTCHAR 0442
ENCODING 1090
SWIDTH 613 0
DWIDTH 9 0
BBX 7 8 1 0
BITMAP
FE
10
10
10
10
10
10
10
ENDCHAR
STARTCHAR 0443
ENCODING 1091
SWIDTH 613 0
DWIDTH 9 0
BBX 7 11 1 -3
BITMAP
C2
C2
C2
C2
2C
2C
2C
10
10
E0
E0
ENDCHAR
STARTCHAR 0444
ENCODING 1092
SWIDTH 613 0
DWIDTH 9 0
BBX 7 14 1 -3
BITMAP
10
10
10
3C
D2
D2
D2
D2
D2
D2
3C
10
10
10
ENDCHAR
STARTCHAR 0445
ENCODING 1093
SWIDTH 613 0
DWIDTH 9 0
BBX 7 8 1 0
BITMAP
C2
2C
2C
10
2C
C2
C2
C2
ENDCHAR
STARTCHAR 0446
ENCODING 1094
SWIDTH 613 0
DWIDTH 9 0
BBX 8 11 1 -3
BITMAP
C2
C2
C2
C2
C2
C2
C2
FF
01
01
01
ENDCHAR
STARTCHAR 0447
ENCODING 1095
SWIDTH 613 0
DWIDTH 9 0
BBX 7 8 1 0
BITMAP
C2
C2
C2
CE
32
02
02
02
ENDCHAR
STARTCHAR 0448
ENCODING 1096
SWIDTH 613 0
DWIDTH 9 0
BBX 7 8 1 0
BITMAP
D2
D2
D2
D2
D2
D2
D2
FE
ENDCHAR
STARTCHAR 0449
ENCODING 1097
SWIDTH 613 0
DWIDTH 9 0
BBX 8 11 1 -3
BITMAP
D2
D2
D2
D2
D2
D2
D2
FF
01
01
01
ENDCHAR
STARTCHAR 044A
ENCODING 1098
SWIDTH 613 0
DWIDTH 9 0
BBX 8 8 0 0
BITMAP
E0
60
60
7E
61
61
61
7E
ENDCHAR
STARTCHAR 044B
ENCODING 1099
SWIDTH 613 0
DWIDTH 9 0
BBX 7 8 1 0
BITMAP
C2
C2
C2
E2
D2
D2
D2
E2
ENDCHAR
STARTCHAR 044C
ENCODING 1100
SWIDTH 613 0
DWIDTH 9 0
BBX 7 8 1 0
BITMAP
C0
C0
C0
FC
C2
C2
C2
FC
ENDCHAR
STARTCHAR 044D
ENCODING 1101
SWIDTH 613 0
DWIDTH 9 0
BBX 7 8 1 0
BITMAP
3C
C2
C2
1E
02
C2
C2
3C
ENDCHAR
STARTCHAR 044E
ENCODING 1102
SWIDTH 613 0
DWIDTH 9 0
BBX 8 8 1 0
BITMAP
CE
D1
D1
F1
D1
D1
D1
CE
ENDCHAR
STARTCHAR 044F
ENCODING 1103
SWIDTH 613 0
DWIDTH 9 0
BBX 7 8 1 0
BITMAP
3E
C2
C2
C2
3E
22
22
C2
ENDCHAR
STARTCHAR 0450
ENCODING 1104
SWIDTH 613 0
DWIDTH 9 0
BBX 7 12 1 0
BITMAP
20
10
10
00
3C
C2
C2
FE
C0
C2
C2
3C
ENDCHAR
STARTCHAR 0451
ENCODING 1105
SWIDTH 613 0
DWIDTH 9 0
BBX 7 11 1 0
BITMAP
2C
2C
00
3C
C2
C2
FE
C0
C2
C2
3C
ENDCHAR
STARTCHAR 0452
ENCODING 1106
SWIDTH 613 0
DWIDTH 9 0
BBX 8 14 0 -3
BITMAP
60
60
F8
60
6E
6E
71
61
61
61
61
01
06
06
ENDCHAR
STARTCHAR 0453
ENCODING 1107
SWIDTH 613 0
DWIDTH 9 0
BBX 7 12 1 0
BITMAP
0C
10
10
00
FE
22
22
20
20
20
20
F0
ENDCHAR
STARTCHAR 0454
ENCODING 1108
SWIDTH 613 0
DWIDTH 9 0
BBX 7 8 1 0
BITMAP
3C
C2
C2
F0
C0
C2
C2
3C
ENDCHAR
STARTCHAR 0455
ENCODING 1109
SWIDTH 613 0
DWIDTH 9 0
BBX 7 8 1 0
BITMAP
3C
C2
C2
3C
02
C2
C2
3C
ENDCHAR
STARTCHAR 0456
ENCODING 1110
SWIDTH 613 0
DWIDTH 9 0
BBX 7 11 1 0
BITMAP
10
10
00
F0
10
10
10
10
10
10
FE
ENDCHAR
STARTCHAR 0457
ENCODING 1111
SWIDTH 613 0
DWIDTH 9 0
BBX 7 11 1 0
BITMAP
2C
2C
00
F0
10
10
10
10
10
10
FE
ENDCHAR
STARTCHAR 0458
ENCODING 1112
SWIDTH 613 0
DWIDTH 9 0
BBX 6 14 1 -3
BITMAP
0C
0C
00
3C
0C
0C
0C
0C
0C
0C
0C
CC
30
30
ENDCHAR
STARTCHAR 0459
ENCODING 1113
SWIDTH 613 0
DWIDTH 9 0
BBX 9 8 0 0
BITMAP
7800
6800
6800
6F00
6880
8880
8880
8F00
ENDCHAR
STARTCHAR 045A
ENCODING 1114
SWIDTH 613 0
DWIDTH 9 0
BBX 9 8 0 0
BITMAP
8800
8800
8800
FF00
8880
8880
8880
8F00
ENDCHAR
STARTCHAR 045B
ENCODING 1115
SWIDTH 613 0
DWIDTH 9 0
BBX 8 11 0 0
BITMAP
60
60
F8
60
6E
6E
71
61
61
61
61
ENDCHAR
STARTCHAR 045C
ENCODING 1116
SWIDTH 613 0
DWIDTH 9 0
BBX 7 12 1 0
BITMAP
0C
10
10
00
C2
CC
CC
D0
F0
CC
CC
C2
ENDCHAR
STARTCHAR 045D
ENCODING 1117
SWIDTH 613 0
DWIDTH 9 0
BBX 7 12 1 0
BITMAP
20
10
10
00
C2
CE
CE
D2
E2
C2
C2
C2
ENDCHAR
STARTCHAR 045E
ENCODING 1118
SWIDTH 613 0
DWIDTH 9 0
BBX 7 15 1 -3
BITMAP
C2
3C
3C
00
C2
C2
C2
C2
2C
2C
2C
10
10
E0
E0
ENDCHAR
STARTCHAR 045F
ENCODING 1119
SWIDTH 613 0
DWIDTH 9 0
BBX 7 11 1 -3
BITMAP
C2
C2
C2
C2
C2
C2
C2
FE
10
10
10
ENDCHAR
STARTCHAR 0462
ENCODING 1122
SWIDTH 613 0
DWIDTH 9 0
BBX 8 11 0 0
BITMAP
60
60
F8
60
7E
7E
61
61
61
61
7E
ENDCHAR
STARTCHAR 0463
ENCODING 1123
SWIDTH 613 0
DWIDTH 9 0
BBX 8 11 0 0
BITMAP
60
60
60
F8
60
60
7E
61
61
61
7E
ENDCHAR
STARTCHAR 0474
ENCODING 1140
SWIDTH 613 0
DWIDTH 9 0
BBX 8 11 1 0
BITMAP
C1
C1
C2
C2
C2
C2
C2
2C
2C
2C
10
ENDCHAR
STARTCHAR 0475
ENCODING 1141
SWIDTH 613 0
DWIDTH 9 0
BBX 8 8 1 0
BITMAP
C1
C2
C2
C2
2C
2C
2C
10
ENDCHAR
STARTCHAR 048A
ENCODING 1162
SWIDTH 613 0
DWIDTH 9 0
BBX 8 18 1 -3
BITMAP
C2
C2
3C
00
C2
C2
C2
CE
D2
D2
E2
C2
C2
C2
C3
01
02
02
ENDCHAR
STARTCHAR 048B
ENCODING 1163
SWIDTH 613 0
DWIDTH 9 0
BBX 8 15 1 -3
BITMAP
C2
3C
3C
00
C2
CE
CE
D2
E2
C2
C2
C3
01
02
02
ENDCHAR
STARTCHAR 048C
ENCODING 1164
SWIDTH 613 0
DWIDTH 9 0
BBX 8 11 0 0
BITMAP
60
60
F8
60
7E
7E
61
61
61
61
7E
ENDCHAR
STARTCHAR 048D
ENCODING 1165
SWIDTH 613 0
DWIDTH 9 0
BBX 8 11 0 0
BITMAP
60
60
60
F8
60
60
7E
61
61
61
7E
ENDCHAR
STARTCHAR 048E
ENCODING 1166
SWIDTH 613 0
DWIDTH 9 0
BBX 7 11 1 0
BITMAP
FC
FC
C2
C2
D2
D2
FC
C2
C0
C0
C0
ENDCHAR
STARTCHAR 048F
ENCODING 1167
SWIDTH 613 0
DWIDTH 9 0
BBX 8 11 1 -3
BITMAP
DC
E2
E2
C2
D2
EE
EE
DE
C1
C0
C0
ENDCHAR
STARTCHAR 0490
ENCODING 1168
SWIDTH 613 0
DWIDTH 9 0
BBX 7 12 1 0
BITMAP
02
FE
FE
22
20
20
20
20
20
20
20
F0
ENDCHAR
STARTCHAR 0491
ENCODING 1169
SWIDTH 613 0
DWIDTH 9 0
BBX 7 9 1 0
BITMAP
02
FE
22
22
20
20
20
20
F0
ENDCHAR
STARTCHAR 0492
ENCODING 1170
SWIDTH 613 0
DWIDTH 9 0
BBX 8 11 0 0
BITMAP
7F
7F
60
60
FE
FE
60
60
60
60
60
ENDCHAR
STARTCHAR 0493
ENCODING 1171
SWIDTH 613 0
DWIDTH 9 0
BBX 8 8 0 0
BITMAP
7F
60
60
FE
60
60
60
60
ENDCHAR
STARTCHAR 0494
ENCODING 1172
SWIDTH 613 0
DWIDTH 9 0
BBX 7 14 1 -3
BITMAP
FC
FC
C0
C0
DC
DC
E2
C2
C2
C2
C2
02
0C
0C
ENDCHAR
STARTCHAR 0495
ENCODING 1173
SWIDTH 613 0
DWIDTH 9 0
BBX 7 11 1 -3
BITMAP
FC
C0
C0
DC
E2
C2
C2
C2
02
0C
0C
ENDCHAR
STARTCHAR 0496
ENCODING 1174
SWIDTH 613 0
DWIDTH 9 0
BBX 9 14 0 -3
BITMAP
8880
8880
6900
6900
1E00
1E00
6900
6900
6900
6900
8880
0080
0080
0080
ENDCHAR
STARTCHAR 0497
ENCODING 1175
SWIDTH 613 0
DWIDTH 9 0
BBX 9 11 0 -3
BITMAP
8880
6900
6900
1E00
6900
6900
6900
8880
0080
0080
0080
ENDCHAR
STARTCHAR 0498
ENCODING 1176
SWIDTH 613 0
DWIDTH 9 0
BBX 7 15 1 -4
BITMAP
3C
3C
C2
02
1C
1C
02
02
C2
C2
3C
10
0C
0C
10
ENDCHAR
STARTCHAR 0499
ENCODING 1177
SWIDTH 613 0
DWIDTH 9 0
BBX 7 12 1 -4
BITMAP
3C
C2
C2
1C
02
C2
C2
3C
10
0C
0C
10
ENDCHAR
STARTCHAR 049A
ENCODING 1178
SWIDTH 613 0
DWIDTH 9 0
BBX 8 14 1 -3
BITMAP
C2
C2
CC
CC
F0
F0
CC
CC
C2
C2
C3
01
01
01
ENDCHAR
STARTCHAR 049B
ENCODING 1179
SWIDTH 613 0
DWIDTH 9 0
BBX 8 11 1 -3
BITMAP
C2
CC
CC
D0
F0
CC
CC
C3
01
01
01
ENDCHAR
STARTCHAR 049E
ENCODING 1182
SWIDTH 613 0
DWIDTH 9 0
BBX 8 11 0 0
BITMAP
61
61
F6
66
78
78
66
66
61
61
61
ENDCHAR
STARTCHAR 049F
ENCODING 1183
SWIDTH 613 0
DWIDTH 9 0
BBX 8 11 0 0
BITMAP
60
60
F0
61
66
66
68
78
66
66
61
ENDCHAR
STARTCHAR 04A0
ENCODING 1184
SWIDTH 613 0
DWIDTH 9 0
BBX 8 11 0 0
BITMAP
E1
E1
66
66
78
78
66
66
61
61
61
ENDCHAR
STARTCHAR 04A1
ENCODING 1185
SWIDTH 613 0
DWIDTH 9 0
BBX 8 8 0 0
BITMAP
E1
66
66
68
78
66
66
61
ENDCHAR
STARTCHAR 04A2
ENCODING 1186
SWIDTH 613 0
DWIDTH 9 0
BBX 8 14 1 -3
BITMAP
C2
C2
C2
C2
FE
FE
C2
C2
C2
C2
C3
01
01
01
ENDCHAR
STARTCHAR 04A3
ENCODING 1187
SWIDTH 613 0
DWIDTH 9 0
BBX 8 11 1 -3
BITMAP
C2
C2
C2
FE
C2
C2
C2
C3
01
01
01
ENDCHAR
STARTCHAR 04A4
ENCODING 1188
SWIDTH 613 0
DWIDTH 9 0
BBX 8 11 1 0
BITMAP
C3
C3
C2
C2
FE
FE
C2
C2
C2
C2
C2
ENDCHAR
STARTCHAR 04A5
ENCODING 1189
SWIDTH 613 0
DWIDTH 9 0
BBX 8 8 1 0
BITMAP
C3
C2
C2
FE
C2
C2
C2
C2
ENDCHAR
STARTCHAR 04A6
ENCODING 1190
SWIDTH 613 0
DWIDTH 9 0
BBX 7 14 1 -3
BITMAP
F0
F0
D0
D0
DC
DC
D2
D2
D2
D2
D2
02
0C
0C
ENDCHAR
STARTCHAR 04A7
ENCODING 1191
SWIDTH 613 0
DWIDTH 9 0
BBX 7 11 1 -3
BITMAP
F0
D0
D0
DC
D2
D2
D2
D2
02
0C
0C
ENDCHAR
STARTCHAR 04A8
ENCODING 1192
SWIDTH 613 0
DWIDTH 9 0
BBX 7 12 1 -1
BITMAP
10
10
20
CC
D2
D2
D2
D2
D2
D2
CC
32
ENDCHAR
STARTCHAR 04A9
ENCODING 1193
SWIDTH 613 0
DWIDTH 9 0
BBX 7 9 1 -1
BITMAP
20
CC
CC
D2
D2
D2
D2
CC
32
ENDCHAR
STARTCHAR 04AA
ENCODING 1194
SWIDTH 613 0
DWIDTH 9 0
BBX 7 15 1 -4
BITMAP
3C
3C
C2
C0
C0
C0
C0
C0
C2
C2
3C
10
0C
0C
10
ENDCHAR
STARTCHAR 04AB
ENCODING 1195
SWIDTH 613 0
DWIDTH 9 0
BBX 7 12 1 -4
BITMAP
3C
C2
C2
C0
C0
C2
C2
3C
10
0C
0C
10
ENDCHAR
STARTCHAR 04AC
ENCODING 1196
SWIDTH 613 0
DWIDTH 9 0
BBX 7 14 1 -3
BITMAP
FE
FE
10
10
10
10
10
10
10
10
1C
0C
0C
0C
ENDCHAR
STARTCHAR 04AD
ENCODING 1197
SWIDTH 613 0
DWIDTH 9 0
BBX 7 11 1 -3
BITMAP
FE
10
10
10
10
10
10
1C
0C
0C
0C
ENDCHAR
STARTCHAR 04AE
ENCODING 1198
SWIDTH 613 0
DWIDTH 9 0
BBX 7 11 1 0
BITMAP
C2
C2
C2
C2
2C
2C
10
10
10
10
10
ENDCHAR
STARTCHAR 04AF
ENCODING 1199
SWIDTH 613 0
DWIDTH 9 0
BBX 7 11 1 -3
BITMAP
C2
C2
C2
C2
2C
2C
2C
10
10
10
10
ENDCHAR
STARTCHAR 04B0
ENCODING 1200
SWIDTH 613 0
DWIDTH 9 0
BBX 7 11 1 0
BITMAP
C2
C2
C2
C2
2C
2C
10
3C
10
10
10
ENDCHAR
STARTCHAR 04B1
ENCODING 1201
SWIDTH 613 0
DWIDTH 9 0
BBX 7 11 1 -3
BITMAP
C2
C2
C2
C2
2C
2C
2C
10
3C
10
10
ENDCHAR
STARTCHAR 04B2
ENCODING 1202
SWIDTH 613 0
DWIDTH 9 0
BBX 8 14 1 -3
BITMAP
C2
C2
C2
2C
10
10
2C
C2
C2
C2
C3
01
01
01
ENDCHAR
STARTCHAR 04B3
ENCODING 1203
SWIDTH 613 0
DWIDTH 9 0
BBX 8 11 1 -3
BITMAP
C2
2C
2C
10
2C
C2
C2
C3
01
01
01
ENDCHAR
STARTCHAR 04B4
ENCODING 1204
SWIDTH 613 0
DWIDTH 9 0
BBX 9 14 0 -3
BITMAP
F100
F100
6100
6100
6100
6100
6100
6100
6100
6100
7F80
0080
0080
0080
ENDCHAR
STARTCHAR 04B5
ENCODING 1205
SWIDTH 613 0
DWIDTH 9 0
BBX 9 11 0 -3
BITMAP
F100
6100
6100
6100
6100
6100
6100
7F80
0080
0080
0080
ENDCHAR
STARTCHAR 04B6
ENCODING 1206
SWIDTH 613 0
DWIDTH 9 0
BBX 8 14 1 -3
BITMAP
C2
C2
C2
C2
CE
CE
32
02
02
02
03
01
01
01
ENDCHAR
STARTCHAR 04B7
ENCODING 1207
SWIDTH 613 0
DWIDTH 9 0
BBX 8 11 1 -3
BITMAP
C2
C2
C2
CE
32
02
02
03
01
01
01
ENDCHAR
STARTCHAR 04BA
ENCODING 1210
SWIDTH 613 0
DWIDTH 9 0
BBX 7 11 1 0
BITMAP
C0
C0
C0
C0
DC
DC
E2
C2
C2
C2
C2
ENDCHAR
STARTCHAR 04BB
ENCODING 1211
SWIDTH 613 0
DWIDTH 9 0
BBX 7 11 1 0
BITMAP
C0
C0
C0
DC
E2
E2
C2
C2
C2
C2
C2
ENDCHAR
STARTCHAR 04BC
ENCODING 1212
SWIDTH 613 0
DWIDTH 9 0
BBX 8 11 0 0
BITMAP
1E
1E
61
61
FF
FF
60
60
61
61
1E
ENDCHAR
STARTCHAR 04BD
ENCODING 1213
SWIDTH 613 0
DWIDTH 9 0
BBX 8 8 0 0
BITMAP
1E
61
61
FF
60
61
61
1E
ENDCHAR
STARTCHAR 04BE
ENCODING 1214
SWIDTH 613 0
DWIDTH 9 0
BBX 8 14 0 -3
BITMAP
1E
1E
61
61
FF
FF
60
60
61
61
1E
08
08
08
ENDCHAR
STARTCHAR 04BF
ENCODING 1215
SWIDTH 613 0
DWIDTH 9 0
BBX 8 11 0 -3
BITMAP
1E
61
61
FF
60
61
61
1E
08
08
08
ENDCHAR
STARTCHAR 04C0
ENCODING 1216
SWIDTH 613 0
DWIDTH 9 0
BBX 7 11 1 0
BITMAP
FE
FE
10
10
10
10
10
10
10
10
FE
ENDCHAR
STARTCHAR 04C1
ENCODING 1217
SWIDTH 613 0
DWIDTH 9 0
BBX 9 15 0 0
BITMAP
6100
6100
1E00
0000
8880
8880
6900
6900
1E00
1E00
6900
6900
6900
6900
8880
ENDCHAR
STARTCHAR 04C2
ENCODING 1218
SWIDTH 613 0
DWIDTH 9 0
BBX 9 12 0 0
BITMAP
6100
1E00
1E00
0000
8880
6900
6900
1E00
6900
6900
6900
8880
ENDCHAR
STARTCHAR 04C3
ENCODING 1219
SWIDTH 613 0
DWIDTH 9 0
BBX 7 14 1 -3
BITMAP
C2
C2
CC
CC
F0
F0
CC
C2
C2
C2
C2
02
0C
0C
ENDCHAR
STARTCHAR 04C4
ENCODING 1220
SWIDTH 613 0
DWIDTH 9 0
BBX 7 11 1 -3
BITMAP
C2
CC
CC
D0
F0
CC
CC
C2
02
0C
0C
ENDCHAR
STARTCHAR 04C5
ENCODING 1221
SWIDTH 613 0
DWIDTH 9 0
BBX 8 14 1 -3
BITMAP
3E
3E
22
22
22
22
22
C2
C2
C2
C3
01
02
02
ENDCHAR
STARTCHAR 04C6
ENCODING 1222
SWIDTH 613 0
DWIDTH 9 0
BBX 8 11 1 -3
BITMAP
3E
22
22
22
22
C2
C2
C3
01
02
02
ENDCHAR
STARTCHAR 04C7
ENCODING 1223
SWIDTH 613 0
DWIDTH 9 0
BBX 7 14 1 -3
BITMAP
C2
C2
C2
C2
FE
FE
C2
C2
C2
C2
C2
02
0C
0C
ENDCHAR
STARTCHAR 04C8
ENCODING 1224
SWIDTH 613 0
DWIDTH 9 0
BBX 7 11 1 -3
BITMAP
C2
C2
C2
FE
C2
C2
C2
C2
02
0C
0C
ENDCHAR
STARTCHAR 04C9
ENCODING 1225
SWIDTH 613 0
DWIDTH 9 0
BBX 8 14 1 -3
BITMAP
C2
C2
C2
C2
FE
FE
C2
C2
C2
C2
C3
01
02
02
ENDCHAR
STARTCHAR 04CA
ENCODING 1226
SWIDTH 613 0
DWIDTH 9 0
BBX 8 11 1 -3
BITMAP
C2
C2
C2
FE
C2
C2
C2
C3
01
02
02
ENDCHAR
STARTCHAR 04CB
ENCODING 1227
SWIDTH 613 0
DWIDTH 9 0
BBX 7 14 1 -3
BITMAP
C2
C2
C2
C2
CE
CE
32
02
02
02
0E
0C
0C
0C
ENDCHAR
STARTCHAR 04CC
ENCODING 1228
SWIDTH 613 0
DWIDTH 9 0
BBX 7 11 1 -3
BITMAP
C2
C2
C2
CE
32
02
02
0E
0C
0C
0C
ENDCHAR
STARTCHAR 04CD
ENCODING 1229
SWIDTH 613 0
DWIDTH 9 0
BBX 8 14 1 -3
BITMAP
C2
C2
C2
EE
D2
D2
D2
C2
C2
C2
C3
01
02
02
ENDCHAR
STARTCHAR 04CE
ENCODING 1230
SWIDTH 613 0
DWIDTH 9 0
BBX 8 11 1 -3
BITMAP
C2
EE
EE
D2
D2
C2
C2
C3
01
02
02
ENDCHAR
STARTCHAR 04CF
ENCODING 1231
SWIDTH 613 0
DWIDTH 9 0
BBX 7 11 1 0
BITMAP
FE
FE
10
10
10
10
10
10
10
10
FE
ENDCHAR
STARTCHAR 04D0
ENCODING 1232
SWIDTH 613 0
DWIDTH 9 0
BBX 7 15 1 0
BITMAP
C2
C2
3C
00
10
10
2C
C2
C2
C2
FE
C2
C2
C2
C2
ENDCHAR
STARTCHAR 04D1
ENCODING 1233
SWIDTH 613 0
DWIDTH 9 0
BBX 7 12 1 0
BITMAP
C2
3C
3C
00
3C
02
02
3E
C2
CE
CE
32
ENDCHAR
STARTCHAR 04D2
ENCODING 1234
SWIDTH 613 0
DWIDTH 9 0
BBX 7 13 1 0
BITMAP
2C
00
10
10
2C
C2
C2
C2
FE
C2
C2
C2
C2
ENDCHAR
STARTCHAR 04D3
ENCODING 1235
SWIDTH 613 0
DWIDTH 9 0
BBX 7 11 1 0
BITMAP
2C
2C
00
3C
02
02
3E
C2
CE
CE
32
ENDCHAR
STARTCHAR 04D4
ENCODING 1236
SWIDTH 613 0
DWIDTH 9 0
BBX 9 11 0 0
BITMAP
1F80
1F80
6800
8800
8F00
8F00
F800
8800
8800
8800
8F80
ENDCHAR
STARTCHAR 04D5
ENCODING 1237
SWIDTH 613 0
DWIDTH 9 0
BBX 9 8 0 0
BITMAP
7700
0880
0880
7F80
8800
8880
8880
7700
ENDCHAR
STARTCHAR 04D6
ENCODING 1238
SWIDTH 613 0
DWIDTH 9 0
BBX 7 15 1 0
BITMAP
C2
C2
3C
00
FE
FE
C0
C0
FC
FC
C0
C0
C0
C0
FE
ENDCHAR
STARTCHAR 04D7
ENCODING 1239
SWIDTH 613 0
DWIDTH 9 0
BBX 7 12 1 0
BITMAP
C2
3C
3C
00
3C
C2
C2
FE
C0
C2
C2
3C
ENDCHAR
STARTCHAR 04DC
ENCODING 1244
SWIDTH 613 0
DWIDTH 9 0
BBX 9 13 0 0
BITMAP
1600
0000
8880
8880
6900
6900
1E00
1E00
6900
6900
6900
6900
8880
ENDCHAR
STARTCHAR 04DD
ENCODING 1245
SWIDTH 613 0
DWIDTH 9 0
BBX 9 11 0 0
BITMAP
1600
1600
0000
8880
6900
6900
1E00
6900
6900
6900
8880
ENDCHAR
STARTCHAR 04DE
ENCODING 1246
SWIDTH 613 0
DWIDTH 9 0
BBX 7 13 1 0
BITMAP
2C
00
3C
3C
C2
02
1C
1C
02
02
C2
C2
3C
ENDCHAR
STARTCHAR 04DF
ENCODING 1247
SWIDTH 613 0
DWIDTH 9 0
BBX 7 11 1 0
BITMAP
2C
2C
00
3C
C2
C2
1C
02
C2
C2
3C
ENDCHAR
STARTCHAR 04E0
ENCODING 1248
SWIDTH 613 0
DWIDTH 9 0
BBX 7 11 1 0
BITMAP
FE
FE
0C
10
0C
0C
02
02
C2
C2
3C
ENDCHAR
STARTCHAR 04E1
ENCODING 1249
SWIDTH 613 0
DWIDTH 9 0
BBX 7 11 1 -3
BITMAP
FE
0C
0C
10
0C
02
02
02
C2
3C
3C
ENDCHAR
STARTCHAR 04E2
ENCODING 1250
SWIDTH 613 0
DWIDTH 9 0
BBX 7 13 1 0
BITMAP
3C
00
C2
C2
C2
CE
D2
D2
E2
C2
C2
C2
C2
ENDCHAR
STARTCHAR 04E3
ENCODING 1251
SWIDTH 613 0
DWIDTH 9 0
BBX 7 11 1 0
BITMAP
3C
3C
00
C2
CE
CE
D2
E2
C2
C2
C2
ENDCHAR
STARTCHAR 04E4
ENCODING 1252
SWIDTH 613 0
DWIDTH 9 0
BBX 7 13 1 0
BITMAP
2C
00
C2
C2
C2
CE
D2
D2
E2
C2
C2
C2
C2
ENDCHAR
STARTCHAR 04E5
ENCODING 1253
SWIDTH 613 0
DWIDTH 9 0
BBX 7 11 1 0
BITMAP
2C
2C
00
C2
CE
CE
D2
E2
C2
C2
C2
ENDCHAR
STARTCHAR 04E6
ENCODING 1254
SWIDTH 613 0
DWIDTH 9 0
BBX 7 13 1 0
BITMAP
2C
00
3C
3C
C2
C2
C2
C2
C2
C2
C2
C2
3C
ENDCHAR
STARTCHAR 04E7
ENCODING 1255
SWIDTH 613 0
DWIDTH 9 0
BBX 7 11 1 0
BITMAP
2C
2C
00
3C
C2
C2
C2
C2
C2
C2
3C
ENDCHAR
STARTCHAR 04E8
ENCODING 1256
SWIDTH 613 0
DWIDTH 9 0
BBX 7 11 1 0
BITMAP
3C
3C
C2
C2
FE
FE
C2
C2
C2
C2
3C
ENDCHAR
STARTCHAR 04E9
ENCODING 1257
SWIDTH 613 0
DWIDTH 9 0
BBX 7 8 1 0
BITMAP
3C
C2
C2
FE
C2
C2
C2
3C
ENDCHAR
STARTCHAR 04EA
ENCODING 1258
SWIDTH 613 0
DWIDTH 9 0
BBX 7 13 1 0
BITMAP
2C
00
3C
3C
C2
C2
FE
FE
C2
C2
C2
C2
3C
ENDCHAR
STARTCHAR 04EB
ENCODING 1259
SWIDTH 613 0
DWIDTH 9 0
BBX 7 11 1 0
BITMAP
2C
2C
00
3C
C2
C2
FE
C2
C2
C2
3C
ENDCHAR
STARTCHAR 04EC
ENCODING 1260
SWIDTH 613 0
DWIDTH 9 0
BBX 7 13 1 0
BITMAP
2C
00
3C
3C
C2
02
1E
1E
02
02
C2
C2
3C
ENDCHAR
STARTCHAR 04ED
ENCODING 1261
SWIDTH 613 0
DWIDTH 9 0
BBX 7 11 1 0
BITMAP
2C
2C
00
3C
C2
C2
1E
02
C2
C2
3C
ENDCHAR
STARTCHAR 04EE
ENCODING 1262
SWIDTH 613 0
DWIDTH 9 0
BBX 7 13 1 0
BITMAP
3C
00
C2
C2
C2
C2
2C
2C
2C
10
10
10
E0
ENDCHAR
STARTCHAR 04EF
ENCODING 1263
SWIDTH 613 0
DWIDTH 9 0
BBX 7 14 1 -3
BITMAP
3C
3C
00
C2
C2
C2
C2
2C
2C
2C
10
10
E0
E0
ENDCHAR
STARTCHAR 04F0
ENCODING 1264
SWIDTH 613 0
DWIDTH 9 0
BBX 7 13 1 0
BITMAP
2C
00
C2
C2
C2
C2
2C
2C
2C
10
10
10
E0
ENDCHAR
STARTCHAR 04F1
ENCODING 1265
SWIDTH 613 0
DWIDTH 9 0
BBX 7 14 1 -3
BITMAP
2C
2C
00
C2
C2
C2
C2
2C
2C
2C
10
10
E0
E0
ENDCHAR
STARTCHAR 04F2
ENCODING 1266
SWIDTH 613 0
DWIDTH 9 0
BBX 7 15 1 0
BITMAP
2C
2C
2C
00
C2
C2
C2
C2
2C
2C
2C
10
10
10
E0
ENDCHAR
STARTCHAR 04F3
ENCODING 1267
SWIDTH 613 0
DWIDTH 9 0
BBX 7 15 1 -3
BITMAP
2C
2C
2C
00
C2
C2
C2
C2
2C
2C
2C
10
10
E0
E0
ENDCHAR
STARTCHAR 04F4
ENCODING 1268
SWIDTH 613 0
DWIDTH 9 0
BBX 7 13 1 0
BITMAP
2C
00
C2
C2
C2
C2
CE
CE
32
02
02
02
02
ENDCHAR
STARTCHAR 04F5
ENCODING 1269
SWIDTH 613 0
DWIDTH 9 0
BBX 7 11 1 0
BITMAP
2C
2C
00
C2
C2
C2
CE
32
02
02
02
ENDCHAR
STARTCHAR 04F6
ENCODING 1270
SWIDTH 613 0
DWIDTH 9 0
BBX 7 14 1 -3
BITMAP
FE
FE
22
20
20
20
20
20
20
20
F0
10
10
10
ENDCHAR
STARTCHAR 04F7
ENCODING 1271
SWIDTH 613 0
DWIDTH 9 0
BBX 7 11 1 -3
BITMAP
FE
22
22
20
20
20
20
F0
10
10
10
ENDCHAR
STARTCHAR 04F8
ENCODING 1272
SWIDTH 613 0
DWIDTH 9 0
BBX 7 13 1 0
BITMAP
2C
00
C2
C2
C2
C2
E2
E2
D2
D2
D2
D2
E2
ENDCHAR
STARTCHAR 04F9
ENCODING 1273
SWIDTH 613 0
DWIDTH 9 0
BBX 7 11 1 0
BITMAP
2C
2C
00
C2
C2
C2
E2
D2
D2
D2
E2
ENDCHAR
STARTCHAR 04FC
ENCODING 1276
SWIDTH 613 0
DWIDTH 9 0
BBX 7 14 1 -3
BITMAP
C2
C2
C2
2C
10
10
2C
C2
C2
C2
C2
02
0C
0C
ENDCHAR
STARTCHAR 04FD
ENCODING 1277
SWIDTH 613 0
DWIDTH 9 0
BBX 7 11 1 -3
BITMAP
C2
2C
2C
10
2C
C2
C2
C2
02
0C
0C
ENDCHAR
STARTCHAR 0510
ENCODING 1296
SWIDTH 613 0
DWIDTH 9 0
BBX 7 11 1 0
BITMAP
3C
3C
C2
C0
30
30
C0
C0
C2
C2
3C
ENDCHAR
STARTCHAR 0511
ENCODING 1297
SWIDTH 613 0
DWIDTH 9 0
BBX 7 8 1 0
BITMAP
3C
C2
C2
30
C0
C2
C2
3C
ENDCHAR
STARTCHAR 0512
ENCODING 1298
SWIDTH 613 0
DWIDTH 9 0
BBX 7 14 1 -3
BITMAP
3E
3E
22
22
22
22
22
C2
C2
C2
C2
02
0C
0C
ENDCHAR
STARTCHAR 0513
ENCODING 1299
SWIDTH 613 0
DWIDTH 9 0
BBX 7 11 1 -3
BITMAP
3E
22
22
22
22
C2
C2
C2
02
0C
0C
ENDCHAR
STARTCHAR 051C
ENCODING 1308
SWIDTH 613 0
DWIDTH 9 0
BBX 7 11 1 0
BITMAP
C2
C2
C2
C2
D2
D2
D2
2C
2C
2C
2C
ENDCHAR
STARTCHAR 051D
ENCODING 1309
SWIDTH 613 0
DWIDTH 9 0
BBX 7 8 1 0
BITMAP
D2
D2
D2
D2
D2
D2
D2
2E
ENDCHAR
STARTCHAR 0524
ENCODING 1316
SWIDTH 613 0
DWIDTH 9 0
BBX 8 14 1 -3
BITMAP
FE
FE
C2
C2
C2
C2
C2
C2
C2
C2
C3
01
01
01
ENDCHAR
STARTCHAR 0525
ENCODING 1317
SWIDTH 613 0
DWIDTH 9 0
BBX 8 11 1 -3
BITMAP
FE
C2
C2
C2
C2
C2
C2
C3
01
01
01
ENDCHAR
STARTCHAR 0526
ENCODING 1318
SWIDTH 613 0
DWIDTH 9 0
BBX 8 14 1 -3
BITMAP
C0
C0
C0
C0
DC
DC
E2
C2
C2
C2
C3
01
01
01
ENDCHAR
STARTCHAR 0527
ENCODING 1319
SWIDTH 613 0
DWIDTH 9 0
BBX 8 14 1 -3
BITMAP
C0
C0
C0
DC
E2
E2
C2
C2
C2
C2
C3
01
01
01
ENDCHAR
STARTCHAR 0E3F
ENCODING 3647
SWIDTH 613 0
DWIDTH 9 0
BBX 7 13 1 -1
BITMAP
10
FC
FC
D2
D2
FC
FC
D2
D2
D2
D2
FC
10
ENDCHAR
STARTCHAR 1E02
ENCODING 7682
SWIDTH 613 0
DWIDTH 9 0
BBX 7 13 1 0
BITMAP
10
00
FC
FC
C2
C2
FC
FC
C2
C2
C2
C2
FC
ENDCHAR
STARTCHAR 1E03
ENCODING 7683
SWIDTH 613 0
DWIDTH 9 0
BBX 7 11 1 0
BITMAP
D0
D0
C0
DC
E2
E2
C2
C2
E2
E2
DC
ENDCHAR
STARTCHAR 1E0A
ENCODING 7690
SWIDTH 613 0
DWIDTH 9 0
BBX 7 13 1 0
BITMAP
10
00
FC
FC
C2
C2
C2
C2
C2
C2
C2
C2
FC
ENDCHAR
STARTCHAR 1E0B
ENCODING 7691
SWIDTH 613 0
DWIDTH 9 0
BBX 7 11 1 0
BITMAP
12
12
02
32
CE
CE
C2
C2
CE
CE
32
ENDCHAR
STARTCHAR 1E0C
ENCODING 7692
SWIDTH 613 0
DWIDTH 9 0
BBX 7 14 1 -3
BITMAP
FC
FC
C2
C2
C2
C2
C2
C2
C2
C2
FC
00
10
10
ENDCHAR
STARTCHAR 1E0D
ENCODING 7693
SWIDTH 613 0
DWIDTH 9 0
BBX 7 14 1 -3
BITMAP
02
02
02
32
CE
CE
C2
C2
CE
CE
32
00
10
10
ENDCHAR
STARTCHAR 1E10
ENCODING 7696
SWIDTH 613 0
DWIDTH 9 0
BBX 7 15 1 -4
BITMAP
FC
FC
C2
C2
C2
C2
C2
C2
C2
C2
FC
10
0C
0C
10
ENDCHAR
STARTCHAR 1E11
ENCODING 7697
SWIDTH 613 0
DWIDTH 9 0
BBX 7 15 1 -4
BITMAP
02
02
02
32
CE
CE
C2
C2
CE
CE
32
10
0C
0C
10
ENDCHAR
STARTCHAR 1E1E
ENCODING 7710
SWIDTH 613 0
DWIDTH 9 0
BBX 7 13 1 0
BITMAP
10
00
FE
FE
C0
C0
FC
FC
C0
C0
C0
C0
C0
ENDCHAR
STARTCHAR 1E1F
ENCODING 7711
SWIDTH 613 0
DWIDTH 9 0
BBX 7 13 1 0
BITMAP
10
00
1E
1E
20
FE
20
20
20
20
20
20
FC
ENDCHAR
STARTCHAR 1E20
ENCODING 7712
SWIDTH 613 0
DWIDTH 9 0
BBX 7 13 1 0
BITMAP
3C
00
3C
3C
C2
C0
C0
C0
CE
C2
C2
C2
3C
ENDCHAR
STARTCHAR 1E21
ENCODING 7713
SWIDTH 613 0
DWIDTH 9 0
BBX 7 14 1 -3
BITMAP
3C
3C
00
32
CE
CE
C2
C2
CE
CE
32
02
3C
3C
ENDCHAR
STARTCHAR 1E24
ENCODING 7716
SWIDTH 613 0
DWIDTH 9 0
BBX 7 14 1 -3
BITMAP
C2
C2
C2
C2
FE
FE
C2
C2
C2
C2
C2
00
10
10
ENDCHAR
STARTCHAR 1E25
ENCODING 7717
SWIDTH 613 0
DWIDTH 9 0
BBX 7 14 1 -3
BITMAP
C0
C0
C0
DC
E2
E2
C2
C2
C2
C2
C2
00
10
10
ENDCHAR
STARTCHAR 1E2A
ENCODING 7722
SWIDTH 613 0
DWIDTH 9 0
BBX 7 15 1 -4
BITMAP
C2
C2
C2
C2
FE
FE
C2
C2
C2
C2
C2
00
C2
C2
3C
ENDCHAR
STARTCHAR 1E2B
ENCODING 7723
SWIDTH 613 0
DWIDTH 9 0
BBX 7 15 1 -4
BITMAP
C0
C0
C0
DC
E2
E2
C2
C2
C2
C2
C2
00
C2
C2
3C
ENDCHAR
STARTCHAR 1E32
ENCODING 7730
SWIDTH 613 0
DWIDTH 9 0
BBX 7 14 1 -3
BITMAP
C2
C2
CC
D0
F0
F0
CC
CC
C2
C2
C2
00
10
10
ENDCHAR
STARTCHAR 1E33
ENCODING 7731
SWIDTH 613 0
DWIDTH 9 0
BBX 7 14 1 -3
BITMAP
C0
C0
C0
C2
CC
CC
D0
F0
CC
CC
C2
00
10
10
ENDCHAR
STARTCHAR 1E36
ENCODING 7734
SWIDTH 613 0
DWIDTH 9 0
BBX 7 14 1 -3
BITMAP
C0
C0
C0
C0
C0
C0
C0
C0
C0
C0
FE
00
10
10
ENDCHAR
STARTCHAR 1E37
ENCODING 7735
SWIDTH 613 0
DWIDTH 9 0
BBX 7 14 1 -3
BITMAP
F0
F0
10
10
10
10
10
10
10
10
FE
00
10
10
ENDCHAR
STARTCHAR 1E3E
ENCODING 7742
SWIDTH 613 0
DWIDTH 9 0
BBX 7 15 1 0
BITMAP
0C
0C
10
00
C2
C2
C2
EE
D2
D2
D2
C2
C2
C2
C2
ENDCHAR
STARTCHAR 1E3F
ENCODING 7743
SWIDTH 613 0
DWIDTH 9 0
BBX 7 12 1 0
BITMAP
0C
10
10
00
EC
D2
D2
D2
D2
D2
D2
D2
ENDCHAR
STARTCHAR 1E40
ENCODING 7744
SWIDTH 613 0
DWIDTH 9 0
BBX 7 13 1 0
BITMAP
10
00
C2
C2
C2
EE
D2
D2
D2
C2
C2
C2
C2
ENDCHAR
STARTCHAR 1E41
ENCODING 7745
SWIDTH 613 0
DWIDTH 9 0
BBX 7 11 1 0
BITMAP
10
10
00
EC
D2
D2
D2
D2
D2
D2
D2
ENDCHAR
STARTCHAR 1E44
ENCODING 7748
SWIDTH 613 0
DWIDTH 9 0
BBX 7 13 1 0
BITMAP
10
00
C2
C2
C2
E2
D2
D2
CE
C2
C2
C2
C2
ENDCHAR
STARTCHAR 1E45
ENCODING 7749
SWIDTH 613 0
DWIDTH 9 0
BBX 7 11 1 0
BITMAP
10
10
00
DC
E2
E2
C2
C2
C2
C2
C2
ENDCHAR
STARTCHAR 1E56
ENCODING 7766
SWIDTH 613 0
DWIDTH 9 0
BBX 7 13 1 0
BITMAP
10
00
FC
FC
C2
C2
C2
C2
FC
C0
C0
C0
C0
ENDCHAR
STARTCHAR 1E57
ENCODING 7767
SWIDTH 613 0
DWIDTH 9 0
BBX 7 14 1 -3
BITMAP
10
10
00
DC
E2
E2
C2
C2
E2
E2
DC
C0
C0
C0
ENDCHAR
STARTCHAR 1E5A
ENCODING 7770
SWIDTH 613 0
DWIDTH 9 0
BBX 7 14 1 -3
BITMAP
FC
FC
C2
C2
C2
C2
FC
CC
C2
C2
C2
00
10
10
ENDCHAR
STARTCHAR 1E5B
ENCODING 7771
SWIDTH 613 0
DWIDTH 9 0
BBX 7 11 1 -3
BITMAP
EE
30
30
20
20
20
20
FC
00
20
20
ENDCHAR
STARTCHAR 1E60
ENCODING 7776
SWIDTH 613 0
DWIDTH 9 0
BBX 7 13 1 0
BITMAP
10
00
3C
3C
C2
C0
3C
3C
02
02
C2
C2
3C
ENDCHAR
STARTCHAR 1E61
ENCODING 7777
SWIDTH 613 0
DWIDTH 9 0
BBX 7 11 1 0
BITMAP
10
10
00
3C
C2
C2
3C
02
C2
C2
3C
ENDCHAR
STARTCHAR 1E62
ENCODING 7778
SWIDTH 613 0
DWIDTH 9 0
BBX 7 14 1 -3
BITMAP
3C
3C
C2
C0
3C
3C
02
02
C2
C2
3C
00
10
10
ENDCHAR
STARTCHAR 1E63
ENCODING 7779
SWIDTH 613 0
DWIDTH 9 0
BBX 7 11 1 -3
BITMAP
3C
C2
C2
3C
02
C2
C2
3C
00
10
10
ENDCHAR
STARTCHAR 1E6A
ENCODING 7786
SWIDTH 613 0
DWIDTH 9 0
BBX 7 13 1 0
BITMAP
10
00
FE
FE
10
10
10
10
10
10
10
10
10
ENDCHAR
STARTCHAR 1E6B
ENCODING 7787
SWIDTH 613 0
DWIDTH 9 0
BBX 7 13 1 0
BITMAP
20
00
20
20
20
FE
20
20
20
20
22
22
1C
ENDCHAR
STARTCHAR 1E6C
ENCODING 7788
SWIDTH 613 0
DWIDTH 9 0
BBX 7 14 1 -3
BITMAP
FE
FE
10
10
10
10
10
10
10
10
10
00
10
10
ENDCHAR
STARTCHAR 1E6D
ENCODING 7789
SWIDTH 613 0
DWIDTH 9 0
BBX 7 14 1 -3
BITMAP
20
20
20
FE
20
20
20
20
22
22
1C
00
10
10
ENDCHAR
STARTCHAR 1E7C
ENCODING 7804
SWIDTH 613 0
DWIDTH 9 0
BBX 7 15 1 0
BITMAP
12
12
2C
00
C2
C2
C2
C2
C2
C2
C2
2C
2C
2C
10
ENDCHAR
STARTCHAR 1E7D
ENCODING 7805
SWIDTH 613 0
DWIDTH 9 0
BBX 7 12 1 0
BITMAP
12
2C
2C
00
C2
C2
C2
C2
2C
2C
2C
10
ENDCHAR
STARTCHAR 1E80
ENCODING 7808
SWIDTH 613 0
DWIDTH 9 0
BBX 7 15 1 0
BITMAP
20
20
10
00
C2
C2
C2
C2
D2
D2
D2
2C
2C
2C
2C
ENDCHAR
STARTCHAR 1E81
ENCODING 7809
SWIDTH 613 0
DWIDTH 9 0
BBX 7 12 1 0
BITMAP
20
10
10
00
D2
D2
D2
D2
D2
D2
D2
2E
ENDCHAR
STARTCHAR 1E82
ENCODING 7810
SWIDTH 613 0
DWIDTH 9 0
BBX 7 15 1 0
BITMAP
0C
0C
10
00
C2
C2
C2
C2
D2
D2
D2
2C
2C
2C
2C
ENDCHAR
STARTCHAR 1E83
ENCODING 7811
SWIDTH 613 0
DWIDTH 9 0
BBX 7 12 1 0
BITMAP
0C
10
10
00
D2
D2
D2
D2
D2
D2
D2
2E
ENDCHAR
STARTCHAR 1E84
ENCODING 7812
SWIDTH 613 0
DWIDTH 9 0
BBX 7 13 1 0
BITMAP
2C
00
C2
C2
C2
C2
D2
D2
D2
2C
2C
2C
2C
ENDCHAR
STARTCHAR 1E85
ENCODING 7813
SWIDTH 613 0
DWIDTH 9 0
BBX 7 11 1 0
BITMAP
2C
2C
00
D2
D2
D2
D2
D2
D2
D2
2E
ENDCHAR
STARTCHAR 1E8E
ENCODING 7822
SWIDTH 613 0
DWIDTH 9 0
BBX 7 13 1 0
BITMAP
10
00
C2
C2
C2
C2
2C
2C
10
10
10
10
10
ENDCHAR
STARTCHAR 1E8F
ENCODING 7823
SWIDTH 613 0
DWIDTH 9 0
BBX 7 14 1 -3
BITMAP
10
10
00
C2
C2
C2
C2
2C
2C
2C
10
10
E0
E0
ENDCHAR
STARTCHAR 1E92
ENCODING 7826
SWIDTH 613 0
DWIDTH 9 0
BBX 7 14 1 -3
BITMAP
FE
FE
02
0C
10
10
20
C0
C0
C0
FE
00
10
10
ENDCHAR
STARTCHAR 1E93
ENCODING 7827
SWIDTH 613 0
DWIDTH 9 0
BBX 7 11 1 -3
BITMAP
FE
0C
0C
10
20
C0
C0
FE
00
10
10
ENDCHAR
STARTCHAR 1E9B
ENCODING 7835
SWIDTH 613 0
DWIDTH 9 0
BBX 7 11 1 0
BITMAP
1E
1E
10
10
10
10
10
10
10
10
FE
ENDCHAR
STARTCHAR 1E9E
ENCODING 7838
SWIDTH 613 0
DWIDTH 9 0
BBX 8 11 0 0
BITMAP
1F
1F
66
66
66
66
61
61
61
61
EE
ENDCHAR
STARTCHAR 1EA0
ENCODING 7840
SWIDTH 613 0
DWIDTH 9 0
BBX 7 14 1 -3
BITMAP
10
10
2C
C2
C2
C2
FE
C2
C2
C2
C2
00
10
10
ENDCHAR
STARTCHAR 1EA1
ENCODING 7841
SWIDTH 613 0
DWIDTH 9 0
BBX 7 11 1 -3
BITMAP
3C
02
02
3E
C2
CE
CE
32
00
10
10
ENDCHAR
STARTCHAR 1EB8
ENCODING 7864
SWIDTH 613 0
DWIDTH 9 0
BBX 7 14 1 -3
BITMAP
FE
FE
C0
C0
FC
FC
C0
C0
C0
C0
FE
00
10
10
ENDCHAR
STARTCHAR 1EB9
ENCODING 7865
SWIDTH 613 0
DWIDTH 9 0
BBX 7 11 1 -3
BITMAP
3C
C2
C2
FE
C0
C2
C2
3C
00
10
10
ENDCHAR
STARTCHAR 1EBC
ENCODING 7868
SWIDTH 613 0
DWIDTH 9 0
BBX 7 15 1 0
BITMAP
12
12
2C
00
FE
FE
C0
C0
FC
FC
C0
C0
C0
C0
FE
ENDCHAR
STARTCHAR 1EBD
ENCODING 7869
SWIDTH 613 0
DWIDTH 9 0
BBX 7 12 1 0
BITMAP
12
2C
2C
00
3C
C2
C2
FE
C0
C2
C2
3C
ENDCHAR
STARTCHAR 1ECA
ENCODING 7882
SWIDTH 613 0
DWIDTH 9 0
BBX 7 14 1 -3
BITMAP
FE
FE
10
10
10
10
10
10
10
10
FE
00
10
10
ENDCHAR
STARTCHAR 1ECB
ENCODING 7883
SWIDTH 613 0
DWIDTH 9 0
BBX 7 14 1 -3
BITMAP
10
10
00
F0
10
10
10
10
10
10
FE
00
10
10
ENDCHAR
STARTCHAR 1ECC
ENCODING 7884
SWIDTH 613 0
DWIDTH 9 0
BBX 7 14 1 -3
BITMAP
3C
3C
C2
C2
C2
C2
C2
C2
C2
C2
3C
00
10
10
ENDCHAR
STARTCHAR 1ECD
ENCODING 7885
SWIDTH 613 0
DWIDTH 9 0
BBX 7 11 1 -3
BITMAP
3C
C2
C2
C2
C2
C2
C2
3C
00
10
10
ENDCHAR
STARTCHAR 1EE4
ENCODING 7908
SWIDTH 613 0
DWIDTH 9 0
BBX 7 14 1 -3
BITMAP
C2
C2
C2
C2
C2
C2
C2
C2
C2
C2
3C
00
10
10
ENDCHAR
STARTCHAR 1EE5
ENCODING 7909
SWIDTH 613 0
DWIDTH 9 0
BBX 7 11 1 -3
BITMAP
C2
C2
C2
C2
C2
CE
CE
32
00
10
10
ENDCHAR
STARTCHAR 1EF2
ENCODING 7922
SWIDTH 613 0
DWIDTH 9 0
BBX 7 15 1 0
BITMAP
20
20
10
00
C2
C2
C2
C2
2C
2C
10
10
10
10
10
ENDCHAR
STARTCHAR 1EF3
ENCODING 7923
SWIDTH 613 0
DWIDTH 9 0
BBX 7 15 1 -3
BITMAP
20
10
10
00
C2
C2
C2
C2
2C
2C
2C
10
10
E0
E0
ENDCHAR
STARTCHAR 1EF8
ENCODING 7928
SWIDTH 613 0
DWIDTH 9 0
BBX 7 15 1 0
BITMAP
12
12
2C
00
C2
C2
C2
C2
2C
2C
10
10
10
10
10
ENDCHAR
STARTCHAR 1EF9
ENCODING 7929
SWIDTH 613 0
DWIDTH 9 0
BBX 7 15 1 -3
BITMAP
12
2C
2C
00
C2
C2
C2
C2
2C
2C
2C
10
10
E0
E0
ENDCHAR
STARTCHAR 2010
ENCODING 8208
SWIDTH 613 0
DWIDTH 9 0
BBX 4 1 3 4
BITMAP
F0
ENDCHAR
STARTCHAR 2013
ENCODING 8211
SWIDTH 613 0
DWIDTH 9 0
BBX 7 1 1 4
BITMAP
FE
ENDCHAR
STARTCHAR 2014
ENCODING 8212
SWIDTH 613 0
DWIDTH 9 0
BBX 9 1 0 4
BITMAP
FF80
ENDCHAR
STARTCHAR 2015
ENCODING 8213
SWIDTH 613 0
DWIDTH 9 0
BBX 9 1 0 4
BITMAP
FF80
ENDCHAR
STARTCHAR 2018
ENCODING 8216
SWIDTH 613 0
DWIDTH 9 0
BBX 3 4 4 7
BITMAP
60
60
80
80
ENDCHAR
STARTCHAR 2019
ENCODING 8217
SWIDTH 613 0
DWIDTH 9 0
BBX 2 4 3 7
BITMAP
40
40
40
80
ENDCHAR
STARTCHAR 201A
ENCODING 8218
SWIDTH 613 0
DWIDTH 9 0
BBX 2 4 3 -1
BITMAP
40
40
40
80
ENDCHAR
STARTCHAR 201C
ENCODING 8220
SWIDTH 613 0
DWIDTH 9 0
BBX 5 4 3 7
BITMAP
48
48
B0
B0
ENDCHAR
STARTCHAR 201D
ENCODING 8221
SWIDTH 613 0
DWIDTH 9 0
BBX 6 4 1 7
BITMAP
2C
2C
2C
D0
ENDCHAR
STARTCHAR 201E
ENCODING 8222
SWIDTH 613 0
DWIDTH 9 0
BBX 6 4 1 -1
BITMAP
2C
2C
2C
D0
ENDCHAR
STARTCHAR 2020
ENCODING 8224
SWIDTH 613 0
DWIDTH 9 0
BBX 7 9 1 3
BITMAP
10
10
10
FE
10
10
10
10
10
ENDCHAR
STARTCHAR 2021
ENCODING 8225
SWIDTH 613 0
DWIDTH 9 0
BBX 7 11 1 1
BITMAP
10
10
10
FE
10
10
10
FE
10
10
10
ENDCHAR
STARTCHAR 2022
ENCODING 8226
SWIDTH 613 0
DWIDTH 9 0
BBX 2 3 3 4
BITMAP
C0
C0
C0
ENDCHAR
STARTCHAR 2026
ENCODING 8230
SWIDTH 613 0
DWIDTH 9 0
BBX 7 3 1 0
BITMAP
D2
D2
D2
ENDCHAR
STARTCHAR 2027
ENCODING 8231
SWIDTH 613 0
DWIDTH 9 0
BBX 1 3 4 5
BITMAP
80
80
80
ENDCHAR
STARTCHAR 2030
ENCODING 8240
SWIDTH 613 0
DWIDTH 9 0
BBX 9 12 0 0
BITMAP
1000
6800
6800
1000
0180
1E00
1E00
E000
0900
1680
1680
0900
ENDCHAR
STARTCHAR 2032
ENCODING 8242
SWIDTH 613 0
DWIDTH 9 0
BBX 1 4 4 7
BITMAP
80
80
80
80
ENDCHAR
STARTCHAR 2033
ENCODING 8243
SWIDTH 613 0
DWIDTH 9 0
BBX 4 4 3 7
BITMAP
B0
B0
B0
B0
ENDCHAR
STARTCHAR 2039
ENCODING 8249
SWIDTH 613 0
DWIDTH 9 0
BBX 4 7 3 1
BITMAP
30
40
40
80
40
30
30
ENDCHAR
STARTCHAR 203A
ENCODING 8250
SWIDTH 613 0
DWIDTH 9 0
BBX 4 7 3 1
BITMAP
80
40
40
30
40
80
80
ENDCHAR
STARTCHAR 2044
ENCODING 8260
SWIDTH 613 0
DWIDTH 9 0
BBX 9 4 0 3
BITMAP
0180
0180
1E00
E000
ENDCHAR
STARTCHAR 204A
ENCODING 8266
SWIDTH 613 0
DWIDTH 9 0
BBX 7 11 1 -3
BITMAP
FE
02
02
02
0C
0C
0C
0C
10
10
10
ENDCHAR
STARTCHAR 2052
ENCODING 8274
SWIDTH 613 0
DWIDTH 9 0
BBX 8 11 1 0
BITMAP
E1
E1
E1
02
0C
0C
10
20
C3
C3
C3
ENDCHAR
STARTCHAR 2070
ENCODING 8304
SWIDTH 613 0
DWIDTH 9 0
BBX 7 8 1 4
BITMAP
3C
CE
CE
D2
E2
C2
C2
3C
ENDCHAR
STARTCHAR 2074
ENCODING 8308
SWIDTH 613 0
DWIDTH 9 0
BBX 7 8 1 4
BITMAP
0E
12
12
22
C2
FE
FE
02
ENDCHAR
STARTCHAR 2075
ENCODING 8309
SWIDTH 613 0
DWIDTH 9 0
BBX 7 8 1 4
BITMAP
FE
C0
C0
FC
02
C2
C2
3C
ENDCHAR
STARTCHAR 2076
ENCODING 8310
SWIDTH 613 0
DWIDTH 9 0
BBX 7 8 1 4
BITMAP
3C
C0
C0
FC
C2
C2
C2
3C
ENDCHAR
STARTCHAR 2077
ENCODING 8311
SWIDTH 613 0
DWIDTH 9 0
BBX 7 8 1 4
BITMAP
FE
02
02
0C
10
20
20
20
ENDCHAR
STARTCHAR 2078
ENCODING 8312
SWIDTH 613 0
DWIDTH 9 0
BBX 7 8 1 4
BITMAP
3C
C2
C2
3C
C2
C2
C2
3C
ENDCHAR
STARTCHAR 2079
ENCODING 8313
SWIDTH 613 0
DWIDTH 9 0
BBX 7 8 1 4
BITMAP
3C
C2
C2
C2
3E
02
02
3C
ENDCHAR
STARTCHAR 2080
ENCODING 8320
SWIDTH 613 0
DWIDTH 9 0
BBX 7 8 1 -3
BITMAP
3C
CE
D2
D2
E2
C2
3C
3C
ENDCHAR
STARTCHAR 2081
ENCODING 8321
SWIDTH 613 0
DWIDTH 9 0
BBX 4 8 3 -3
BITMAP
40
C0
40
40
40
40
F0
F0
ENDCHAR
STARTCHAR 2082
ENCODING 8322
SWIDTH 613 0
DWIDTH 9 0
BBX 7 8 1 -3
BITMAP
3C
C2
0C
0C
10
20
FE
FE
ENDCHAR
STARTCHAR 2083
ENCODING 8323
SWIDTH 613 0
DWIDTH 9 0
BBX 7 8 1 -3
BITMAP
3C
C2
1C
1C
02
C2
3C
3C
ENDCHAR
STARTCHAR 2084
ENCODING 8324
SWIDTH 613 0
DWIDTH 9 0
BBX 7 8 1 -3
BITMAP
0E
12
22
22
C2
FE
02
02
ENDCHAR
STARTCHAR 2085
ENCODING 8325
SWIDTH 613 0
DWIDTH 9 0
BBX 7 8 1 -3
BITMAP
FE
C0
FC
FC
02
C2
3C
3C
ENDCHAR
STARTCHAR 2086
ENCODING 8326
SWIDTH 613 0
DWIDTH 9 0
BBX 7 8 1 -3
BITMAP
3C
C0
FC
FC
C2
C2
3C
3C
ENDCHAR
STARTCHAR 2087
ENCODING 8327
SWIDTH 613 0
DWIDTH 9 0
BBX 7 8 1 -3
BITMAP
FE
02
0C
0C
10
20
20
20
ENDCHAR
STARTCHAR 2088
ENCODING 8328
SWIDTH 613 0
DWIDTH 9 0
BBX 7 8 1 -3
BITMAP
3C
C2
3C
3C
C2
C2
3C
3C
ENDCHAR
STARTCHAR 2089
ENCODING 8329
SWIDTH 613 0
DWIDTH 9 0
BBX 7 8 1 -3
BITMAP
3C
C2
C2
C2
3E
02
3C
3C
ENDCHAR
STARTCHAR 20A3
ENCODING 8355
SWIDTH 613 0
DWIDTH 9 0
BBX 8 11 0 0
BITMAP
7F
7F
60
60
7E
7E
60
60
F8
F8
60
ENDCHAR
STARTCHAR 20A9
ENCODING 8361
SWIDTH 613 0
DWIDTH 9 0
BBX 9 11 0 0
BITMAP
6100
6100
6100
FF80
6900
6900
6900
1600
1600
1600
1600
ENDCHAR
STARTCHAR 20AA
ENCODING 8362
SWIDTH 613 0
DWIDTH 9 0
BBX 7 11 1 0
BITMAP
E2
E2
D2
D2
C2
C2
D2
D2
D2
D2
CE
ENDCHAR
STARTCHAR 20AC
ENCODING 8364
SWIDTH 613 0
DWIDTH 9 0
BBX 8 11 0 0
BITMAP
1E
1E
61
60
F8
F8
60
60
61
61
1E
ENDCHAR
STARTCHAR 20AE
ENCODING 8366
SWIDTH 613 0
DWIDTH 9 0
BBX 7 11 1 0
BITMAP
FE
FE
10
12
1C
1C
32
DC
30
30
D0
ENDCHAR
STARTCHAR 20B4
ENCODING 8372
SWIDTH 613 0
DWIDTH 9 0
BBX 7 11 1 0
BITMAP
3C
3C
C2
0C
FE
FE
20
C0
C2
C2
3C
ENDCHAR
STARTCHAR 20B8
ENCODING 8376
SWIDTH 613 0
DWIDTH 9 0
BBX 7 11 1 0
BITMAP
FE
FE
10
FE
10
10
10
10
10
10
10
ENDCHAR
STARTCHAR 20B9
ENCODING 8377
SWIDTH 613 0
DWIDTH 9 0
BBX 7 11 1 0
BITMAP
FE
FE
0C
FE
10
10
20
10
0C
0C
02
ENDCHAR
STARTCHAR 20BA
ENCODING 8378
SWIDTH 613 0
DWIDTH 9 0
BBX 7 11 1 0
BITMAP
2C
2C
30
EC
30
30
E2
22
2C
2C
30
ENDCHAR
STARTCHAR 20BD
ENCODING 8381
SWIDTH 613 0
DWIDTH 9 0
BBX 8 11 0 0
BITMAP
7E
7E
61
61
61
61
FE
60
F8
F8
60
ENDCHAR
STARTCHAR 20BF
ENCODING 8383
SWIDTH 613 0
DWIDTH 9 0
BBX 7 13 1 -1
BITMAP
2C
FC
FC
C2
C2
FC
FC
C2
C2
C2
C2
FC
2C
ENDCHAR
STARTCHAR 2113
ENCODING 8467
SWIDTH 613 0
DWIDTH 9 0
BBX 7 11 1 0
BITMAP
0C
0C
12
12
22
22
2C
30
E2
E2
1C
ENDCHAR
STARTCHAR 2116
ENCODING 8470
SWIDTH 613 0
DWIDTH 9 0
BBX 9 11 0 0
BITMAP
8800
8800
8900
EE80
9900
9900
8800
8900
8800
8800
8800
ENDCHAR
STARTCHAR 2122
ENCODING 8482
SWIDTH 613 0
DWIDTH 9 0
BBX 8 4 1 7
BITMAP
FD
FD
2F
2F
ENDCHAR
STARTCHAR 2126
ENCODING 8486
SWIDTH 613 0
DWIDTH 9 0
BBX 7 11 1 0
BITMAP
3C
3C
C2
C2
C2
C2
C2
C2
2C
2C
EE
ENDCHAR
STARTCHAR 212E
ENCODING 8494
SWIDTH 613 0
DWIDTH 9 0
BBX 9 9 0 0
BITMAP
1E00
6100
E180
E180
FF80
E000
6100
6100
1E00
ENDCHAR
STARTCHAR 2150
ENCODING 8528
SWIDTH 613 0
DWIDTH 9 0
BBX 9 17 0 -4
BITMAP
6000
E000
6000
6000
6000
F000
0180
0180
1E00
E000
0F80
0F80
0080
0100
0600
0600
0600
ENDCHAR
STARTCHAR 2151
ENCODING 8529
SWIDTH 613 0
DWIDTH 9 0
BBX 9 17 0 -4
BITMAP
6000
E000
6000
6000
6000
F000
0180
0180
1E00
E000
0700
0700
0880
0780
0080
0080
0700
ENDCHAR
STARTCHAR 2153
ENCODING 8531
SWIDTH 613 0
DWIDTH 9 0
BBX 9 17 0 -4
BITMAP
6000
E000
6000
6000
6000
F000
0180
0180
1E00
E000
0700
0700
0880
0100
0880
0880
0700
ENDCHAR
STARTCHAR 2154
ENCODING 8532
SWIDTH 613 0
DWIDTH 9 0
BBX 9 17 0 -4
BITMAP
7000
8800
1000
1000
6000
F800
0180
0180
1E00
E000
0700
0700
0880
0100
0880
0880
0700
ENDCHAR
STARTCHAR 2155
ENCODING 8533
SWIDTH 613 0
DWIDTH 9 0
BBX 9 17 0 -4
BITMAP
6000
E000
6000
6000
6000
F000
0180
0180
1E00
E000
0F80
0F80
0800
0F00
0080
0080
0700
ENDCHAR
STARTCHAR 2156
ENCODING 8534
SWIDTH 613 0
DWIDTH 9 0
BBX 9 17 0 -4
BITMAP
7000
8800
1000
1000
6000
F800
0180
0180
1E00
E000
0F80
0F80
0800
0F00
0080
0080
0700
ENDCHAR
STARTCHAR 2157
ENCODING 8535
SWIDTH 613 0
DWIDTH 9 0
BBX 9 17 0 -4
BITMAP
7000
8800
1000
1000
8800
7000
0180
0180
1E00
E000
0F80
0F80
0800
0F00
0080
0080
0700
ENDCHAR
STARTCHAR 2158
ENCODING 8536
SWIDTH 613 0
DWIDTH 9 0
BBX 9 17 0 -4
BITMAP
1800
6800
8800
8800
F800
0800
0180
0180
1E00
E000
0F80
0F80
0800
0F00
0080
0080
0700
ENDCHAR
STARTCHAR 2159
ENCODING 8537
SWIDTH 613 0
DWIDTH 9 0
BBX 9 17 0 -4
BITMAP
6000
E000
6000
6000
6000
F000
0180
0180
1E00
E000
0700
0700
0800
0F00
0880
0880
0700
ENDCHAR
STARTCHAR 215A
ENCODING 8538
SWIDTH 613 0
DWIDTH 9 0
BBX 9 17 0 -4
BITMAP
F800
8000
F000
F000
0800
7000
0180
0180
1E00
E000
0700
0700
0800
0F00
0880
0880
0700
ENDCHAR
STARTCHAR 215B
ENCODING 8539
SWIDTH 613 0
DWIDTH 9 0
BBX 9 17 0 -4
BITMAP
6000
E000
6000
6000
6000
F000
0180
0180
1E00
E000
0700
0700
0880
0700
0880
0880
0700
ENDCHAR
STARTCHAR 215C
ENCODING 8540
SWIDTH 613 0
DWIDTH 9 0
BBX 9 17 0 -4
BITMAP
7000
8800
1000
1000
8800
7000
0180
0180
1E00
E000
0700
0700
0880
0700
0880
0880
0700
ENDCHAR
STARTCHAR 215D
ENCODING 8541
SWIDTH 613 0
DWIDTH 9 0
BBX 9 17 0 -4
BITMAP
F800
8000
F000
F000
0800
7000
0180
0180
1E00
E000
0700
0700
0880
0700
0880
0880
0700
ENDCHAR
STARTCHAR 215E
ENCODING 8542
SWIDTH 613 0
DWIDTH 9 0
BBX 9 17 0 -4
BITMAP
F800
0800
1000
1000
6000
6000
0180
0180
1E00
E000
0700
0700
0880
0700
0880
0880
0700
ENDCHAR
STARTCHAR 2189
ENCODING 8585
SWIDTH 613 0
DWIDTH 9 0
BBX 9 17 0 -4
BITMAP
7000
9800
E800
E800
8800
7000
0180
0180
1E00
E000
0700
0700
0880
0100
0880
0880
0700
ENDCHAR
STARTCHAR 2190
ENCODING 8592
SWIDTH 613 0
DWIDTH 9 0
BBX 9 7 0 1
BITMAP
1000
6000
6000
FF80
6000
1000
1000
ENDCHAR
STARTCHAR 2191
ENCODING 8593
SWIDTH 613 0
DWIDTH 9 0
BBX 7 11 1 0
BITMAP
10
10
3C
D2
10
10
10
10
10
10
10
ENDCHAR
STARTCHAR 2192
ENCODING 8594
SWIDTH 613 0
DWIDTH 9 0
BBX 9 7 0 1
BITMAP
0600
0100
0100
FF80
0100
0600
0600
ENDCHAR
STARTCHAR 2193
ENCODING 8595
SWIDTH 613 0
DWIDTH 9 0
BBX 7 11 1 0
BITMAP
10
10
10
10
10
10
10
D2
3C
3C
10
ENDCHAR
STARTCHAR 2195
ENCODING 8597
SWIDTH 613 0
DWIDTH 9 0
BBX 7 13 1 -1
BITMAP
10
3C
3C
D2
10
10
10
10
10
D2
D2
3C
10
ENDCHAR
STARTCHAR 2196
ENCODING 8598
SWIDTH 613 0
DWIDTH 9 0
BBX 8 8 1 1
BITMAP
FC
E0
D0
D0
CC
02
01
01
ENDCHAR
STARTCHAR 2197
ENCODING 8599
SWIDTH 613 0
DWIDTH 9 0
BBX 8 8 0 1
BITMAP
1F
07
09
09
11
60
80
80
ENDCHAR
STARTCHAR 2198
ENCODING 8600
SWIDTH 613 0
DWIDTH 9 0
BBX 8 8 0 1
BITMAP
80
60
11
11
09
07
1F
1F
ENDCHAR
STARTCHAR 2199
ENCODING 8601
SWIDTH 613 0
DWIDTH 9 0
BBX 8 8 1 1
BITMAP
01
02
CC
CC
D0
E0
FC
FC
ENDCHAR
STARTCHAR 21B0
ENCODING 8624
SWIDTH 613 0
DWIDTH 9 0
BBX 8 11 0 0
BITMAP
10
10
60
FF
61
61
11
01
01
01
01
ENDCHAR
STARTCHAR 21B1
ENCODING 8625
SWIDTH 613 0
DWIDTH 9 0
BBX 8 11 1 0
BITMAP
0C
0C
02
FF
C2
C2
CC
C0
C0
C0
C0
ENDCHAR
STARTCHAR 21B2
ENCODING 8626
SWIDTH 613 0
DWIDTH 9 0
BBX 8 11 0 0
BITMAP
01
01
01
01
11
11
61
FF
60
60
10
ENDCHAR
STARTCHAR 21B3
ENCODING 8627
SWIDTH 613 0
DWIDTH 9 0
BBX 8 11 1 0
BITMAP
C0
C0
C0
C0
CC
CC
C2
FF
02
02
0C
ENDCHAR
STARTCHAR 21B4
ENCODING 8628
SWIDTH 613 0
DWIDTH 9 0
BBX 8 11 1 0
BITMAP
FC
FC
0C
0C
0C
0C
0C
2D
1E
1E
0C
ENDCHAR
STARTCHAR 21B5
ENCODING 8629
SWIDTH 613 0
DWIDTH 9 0
BBX 8 11 0 0
BITMAP
01
01
01
01
11
11
61
FF
60
60
10
ENDCHAR
STARTCHAR 2202
ENCODING 8706
SWIDTH 613 0
DWIDTH 9 0
BBX 7 11 1 0
BITMAP
1C
1C
02
02
1E
1E
22
C2
CC
CC
30
ENDCHAR
STARTCHAR 2206
ENCODING 8710
SWIDTH 613 0
DWIDTH 9 0
BBX 7 11 1 0
BITMAP
10
10
10
2C
2C
2C
2C
C2
C2
C2
FE
ENDCHAR
STARTCHAR 220F
ENCODING 8719
SWIDTH 613 0
DWIDTH 9 0
BBX 7 11 1 0
BITMAP
FE
FE
C2
C2
C2
C2
C2
C2
C2
C2
C2
ENDCHAR
STARTCHAR 2211
ENCODING 8721
SWIDTH 613 0
DWIDTH 9 0
BBX 7 11 1 0
BITMAP
FE
FE
C2
20
10
10
20
C0
C2
C2
FE
ENDCHAR
STARTCHAR 2212
ENCODING 8722
SWIDTH 613 0
DWIDTH 9 0
BBX 7 1 1 4
BITMAP
FE
ENDCHAR
STARTCHAR 2219
ENCODING 8729
SWIDTH 613 0
DWIDTH 9 0
BBX 1 3 4 4
BITMAP
80
80
80
ENDCHAR
STARTCHAR 221A
ENCODING 8730
SWIDTH 613 0
DWIDTH 9 0
BBX 7 11 1 0
BITMAP
02
02
02
0C
0C
0C
D0
D0
20
20
20
ENDCHAR
STARTCHAR 221E
ENCODING 8734
SWIDTH 613 0
DWIDTH 9 0
BBX 7 7 1 1
BITMAP
2C
D2
D2
D2
D2
2C
2C
ENDCHAR
STARTCHAR 222B
ENCODING 8747
SWIDTH 613 0
DWIDTH 9 0
BBX 7 14 1 -3
BITMAP
0E
0E
10
10
10
10
10
10
10
10
10
10
E0
E0
ENDCHAR
STARTCHAR 2248
ENCODING 8776
SWIDTH 613 0
DWIDTH 9 0
BBX 7 7 1 1
BITMAP
22
DC
DC
00
22
DC
DC
ENDCHAR
STARTCHAR 2260
ENCODING 8800
SWIDTH 613 0
DWIDTH 9 0
BBX 7 7 1 1
BITMAP
0C
FE
FE
10
FE
20
20
ENDCHAR
STARTCHAR 2264
ENCODING 8804
SWIDTH 613 0
DWIDTH 9 0
BBX 6 12 1 -1
BITMAP
0C
0C
10
20
C0
C0
20
10
0C
0C
00
FC
ENDCHAR
STARTCHAR 2265
ENCODING 8805
SWIDTH 613 0
DWIDTH 9 0
BBX 5 12 3 -1
BITMAP
80
80
40
30
08
08
30
40
80
80
00
F8
ENDCHAR
STARTCHAR 2318
ENCODING 8984
SWIDTH 613 0
DWIDTH 9 0
BBX 9 11 0 0
BITMAP
6100
6100
9680
7F00
1600
1600
1600
7F00
9680
9680
6100
ENDCHAR
STARTCHAR 2325
ENCODING 8997
SWIDTH 613 0
DWIDTH 9 0
BBX 8 11 0 0
BITMAP
E7
E7
10
10
10
10
08
08
08
08
07
ENDCHAR
STARTCHAR 2500
ENCODING 9472
SWIDTH 613 0
DWIDTH 9 0
BBX 9 1 0 4
BITMAP
FF80
ENDCHAR
STARTCHAR 2501
ENCODING 9473
SWIDTH 613 0
DWIDTH 9 0
BBX 9 4 0 3
BITMAP
FF80
FF80
FF80
FF80
ENDCHAR
STARTCHAR 2502
ENCODING 9474
SWIDTH 613 0
DWIDTH 9 0
BBX 1 19 4 -4
BITMAP
80
80
80
80
80
80
80
80
80
80
80
80
80
80
80
80
80
80
80
ENDCHAR
STARTCHAR 2503
ENCODING 9475
SWIDTH 613 0
DWIDTH 9 0
BBX 4 19 3 -4
BITMAP
F0
F0
F0
F0
F0
F0
F0
F0
F0
F0
F0
F0
F0
F0
F0
F0
F0
F0
F0
ENDCHAR
STARTCHAR 2504
ENCODING 9476
SWIDTH 613 0
DWIDTH 9 0
BBX 8 1 0 4
BITMAP
E9
ENDCHAR
STARTCHAR 2505
ENCODING 9477
SWIDTH 613 0
DWIDTH 9 0
BBX 8 4 0 3
BITMAP
E9
E9
E9
E9
ENDCHAR
STARTCHAR 2506
ENCODING 9478
SWIDTH 613 0
DWIDTH 9 0
BBX 1 18 4 -3
BITMAP
80
80
80
80
80
80
00
80
80
80
80
80
00
00
80
80
80
80
ENDCHAR
STARTCHAR 2507
ENCODING 9479
SWIDTH 613 0
DWIDTH 9 0
BBX 4 18 3 -3
BITMAP
F0
F0
F0
F0
F0
F0
00
F0
F0
F0
F0
F0
00
00
F0
F0
F0
F0
ENDCHAR
STARTCHAR 2508
ENCODING 9480
SWIDTH 613 0
DWIDTH 9 0
BBX 8 1 0 4
BITMAP
97
ENDCHAR
STARTCHAR 2509
ENCODING 9481
SWIDTH 613 0
DWIDTH 9 0
BBX 8 4 0 3
BITMAP
97
97
97
97
ENDCHAR
STARTCHAR 250A
ENCODING 9482
SWIDTH 613 0
DWIDTH 9 0
BBX 1 18 4 -3
BITMAP
80
80
80
00
80
80
80
80
00
00
80
80
00
00
80
80
80
80
ENDCHAR
STARTCHAR 250B
ENCODING 9483
SWIDTH 613 0
DWIDTH 9 0
BBX 4 18 3 -3
BITMAP
F0
F0
F0
00
F0
F0
F0
F0
00
00
F0
F0
00
00
F0
F0
F0
F0
ENDCHAR
STARTCHAR 250C
ENCODING 9484
SWIDTH 613 0
DWIDTH 9 0
BBX 5 9 4 -4
BITMAP
F8
80
80
80
80
80
80
80
80
ENDCHAR
STARTCHAR 250D
ENCODING 9485
SWIDTH 613 0
DWIDTH 9 0
BBX 5 11 4 -4
BITMAP
F8
F8
F8
F8
80
80
80
80
80
80
80
ENDCHAR
STARTCHAR 250E
ENCODING 9486
SWIDTH 613 0
DWIDTH 9 0
BBX 6 9 3 -4
BITMAP
FC
F0
F0
F0
F0
F0
F0
F0
F0
ENDCHAR
STARTCHAR 250F
ENCODING 9487
SWIDTH 613 0
DWIDTH 9 0
BBX 6 11 3 -4
BITMAP
FC
FC
FC
FC
F0
F0
F0
F0
F0
F0
F0
ENDCHAR
STARTCHAR 2510
ENCODING 9488
SWIDTH 613 0
DWIDTH 9 0
BBX 5 9 0 -4
BITMAP
F8
08
08
08
08
08
08
08
08
ENDCHAR
STARTCHAR 2511
ENCODING 9489
SWIDTH 613 0
DWIDTH 9 0
BBX 5 11 0 -4
BITMAP
F8
F8
F8
F8
08
08
08
08
08
08
08
ENDCHAR
STARTCHAR 2512
ENCODING 9490
SWIDTH 613 0
DWIDTH 9 0
BBX 7 9 0 -4
BITMAP
FE
1E
1E
1E
1E
1E
1E
1E
1E
ENDCHAR
STARTCHAR 2513
ENCODING 9491
SWIDTH 613 0
DWIDTH 9 0
BBX 7 11 0 -4
BITMAP
FE
FE
FE
FE
1E
1E
1E
1E
1E
1E
1E
ENDCHAR
STARTCHAR 2514
ENCODING 9492
SWIDTH 613 0
DWIDTH 9 0
BBX 5 11 4 4
BITMAP
80
80
80
80
80
80
80
80
80
80
F8
ENDCHAR
STARTCHAR 2515
ENCODING 9493
SWIDTH 613 0
DWIDTH 9 0
BBX 5 12 4 3
BITMAP
80
80
80
80
80
80
80
80
F8
F8
F8
F8
ENDCHAR
STARTCHAR 2516
ENCODING 9494
SWIDTH 613 0
DWIDTH 9 0
BBX 6 11 3 4
BITMAP
F0
F0
F0
F0
F0
F0
F0
F0
F0
F0
FC
ENDCHAR
STARTCHAR 2517
ENCODING 9495
SWIDTH 613 0
DWIDTH 9 0
BBX 6 12 3 3
BITMAP
F0
F0
F0
F0
F0
F0
F0
F0
FC
FC
FC
FC
ENDCHAR
STARTCHAR 2518
ENCODING 9496
SWIDTH 613 0
DWIDTH 9 0
BBX 5 11 0 4
BITMAP
08
08
08
08
08
08
08
08
08
08
F8
ENDCHAR
STARTCHAR 2519
ENCODING 9497
SWIDTH 613 0
DWIDTH 9 0
BBX 5 12 0 3
BITMAP
08
08
08
08
08
08
08
08
F8
F8
F8
F8
ENDCHAR
STARTCHAR 251A
ENCODING 9498
SWIDTH 613 0
DWIDTH 9 0
BBX 7 11 0 4
BITMAP
1E
1E
1E
1E
1E
1E
1E
1E
1E
1E
FE
ENDCHAR
STARTCHAR 251B
ENCODING 9499
SWIDTH 613 0
DWIDTH 9 0
BBX 7 12 0 3
BITMAP
1E
1E
1E
1E
1E
1E
1E
1E
FE
FE
FE
FE
ENDCHAR
STARTCHAR 251C
ENCODING 9500
SWIDTH 613 0
DWIDTH 9 0
BBX 5 19 4 -4
BITMAP
80
80
80
80
80
80
80
80
80
80
F8
80
80
80
80
80
80
80
80
ENDCHAR
STARTCHAR 251D
ENCODING 9501
SWIDTH 613 0
DWIDTH 9 0
BBX 5 19 4 -4
BITMAP
80
80
80
80
80
80
80
80
F8
F8
F8
F8
80
80
80
80
80
80
80
ENDCHAR
STARTCHAR 251E
ENCODING 9502
SWIDTH 613 0
DWIDTH 9 0
BBX 6 19 3 -4
BITMAP
F0
F0
F0
F0
F0
F0
F0
F0
F0
F0
FC
40
40
40
40
40
40
40
40
ENDCHAR
STARTCHAR 251F
ENCODING 9503
SWIDTH 613 0
DWIDTH 9 0
BBX 6 19 3 -4
BITMAP
40
40
40
40
40
40
40
40
40
40
FC
F0
F0
F0
F0
F0
F0
F0
F0
ENDCHAR
STARTCHAR 2520
ENCODING 9504
SWIDTH 613 0
DWIDTH 9 0
BBX 6 19 3 -4
BITMAP
F0
F0
F0
F0
F0
F0
F0
F0
F0
F0
FC
F0
F0
F0
F0
F0
F0
F0
F0
ENDCHAR
STARTCHAR 2521
ENCODING 9505
SWIDTH 613 0
DWIDTH 9 0
BBX 6 19 3 -4
BITMAP
F0
F0
F0
F0
F0
F0
F0
F0
FC
FC
FC
FC
40
40
40
40
40
40
40
ENDCHAR
STARTCHAR 2522
ENCODING 9506
SWIDTH 613 0
DWIDTH 9 0
BBX 6 19 3 -4
BITMAP
40
40
40
40
40
40
40
40
FC
FC
FC
FC
F0
F0
F0
F0
F0
F0
F0
ENDCHAR
STARTCHAR 2523
ENCODING 9507
SWIDTH 613 0
DWIDTH 9 0
BBX 6 19 3 -4
BITMAP
F0
F0
F0
F0
F0
F0
F0
F0
FC
FC
FC
FC
F0
F0
F0
F0
F0
F0
F0
ENDCHAR
STARTCHAR 2524
ENCODING 9508
SWIDTH 613 0
DWIDTH 9 0
BBX 5 19 0 -4
BITMAP
08
08
08
08
08
08
08
08
08
08
F8
08
08
08
08
08
08
08
08
ENDCHAR
STARTCHAR 2525
ENCODING 9509
SWIDTH 613 0
DWIDTH 9 0
BBX 5 19 0 -4
BITMAP
08
08
08
08
08
08
08
08
F8
F8
F8
F8
08
08
08
08
08
08
08
ENDCHAR
STARTCHAR 2526
ENCODING 9510
SWIDTH 613 0
DWIDTH 9 0
BBX 7 19 0 -4
BITMAP
1E
1E
1E
1E
1E
1E
1E
1E
1E
1E
FE
08
08
08
08
08
08
08
08
ENDCHAR
STARTCHAR 2527
ENCODING 9511
SWIDTH 613 0
DWIDTH 9 0
BBX 7 19 0 -4
BITMAP
08
08
08
08
08
08
08
08
08
08
FE
1E
1E
1E
1E
1E
1E
1E
1E
ENDCHAR
STARTCHAR 2528
ENCODING 9512
SWIDTH 613 0
DWIDTH 9 0
BBX 7 19 0 -4
BITMAP
1E
1E
1E
1E
1E
1E
1E
1E
1E
1E
FE
1E
1E
1E
1E
1E
1E
1E
1E
ENDCHAR
STARTCHAR 2529
ENCODING 9513
SWIDTH 613 0
DWIDTH 9 0
BBX 7 19 0 -4
BITMAP
1E
1E
1E
1E
1E
1E
1E
1E
FE
FE
FE
FE
08
08
08
08
08
08
08
ENDCHAR
STARTCHAR 252A
ENCODING 9514
SWIDTH 613 0
DWIDTH 9 0
BBX 7 19 0 -4
BITMAP
08
08
08
08
08
08
08
08
FE
FE
FE
FE
1E
1E
1E
1E
1E
1E
1E
ENDCHAR
STARTCHAR 252B
ENCODING 9515
SWIDTH 613 0
DWIDTH 9 0
BBX 7 19 0 -4
BITMAP
1E
1E
1E
1E
1E
1E
1E
1E
FE
FE
FE
FE
1E
1E
1E
1E
1E
1E
1E
ENDCHAR
STARTCHAR 252C
ENCODING 9516
SWIDTH 613 0
DWIDTH 9 0
BBX 9 9 0 -4
BITMAP
FF80
0800
0800
0800
0800
0800
0800
0800
0800
ENDCHAR
STARTCHAR 252D
ENCODING 9517
SWIDTH 613 0
DWIDTH 9 0
BBX 9 11 0 -4
BITMAP
FE00
FE00
FF80
FE00
0800
0800
0800
0800
0800
0800
0800
ENDCHAR
STARTCHAR 252E
ENCODING 9518
SWIDTH 613 0
DWIDTH 9 0
BBX 9 11 0 -4
BITMAP
1F80
1F80
FF80
1F80
0800
0800
0800
0800
0800
0800
0800
ENDCHAR
STARTCHAR 252F
ENCODING 9519
SWIDTH 613 0
DWIDTH 9 0
BBX 9 11 0 -4
BITMAP
FF80
FF80
FF80
FF80
0800
0800
0800
0800
0800
0800
0800
ENDCHAR
STARTCHAR 2530
ENCODING 9520
SWIDTH 613 0
DWIDTH 9 0
BBX 9 9 0 -4
BITMAP
FF80
1E00
1E00
1E00
1E00
1E00
1E00
1E00
1E00
ENDCHAR
STARTCHAR 2531
ENCODING 9521
SWIDTH 613 0
DWIDTH 9 0
BBX 9 11 0 -4
BITMAP
FE00
FE00
FF80
FE00
1E00
1E00
1E00
1E00
1E00
1E00
1E00
ENDCHAR
STARTCHAR 2532
ENCODING 9522
SWIDTH 613 0
DWIDTH 9 0
BBX 9 11 0 -4
BITMAP
1F80
1F80
FF80
1F80
1E00
1E00
1E00
1E00
1E00
1E00
1E00
ENDCHAR
STARTCHAR 2533
ENCODING 9523
SWIDTH 613 0
DWIDTH 9 0
BBX 9 11 0 -4
BITMAP
FF80
FF80
FF80
FF80
1E00
1E00
1E00
1E00
1E00
1E00
1E00
ENDCHAR
STARTCHAR 2534
ENCODING 9524
SWIDTH 613 0
DWIDTH 9 0
BBX 9 11 0 4
BITMAP
0800
0800
0800
0800
0800
0800
0800
0800
0800
0800
FF80
ENDCHAR
STARTCHAR 2535
ENCODING 9525
SWIDTH 613 0
DWIDTH 9 0
BBX 9 12 0 3
BITMAP
0800
0800
0800
0800
0800
0800
0800
0800
FE00
FE00
FF80
FE00
ENDCHAR
STARTCHAR 2536
ENCODING 9526
SWIDTH 613 0
DWIDTH 9 0
BBX 9 12 0 3
BITMAP
0800
0800
0800
0800
0800
0800
0800
0800
0F80
0F80
FF80
0F80
ENDCHAR
STARTCHAR 2537
ENCODING 9527
SWIDTH 613 0
DWIDTH 9 0
BBX 9 12 0 3
BITMAP
0800
0800
0800
0800
0800
0800
0800
0800
FF80
FF80
FF80
FF80
ENDCHAR
STARTCHAR 2538
ENCODING 9528
SWIDTH 613 0
DWIDTH 9 0
BBX 9 11 0 4
BITMAP
1E00
1E00
1E00
1E00
1E00
1E00
1E00
1E00
1E00
1E00
FF80
ENDCHAR
STARTCHAR 2539
ENCODING 9529
SWIDTH 613 0
DWIDTH 9 0
BBX 9 12 0 3
BITMAP
1E00
1E00
1E00
1E00
1E00
1E00
1E00
1E00
FE00
FE00
FF80
FE00
ENDCHAR
STARTCHAR 253A
ENCODING 9530
SWIDTH 613 0
DWIDTH 9 0
BBX 9 12 0 3
BITMAP
1E00
1E00
1E00
1E00
1E00
1E00
1E00
1E00
1F80
1F80
FF80
1F80
ENDCHAR
STARTCHAR 253B
ENCODING 9531
SWIDTH 613 0
DWIDTH 9 0
BBX 9 12 0 3
BITMAP
1E00
1E00
1E00
1E00
1E00
1E00
1E00
1E00
FF80
FF80
FF80
FF80
ENDCHAR
STARTCHAR 253C
ENCODING 9532
SWIDTH 613 0
DWIDTH 9 0
BBX 9 19 0 -4
BITMAP
0800
0800
0800
0800
0800
0800
0800
0800
0800
0800
FF80
0800
0800
0800
0800
0800
0800
0800
0800
ENDCHAR
STARTCHAR 253D
ENCODING 9533
SWIDTH 613 0
DWIDTH 9 0
BBX 9 19 0 -4
BITMAP
0800
0800
0800
0800
0800
0800
0800
0800
F800
F800
FF80
F800
0800
0800
0800
0800
0800
0800
0800
ENDCHAR
STARTCHAR 253E
ENCODING 9534
SWIDTH 613 0
DWIDTH 9 0
BBX 9 19 0 -4
BITMAP
0800
0800
0800
0800
0800
0800
0800
0800
0F80
0F80
FF80
0F80
0800
0800
0800
0800
0800
0800
0800
ENDCHAR
STARTCHAR 253F
ENCODING 9535
SWIDTH 613 0
DWIDTH 9 0
BBX 9 19 0 -4
BITMAP
0800
0800
0800
0800
0800
0800
0800
0800
FF80
FF80
FF80
FF80
0800
0800
0800
0800
0800
0800
0800
ENDCHAR
STARTCHAR 2540
ENCODING 9536
SWIDTH 613 0
DWIDTH 9 0
BBX 9 19 0 -4
BITMAP
1E00
1E00
1E00
1E00
1E00
1E00
1E00
1E00
1E00
1E00
FF80
0800
0800
0800
0800
0800
0800
0800
0800
ENDCHAR
STARTCHAR 2541
ENCODING 9537
SWIDTH 613 0
DWIDTH 9 0
BBX 9 19 0 -4
BITMAP
0800
0800
0800
0800
0800
0800
0800
0800
0800
0800
FF80
1E00
1E00
1E00
1E00
1E00
1E00
1E00
1E00
ENDCHAR
STARTCHAR 2542
ENCODING 9538
SWIDTH 613 0
DWIDTH 9 0
BBX 9 19 0 -4
BITMAP
1E00
1E00
1E00
1E00
1E00
1E00
1E00
1E00
1E00
1E00
FF80
1E00
1E00
1E00
1E00
1E00
1E00
1E00
1E00
ENDCHAR
STARTCHAR 2543
ENCODING 9539
SWIDTH 613 0
DWIDTH 9 0
BBX 9 19 0 -4
BITMAP
1E00
1E00
1E00
1E00
1E00
1E00
1E00
1E00
FE00
FE00
FF80
FE00
0800
0800
0800
0800
0800
0800
0800
ENDCHAR
STARTCHAR 2544
ENCODING 9540
SWIDTH 613 0
DWIDTH 9 0
BBX 9 19 0 -4
BITMAP
1E00
1E00
1E00
1E00
1E00
1E00
1E00
1E00
1F80
1F80
FF80
1F80
0800
0800
0800
0800
0800
0800
0800
ENDCHAR
STARTCHAR 2545
ENCODING 9541
SWIDTH 613 0
DWIDTH 9 0
BBX 9 19 0 -4
BITMAP
0800
0800
0800
0800
0800
0800
0800
0800
FE00
FE00
FF80
FE00
1E00
1E00
1E00
1E00
1E00
1E00
1E00
ENDCHAR
STARTCHAR 2546
ENCODING 9542
SWIDTH 613 0
DWIDTH 9 0
BBX 9 19 0 -4
BITMAP
0800
0800
0800
0800
0800
0800
0800
0800
1F80
1F80
FF80
1F80
1E00
1E00
1E00
1E00
1E00
1E00
1E00
ENDCHAR
STARTCHAR 2547
ENCODING 9543
SWIDTH 613 0
DWIDTH 9 0
BBX 9 19 0 -4
BITMAP
1E00
1E00
1E00
1E00
1E00
1E00
1E00
1E00
FF80
FF80
FF80
FF80
0800
0800
0800
0800
0800
0800
0800
ENDCHAR
STARTCHAR 2548
ENCODING 9544
SWIDTH 613 0
DWIDTH 9 0
BBX 9 19 0 -4
BITMAP
0800
0800
0800
0800
0800
0800
0800
0800
FF80
FF80
FF80
FF80
1E00
1E00
1E00
1E00
1E00
1E00
1E00
ENDCHAR
STARTCHAR 2549
ENCODING 9545
SWIDTH 613 0
DWIDTH 9 0
BBX 9 19 0 -4
BITMAP
1E00
1E00
1E00
1E00
1E00
1E00
1E00
1E00
FE00
FE00
FF80
FE00
1E00
1E00
1E00
1E00
1E00
1E00
1E00
ENDCHAR
STARTCHAR 254A
ENCODING 9546
SWIDTH 613 0
DWIDTH 9 0
BBX 9 19 0 -4
BITMAP
1E00
1E00
1E00
1E00
1E00
1E00
1E00
1E00
1F80
1F80
FF80
1F80
1E00
1E00
1E00
1E00
1E00
1E00
1E00
ENDCHAR
STARTCHAR 254B
ENCODING 9547
SWIDTH 613 0
DWIDTH 9 0
BBX 9 19 0 -4
BITMAP
1E00
1E00
1E00
1E00
1E00
1E00
1E00
1E00
FF80
FF80
FF80
FF80
1E00
1E00
1E00
1E00
1E00
1E00
1E00
ENDCHAR
STARTCHAR 254C
ENCODING 9548
SWIDTH 613 0
DWIDTH 9 0
BBX 8 1 0 4
BITMAP
F7
ENDCHAR
STARTCHAR 254D
ENCODING 9549
SWIDTH 613 0
DWIDTH 9 0
BBX 8 4 0 3
BITMAP
F7
F7
F7
F7
ENDCHAR
STARTCHAR 254E
ENCODING 9550
SWIDTH 613 0
DWIDTH 9 0
BBX 1 18 4 -3
BITMAP
80
80
80
80
80
80
80
80
00
00
80
80
80
80
80
80
80
80
ENDCHAR
STARTCHAR 254F
ENCODING 9551
SWIDTH 613 0
DWIDTH 9 0
BBX 4 18 3 -3
BITMAP
F0
F0
F0
F0
F0
F0
F0
F0
00
00
F0
F0
F0
F0
F0
F0
F0
F0
ENDCHAR
STARTCHAR 2550
ENCODING 9552
SWIDTH 613 0
DWIDTH 9 0
BBX 9 4 0 3
BITMAP
FF80
FF80
0000
FF80
ENDCHAR
STARTCHAR 2551
ENCODING 9553
SWIDTH 613 0
DWIDTH 9 0
BBX 4 19 3 -4
BITMAP
B0
B0
B0
B0
B0
B0
B0
B0
B0
B0
B0
B0
B0
B0
B0
B0
B0
B0
B0
ENDCHAR
STARTCHAR 2552
ENCODING 9554
SWIDTH 613 0
DWIDTH 9 0
BBX 5 11 4 -4
BITMAP
F8
F8
80
F8
80
80
80
80
80
80
80
ENDCHAR
STARTCHAR 2553
ENCODING 9555
SWIDTH 613 0
DWIDTH 9 0
BBX 6 9 3 -4
BITMAP
FC
B0
B0
B0
B0
B0
B0
B0
B0
ENDCHAR
STARTCHAR 2554
ENCODING 9556
SWIDTH 613 0
DWIDTH 9 0
BBX 6 11 3 -4
BITMAP
FC
FC
80
BC
B0
B0
B0
B0
B0
B0
B0
ENDCHAR
STARTCHAR 2555
ENCODING 9557
SWIDTH 613 0
DWIDTH 9 0
BBX 5 11 0 -4
BITMAP
F8
F8
08
F8
08
08
08
08
08
08
08
ENDCHAR
STARTCHAR 2556
ENCODING 9558
SWIDTH 613 0
DWIDTH 9 0
BBX 7 9 0 -4
BITMAP
FE
16
16
16
16
16
16
16
16
ENDCHAR
STARTCHAR 2557
ENCODING 9559
SWIDTH 613 0
DWIDTH 9 0
BBX 7 11 0 -4
BITMAP
FE
FE
06
F6
16
16
16
16
16
16
16
ENDCHAR
STARTCHAR 2558
ENCODING 9560
SWIDTH 613 0
DWIDTH 9 0
BBX 5 12 4 3
BITMAP
80
80
80
80
80
80
80
80
F8
F8
80
F8
ENDCHAR
STARTCHAR 2559
ENCODING 9561
SWIDTH 613 0
DWIDTH 9 0
BBX 6 11 3 4
BITMAP
B0
B0
B0
B0
B0
B0
B0
B0
B0
B0
FC
ENDCHAR
STARTCHAR 255A
ENCODING 9562
SWIDTH 613 0
DWIDTH 9 0
BBX 6 12 3 3
BITMAP
B0
B0
B0
B0
B0
B0
B0
B0
BC
BC
80
FC
ENDCHAR
STARTCHAR 255B
ENCODING 9563
SWIDTH 613 0
DWIDTH 9 0
BBX 5 12 0 3
BITMAP
08
08
08
08
08
08
08
08
F8
F8
08
F8
ENDCHAR
STARTCHAR 255C
ENCODING 9564
SWIDTH 613 0
DWIDTH 9 0
BBX 7 11 0 4
BITMAP
16
16
16
16
16
16
16
16
16
16
FE
ENDCHAR
STARTCHAR 255D
ENCODING 9565
SWIDTH 613 0
DWIDTH 9 0
BBX 7 12 0 3
BITMAP
16
16
16
16
16
16
16
16
F6
F6
06
FE
ENDCHAR
STARTCHAR 255E
ENCODING 9566
SWIDTH 613 0
DWIDTH 9 0
BBX 5 19 4 -4
BITMAP
80
80
80
80
80
80
80
80
F8
F8
80
F8
80
80
80
80
80
80
80
ENDCHAR
STARTCHAR 255F
ENCODING 9567
SWIDTH 613 0
DWIDTH 9 0
BBX 6 19 3 -4
BITMAP
B0
B0
B0
B0
B0
B0
B0
B0
B0
B0
BC
B0
B0
B0
B0
B0
B0
B0
B0
ENDCHAR
STARTCHAR 2560
ENCODING 9568
SWIDTH 613 0
DWIDTH 9 0
BBX 6 19 3 -4
BITMAP
B0
B0
B0
B0
B0
B0
B0
B0
BC
BC
80
BC
B0
B0
B0
B0
B0
B0
B0
ENDCHAR
STARTCHAR 2561
ENCODING 9569
SWIDTH 613 0
DWIDTH 9 0
BBX 5 19 0 -4
BITMAP
08
08
08
08
08
08
08
08
F8
F8
08
F8
08
08
08
08
08
08
08
ENDCHAR
STARTCHAR 2562
ENCODING 9570
SWIDTH 613 0
DWIDTH 9 0
BBX 7 19 0 -4
BITMAP
16
16
16
16
16
16
16
16
16
16
F6
16
16
16
16
16
16
16
16
ENDCHAR
STARTCHAR 2563
ENCODING 9571
SWIDTH 613 0
DWIDTH 9 0
BBX 7 19 0 -4
BITMAP
16
16
16
16
16
16
16
16
F6
F6
06
F6
16
16
16
16
16
16
16
ENDCHAR
STARTCHAR 2564
ENCODING 9572
SWIDTH 613 0
DWIDTH 9 0
BBX 9 11 0 -4
BITMAP
FF80
FF80
0000
FF80
0800
0800
0800
0800
0800
0800
0800
ENDCHAR
STARTCHAR 2565
ENCODING 9573
SWIDTH 613 0
DWIDTH 9 0
BBX 9 9 0 -4
BITMAP
FF80
1600
1600
1600
1600
1600
1600
1600
1600
ENDCHAR
STARTCHAR 2566
ENCODING 9574
SWIDTH 613 0
DWIDTH 9 0
BBX 9 11 0 -4
BITMAP
FF80
FF80
0000
F780
1600
1600
1600
1600
1600
1600
1600
ENDCHAR
STARTCHAR 2567
ENCODING 9575
SWIDTH 613 0
DWIDTH 9 0
BBX 9 12 0 3
BITMAP
0800
0800
0800
0800
0800
0800
0800
0800
FF80
FF80
0000
FF80
ENDCHAR
STARTCHAR 2568
ENCODING 9576
SWIDTH 613 0
DWIDTH 9 0
BBX 9 11 0 4
BITMAP
1600
1600
1600
1600
1600
1600
1600
1600
1600
1600
FF80
ENDCHAR
STARTCHAR 2569
ENCODING 9577
SWIDTH 613 0
DWIDTH 9 0
BBX 9 12 0 3
BITMAP
1600
1600
1600
1600
1600
1600
1600
1600
F780
F780
0000
FF80
ENDCHAR
STARTCHAR 256A
ENCODING 9578
SWIDTH 613 0
DWIDTH 9 0
BBX 9 19 0 -4
BITMAP
0800
0800
0800
0800
0800
0800
0800
0800
FF80
FF80
0800
FF80
0800
0800
0800
0800
0800
0800
0800
ENDCHAR
STARTCHAR 256B
ENCODING 9579
SWIDTH 613 0
DWIDTH 9 0
BBX 9 19 0 -4
BITMAP
1600
1600
1600
1600
1600
1600
1600
1600
1600
1600
FF80
1600
1600
1600
1600
1600
1600
1600
1600
ENDCHAR
STARTCHAR 256C
ENCODING 9580
SWIDTH 613 0
DWIDTH 9 0
BBX 9 19 0 -4
BITMAP
1600
1600
1600
1600
1600
1600
1600
1600
F780
F780
0000
F780
1600
1600
1600
1600
1600
1600
1600
ENDCHAR
STARTCHAR 256D
ENCODING 9581
SWIDTH 613 0
DWIDTH 9 0
BBX 5 9 4 -4
BITMAP
18
60
80
80
80
80
80
80
80
ENDCHAR
STARTCHAR 256E
ENCODING 9582
SWIDTH 613 0
DWIDTH 9 0
BBX 5 9 0 -4
BITMAP
E0
10
08
08
08
08
08
08
08
ENDCHAR
STARTCHAR 256F
ENCODING 9583
SWIDTH 613 0
DWIDTH 9 0
BBX 5 11 0 4
BITMAP
08
08
08
08
08
08
08
08
10
10
E0
ENDCHAR
STARTCHAR 2570
ENCODING 9584
SWIDTH 613 0
DWIDTH 9 0
BBX 5 11 4 4
BITMAP
80
80
80
80
80
80
80
80
60
60
18
ENDCHAR
STARTCHAR 2571
ENCODING 9585
SWIDTH 613 0
DWIDTH 9 0
BBX 9 19 0 -4
BITMAP
0080
0080
0080
0100
0100
0100
0600
0600
0800
0800
0800
1000
1000
1000
6000
6000
8000
8000
8000
ENDCHAR
STARTCHAR 2572
ENCODING 9586
SWIDTH 613 0
DWIDTH 9 0
BBX 9 19 0 -4
BITMAP
8000
8000
8000
6000
6000
6000
1000
1000
0800
0800
0800
0600
0600
0600
0100
0100
0080
0080
0080
ENDCHAR
STARTCHAR 2573
ENCODING 9587
SWIDTH 613 0
DWIDTH 9 0
BBX 9 19 0 -4
BITMAP
8080
8080
8080
6100
6100
6100
1600
1600
0800
0800
0800
1600
1600
1600
6100
6100
8080
8080
8080
ENDCHAR
STARTCHAR 2574
ENCODING 9588
SWIDTH 613 0
DWIDTH 9 0
BBX 5 1 0 4
BITMAP
F8
ENDCHAR
STARTCHAR 2575
ENCODING 9589
SWIDTH 613 0
DWIDTH 9 0
BBX 1 10 4 5
BITMAP
80
80
80
80
80
80
80
80
80
80
ENDCHAR
STARTCHAR 2576
ENCODING 9590
SWIDTH 613 0
DWIDTH 9 0
BBX 5 1 4 4
BITMAP
F8
ENDCHAR
STARTCHAR 2577
ENCODING 9591
SWIDTH 613 0
DWIDTH 9 0
BBX 1 9 4 -4
BITMAP
80
80
80
80
80
80
80
80
80
ENDCHAR
STARTCHAR 2578
ENCODING 9592
SWIDTH 613 0
DWIDTH 9 0
BBX 5 4 0 3
BITMAP
F8
F8
F8
F8
ENDCHAR
STARTCHAR 2579
ENCODING 9593
SWIDTH 613 0
DWIDTH 9 0
BBX 4 10 3 5
BITMAP
F0
F0
F0
F0
F0
F0
F0
F0
F0
F0
ENDCHAR
STARTCHAR 257A
ENCODING 9594
SWIDTH 613 0
DWIDTH 9 0
BBX 5 4 4 3
BITMAP
F8
F8
F8
F8
ENDCHAR
STARTCHAR 257B
ENCODING 9595
SWIDTH 613 0
DWIDTH 9 0
BBX 4 11 3 -4
BITMAP
F0
F0
F0
F0
F0
F0
F0
F0
F0
F0
F0
ENDCHAR
STARTCHAR 257C
ENCODING 9596
SWIDTH 613 0
DWIDTH 9 0
BBX 9 4 0 3
BITMAP
0780
0780
FF80
0780
ENDCHAR
STARTCHAR 257D
ENCODING 9597
SWIDTH 613 0
DWIDTH 9 0
BBX 4 19 3 -4
BITMAP
40
40
40
40
40
40
40
40
F0
F0
F0
F0
F0
F0
F0
F0
F0
F0
F0
ENDCHAR
STARTCHAR 257E
ENCODING 9598
SWIDTH 613 0
DWIDTH 9 0
BBX 9 4 0 3
BITMAP
F800
F800
FF80
F800
ENDCHAR
STARTCHAR 257F
ENCODING 9599
SWIDTH 613 0
DWIDTH 9 0
BBX 4 19 3 -4
BITMAP
F0
F0
F0
F0
F0
F0
F0
F0
F0
F0
F0
F0
40
40
40
40
40
40
40
ENDCHAR
STARTCHAR 2580
ENCODING 9600
SWIDTH 613 0
DWIDTH 9 0
BBX 9 10 0 5
BITMAP
FF80
FF80
FF80
FF80
FF80
FF80
FF80
FF80
FF80
FF80
ENDCHAR
STARTCHAR 2581
ENCODING 9601
SWIDTH 613 0
DWIDTH 9 0
BBX 9 3 0 -4
BITMAP
FF80
FF80
FF80
ENDCHAR
STARTCHAR 2582
ENCODING 9602
SWIDTH 613 0
DWIDTH 9 0
BBX 9 4 0 -4
BITMAP
FF80
FF80
FF80
FF80
ENDCHAR
STARTCHAR 2583
ENCODING 9603
SWIDTH 613 0
DWIDTH 9 0
BBX 9 7 0 -4
BITMAP
FF80
FF80
FF80
FF80
FF80
FF80
FF80
ENDCHAR
STARTCHAR 2584
ENCODING 9604
SWIDTH 613 0
DWIDTH 9 0
BBX 9 9 0 -4
BITMAP
FF80
FF80
FF80
FF80
FF80
FF80
FF80
FF80
FF80
ENDCHAR
STARTCHAR 2585
ENCODING 9605
SWIDTH 613 0
DWIDTH 9 0
BBX 9 12 0 -4
BITMAP
FF80
FF80
FF80
FF80
FF80
FF80
FF80
FF80
FF80
FF80
FF80
FF80
ENDCHAR
STARTCHAR 2586
ENCODING 9606
SWIDTH 613 0
DWIDTH 9 0
BBX 9 15 0 -4
BITMAP
FF80
FF80
FF80
FF80
FF80
FF80
FF80
FF80
FF80
FF80
FF80
FF80
FF80
FF80
FF80
ENDCHAR
STARTCHAR 2587
ENCODING 9607
SWIDTH 613 0
DWIDTH 9 0
BBX 9 16 0 -4
BITMAP
FF80
FF80
FF80
FF80
FF80
FF80
FF80
FF80
FF80
FF80
FF80
FF80
FF80
FF80
FF80
FF80
ENDCHAR
STARTCHAR 2588
ENCODING 9608
SWIDTH 613 0
DWIDTH 9 0
BBX 9 19 0 -4
BITMAP
FF80
FF80
FF80
FF80
FF80
FF80
FF80
FF80
FF80
FF80
FF80
FF80
FF80
FF80
FF80
FF80
FF80
FF80
FF80
ENDCHAR
STARTCHAR 2589
ENCODING 9609
SWIDTH 613 0
DWIDTH 9 0
BBX 8 19 0 -4
BITMAP
FF
FF
FF
FF
FF
FF
FF
FF
FF
FF
FF
FF
FF
FF
FF
FF
FF
FF
FF
ENDCHAR
STARTCHAR 258A
ENCODING 9610
SWIDTH 613 0
DWIDTH 9 0
BBX 8 19 0 -4
BITMAP
FF
FF
FF
FF
FF
FF
FF
FF
FF
FF
FF
FF
FF
FF
FF
FF
FF
FF
FF
ENDCHAR
STARTCHAR 258B
ENCODING 9611
SWIDTH 613 0
DWIDTH 9 0
BBX 7 19 0 -4
BITMAP
FE
FE
FE
FE
FE
FE
FE
FE
FE
FE
FE
FE
FE
FE
FE
FE
FE
FE
FE
ENDCHAR
STARTCHAR 258C
ENCODING 9612
SWIDTH 613 0
DWIDTH 9 0
BBX 5 19 0 -4
BITMAP
F8
F8
F8
F8
F8
F8
F8
F8
F8
F8
F8
F8
F8
F8
F8
F8
F8
F8
F8
ENDCHAR
STARTCHAR 258D
ENCODING 9613
SWIDTH 613 0
DWIDTH 9 0
BBX 4 19 0 -4
BITMAP
F0
F0
F0
F0
F0
F0
F0
F0
F0
F0
F0
F0
F0
F0
F0
F0
F0
F0
F0
ENDCHAR
STARTCHAR 258E
ENCODING 9614
SWIDTH 613 0
DWIDTH 9 0
BBX 3 19 0 -4
BITMAP
E0
E0
E0
E0
E0
E0
E0
E0
E0
E0
E0
E0
E0
E0
E0
E0
E0
E0
E0
ENDCHAR
STARTCHAR 258F
ENCODING 9615
SWIDTH 613 0
DWIDTH 9 0
BBX 1 19 0 -4
BITMAP
80
80
80
80
80
80
80
80
80
80
80
80
80
80
80
80
80
80
80
ENDCHAR
STARTCHAR 2590
ENCODING 9616
SWIDTH 613 0
DWIDTH 9 0
BBX 5 19 4 -4
BITMAP
F8
F8
F8
F8
F8
F8
F8
F8
F8
F8
F8
F8
F8
F8
F8
F8
F8
F8
F8
ENDCHAR
STARTCHAR 2591
ENCODING 9617
SWIDTH 613 0
DWIDTH 9 0
BBX 9 19 0 -4
BITMAP
6100
6100
9600
0880
6600
6600
0880
9600
0900
0900
9000
0680
6800
6800
8100
6880
9600
9600
0880
ENDCHAR
STARTCHAR 2592
ENCODING 9618
SWIDTH 613 0
DWIDTH 9 0
BBX 9 19 0 -4
BITMAP
9700
9700
EF80
9900
7780
7780
9E80
E900
9F80
9F80
6980
F680
9F00
9F00
EE80
9900
6F80
6F80
F680
ENDCHAR
STARTCHAR 2593
ENCODING 9619
SWIDTH 613 0
DWIDTH 9 0
BBX 9 19 0 -4
BITMAP
FF80
FF80
9F80
FF00
F780
F780
FF80
EE80
FF80
FF80
7F80
FE80
EF80
EF80
FF80
F980
9F80
9F80
FF00
ENDCHAR
STARTCHAR 2594
ENCODING 9620
SWIDTH 613 0
DWIDTH 9 0
BBX 9 3 0 12
BITMAP
FF80
FF80
FF80
ENDCHAR
STARTCHAR 2595
ENCODING 9621
SWIDTH 613 0
DWIDTH 9 0
BBX 1 19 8 -4
BITMAP
80
80
80
80
80
80
80
80
80
80
80
80
80
80
80
80
80
80
80
ENDCHAR
STARTCHAR 2596
ENCODING 9622
SWIDTH 613 0
DWIDTH 9 0
BBX 5 9 0 -4
BITMAP
F8
F8
F8
F8
F8
F8
F8
F8
F8
ENDCHAR
STARTCHAR 2597
ENCODING 9623
SWIDTH 613 0
DWIDTH 9 0
BBX 5 9 4 -4
BITMAP
F8
F8
F8
F8
F8
F8
F8
F8
F8
ENDCHAR
STARTCHAR 2598
ENCODING 9624
SWIDTH 613 0
DWIDTH 9 0
BBX 5 10 0 5
BITMAP
F8
F8
F8
F8
F8
F8
F8
F8
F8
F8
ENDCHAR
STARTCHAR 2599
ENCODING 9625
SWIDTH 613 0
DWIDTH 9 0
BBX 9 19 0 -4
BITMAP
F800
F800
F800
F800
F800
F800
F800
F800
F800
F800
FF80
FF80
FF80
FF80
FF80
FF80
FF80
FF80
FF80
ENDCHAR
STARTCHAR 259A
ENCODING 9626
SWIDTH 613 0
DWIDTH 9 0
BBX 9 19 0 -4
BITMAP
F800
F800
F800
F800
F800
F800
F800
F800
F800
F800
0F80
0F80
0F80
0F80
0F80
0F80
0F80
0F80
0F80
ENDCHAR
STARTCHAR 259B
ENCODING 9627
SWIDTH 613 0
DWIDTH 9 0
BBX 9 19 0 -4
BITMAP
FF80
FF80
FF80
FF80
FF80
FF80
FF80
FF80
FF80
FF80
F800
F800
F800
F800
F800
F800
F800
F800
F800
ENDCHAR
STARTCHAR 259C
ENCODING 9628
SWIDTH 613 0
DWIDTH 9 0
BBX 9 19 0 -4
BITMAP
FF80
FF80
FF80
FF80
FF80
FF80
FF80
FF80
FF80
FF80
0F80
0F80
0F80
0F80
0F80
0F80
0F80
0F80
0F80
ENDCHAR
STARTCHAR 259D
ENCODING 9629
SWIDTH 613 0
DWIDTH 9 0
BBX 5 10 4 5
BITMAP
F8
F8
F8
F8
F8
F8
F8
F8
F8
F8
ENDCHAR
STARTCHAR 259E
ENCODING 9630
SWIDTH 613 0
DWIDTH 9 0
BBX 9 19 0 -4
BITMAP
0F80
0F80
0F80
0F80
0F80
0F80
0F80
0F80
0F80
0F80
F800
F800
F800
F800
F800
F800
F800
F800
F800
ENDCHAR
STARTCHAR 259F
ENCODING 9631
SWIDTH 613 0
DWIDTH 9 0
BBX 9 19 0 -4
BITMAP
0F80
0F80
0F80
0F80
0F80
0F80
0F80
0F80
0F80
0F80
FF80
FF80
FF80
FF80
FF80
FF80
FF80
FF80
FF80
ENDCHAR
STARTCHAR 25A0
ENCODING 9632
SWIDTH 613 0
DWIDTH 9 0
BBX 9 9 0 0
BITMAP
FF80
FF80
FF80
FF80
FF80
FF80
FF80
FF80
FF80
ENDCHAR
STARTCHAR 25A1
ENCODING 9633
SWIDTH 613 0
DWIDTH 9 0
BBX 9 9 0 0
BITMAP
FF80
8080
8080
8080
8080
8080
8080
8080
FF80
ENDCHAR
STARTCHAR 25AA
ENCODING 9642
SWIDTH 613 0
DWIDTH 9 0
BBX 7 7 1 1
BITMAP
FE
FE
FE
FE
FE
FE
FE
ENDCHAR
STARTCHAR 25AB
ENCODING 9643
SWIDTH 613 0
DWIDTH 9 0
BBX 7 7 1 1
BITMAP
FE
C2
C2
C2
C2
FE
FE
ENDCHAR
STARTCHAR 25B2
ENCODING 9650
SWIDTH 613 0
DWIDTH 9 0
BBX 9 8 0 1
BITMAP
0800
1E00
1E00
1E00
7F00
7F00
FF80
FF80
ENDCHAR
STARTCHAR 25B3
ENCODING 9651
SWIDTH 613 0
DWIDTH 9 0
BBX 9 8 0 1
BITMAP
0800
1600
1600
1600
6100
6100
FF80
FF80
ENDCHAR
STARTCHAR 25B7
ENCODING 9655
SWIDTH 613 0
DWIDTH 9 0
BBX 8 9 0 0
BITMAP
80
F0
8E
8E
81
8E
F0
F0
80
ENDCHAR
STARTCHAR 25BA
ENCODING 9658
SWIDTH 613 0
DWIDTH 9 0
BBX 8 9 0 0
BITMAP
80
F0
FE
FE
FF
FE
F0
F0
80
ENDCHAR
STARTCHAR 25BC
ENCODING 9660
SWIDTH 613 0
DWIDTH 9 0
BBX 9 8 0 1
BITMAP
FF80
7F00
7F00
7F00
1E00
1E00
0800
0800
ENDCHAR
STARTCHAR 25BD
ENCODING 9661
SWIDTH 613 0
DWIDTH 9 0
BBX 9 8 0 1
BITMAP
FF80
6100
6100
6100
1600
1600
0800
0800
ENDCHAR
STARTCHAR 25C1
ENCODING 9665
SWIDTH 613 0
DWIDTH 9 0
BBX 8 9 1 0
BITMAP
01
0F
31
31
C1
31
0F
0F
01
ENDCHAR
STARTCHAR 25C4
ENCODING 9668
SWIDTH 613 0
DWIDTH 9 0
BBX 8 9 1 0
BITMAP
01
0F
3F
3F
FF
3F
0F
0F
01
ENDCHAR
STARTCHAR 25CA
ENCODING 9674
SWIDTH 613 0
DWIDTH 9 0
BBX 7 13 1 -1
BITMAP
10
10
10
2C
2C
C2
C2
C2
2C
2C
2C
10
10
ENDCHAR
STARTCHAR 25CC
ENCODING 9676
SWIDTH 613 0
DWIDTH 9 0
BBX 7 8 1 0
BITMAP
3C
00
00
C2
C2
00
00
3C
ENDCHAR
STARTCHAR 2605
ENCODING 9733
SWIDTH 613 0
DWIDTH 9 0
BBX 9 11 0 0
BITMAP
0800
0800
0800
FF80
7F00
7F00
1E00
1E00
7700
7700
6100
ENDCHAR
STARTCHAR 2606
ENCODING 9734
SWIDTH 613 0
DWIDTH 9 0
BBX 9 11 0 0
BITMAP
0800
0800
0800
FF80
6100
6100
1600
1E00
7700
7700
6100
ENDCHAR
STARTCHAR 2660
ENCODING 9824
SWIDTH 613 0
DWIDTH 9 0
BBX 9 11 0 0
BITMAP
0800
0800
1E00
7F00
FF80
FF80
FF80
7F00
0800
0800
1E00
ENDCHAR
STARTCHAR 2663
ENCODING 9827
SWIDTH 613 0
DWIDTH 9 0
BBX 9 11 0 0
BITMAP
0800
0800
1E00
1E00
6900
6900
FF80
FF80
6900
6900
0800
ENDCHAR
STARTCHAR 2665
ENCODING 9829
SWIDTH 613 0
DWIDTH 9 0
BBX 9 9 0 0
BITMAP
7700
FF80
FF80
FF80
FF80
7F00
1E00
1E00
0800
ENDCHAR
STARTCHAR 2666
ENCODING 9830
SWIDTH 613 0
DWIDTH 9 0
BBX 9 11 0 0
BITMAP
0800
0800
1E00
7F00
FF80
FF80
FF80
7F00
1E00
1E00
0800
ENDCHAR
STARTCHAR 2669
ENCODING 9833
SWIDTH 613 0
DWIDTH 9 0
BBX 6 12 1 -1
BITMAP
0C
0C
0C
0C
0C
0C
0C
3C
FC
FC
FC
30
ENDCHAR
STARTCHAR 266A
ENCODING 9834
SWIDTH 613 0
DWIDTH 9 0
BBX 8 12 1 -1
BITMAP
0C
0C
0E
0D
0D
0D
0C
3C
FC
FC
FC
30
ENDCHAR
STARTCHAR 266B
ENCODING 9835
SWIDTH 613 0
DWIDTH 9 0
BBX 9 15 0 -3
BITMAP
0080
0780
0780
1880
1080
1080
1080
1180
1780
7780
7780
F100
F000
6000
6000
ENDCHAR
STARTCHAR 266C
ENCODING 9836
SWIDTH 613 0
DWIDTH 9 0
BBX 9 15 0 -3
BITMAP
0080
0780
0780
1880
1780
1880
1880
1180
1780
7780
7780
F100
F000
6000
6000
ENDCHAR
STARTCHAR 2726
ENCODING 10022
SWIDTH 613 0
DWIDTH 9 0
BBX 9 9 0 0
BITMAP
0800
0800
1E00
1E00
FF80
1E00
0800
0800
0800
ENDCHAR
STARTCHAR 2727
ENCODING 10023
SWIDTH 613 0
DWIDTH 9 0
BBX 9 9 0 0
BITMAP
0800
0800
1600
1600
E180
1600
0800
0800
0800
ENDCHAR
STARTCHAR 276C
ENCODING 10092
SWIDTH 613 0
DWIDTH 9 0
BBX 4 13 3 -1
BITMAP
30
30
30
40
40
80
80
80
40
40
40
30
30
ENDCHAR
STARTCHAR 276D
ENCODING 10093
SWIDTH 613 0
DWIDTH 9 0
BBX 4 13 3 -1
BITMAP
80
80
80
40
40
30
30
30
40
40
40
80
80
ENDCHAR
STARTCHAR 276E
ENCODING 10094
SWIDTH 613 0
DWIDTH 9 0
BBX 5 13 3 -1
BITMAP
38
38
38
70
70
C0
C0
C0
70
70
70
38
38
ENDCHAR
STARTCHAR 276F
ENCODING 10095
SWIDTH 613 0
DWIDTH 9 0
BBX 6 13 1 -1
BITMAP
E0
E0
E0
30
30
1C
1C
1C
30
30
30
E0
E0
ENDCHAR
STARTCHAR 2770
ENCODING 10096
SWIDTH 613 0
DWIDTH 9 0
BBX 7 13 1 -1
BITMAP
1E
1E
1E
3C
3C
F0
F0
F0
3C
3C
3C
1E
1E
ENDCHAR
STARTCHAR 2771
ENCODING 10097
SWIDTH 613 0
DWIDTH 9 0
BBX 7 13 1 -1
BITMAP
F0
F0
F0
3C
3C
1E
1E
1E
3C
3C
3C
F0
F0
ENDCHAR
STARTCHAR 27E8
ENCODING 10216
SWIDTH 613 0
DWIDTH 9 0
BBX 7 12 1 -1
BITMAP
02
02
0C
10
20
20
C0
20
10
10
0C
02
ENDCHAR
STARTCHAR 27E9
ENCODING 10217
SWIDTH 613 0
DWIDTH 9 0
BBX 7 12 1 -1
BITMAP
C0
C0
20
10
0C
0C
02
0C
10
10
20
C0
ENDCHAR
STARTCHAR 2E17
ENCODING 11799
SWIDTH 613 0
DWIDTH 9 0
BBX 7 7 1 1
BITMAP
02
3C
3C
C2
3C
C0
C0
ENDCHAR
STARTCHAR A78B
ENCODING 42891
SWIDTH 613 0
DWIDTH 9 0
BBX 1 4 4 7
BITMAP
80
80
80
80
ENDCHAR
STARTCHAR A78C
ENCODING 42892
SWIDTH 613 0
DWIDTH 9 0
BBX 1 4 4 7
BITMAP
80
80
80
80
ENDCHAR
ENDFONT
